delta_h_m,sensor_confidence,geometry_variance
-0.262944893665969,0.9907972967047567,0.0619283513991942
-0.10569617991004253,0.948128983116383,0.03037622014989906
0.1597016336727528,0.9065047553796086,0.049721110077045674
-0.24373834203672723,0.943855167089213,0.04407034356602033
-0.17997171723490213,0.9248319421005671,0.0633997969748317
-0.353676686128924,0.9821424174158262,0.05966008435129284
-0.2428467474692445,0.9818130110579029,0.04375311095195684
0.08596336533643986,0.9654640518726463,0.031070360690765787
-0.0010349204176347928,0.998293266376234,0.030916061789882605
-0.14755857753452495,0.8796229553618711,0.03805687171603169
0.18057356433312033,0.9245014086244331,0.08296932224332544
-0.015324873793532735,0.9444540421746718,0.05486607232855911
-0.14332460984109957,0.9220855152319924,0.061778190786556685
-0.1265162446048513,0.9394017779500446,0.06081931127649153
-0.1372019907316286,0.9280623090165441,0.04631399020598814
-0.09884168392011684,0.9604524325576587,0.02206112019588016
0.2964561450650092,0.9440330860146035,0.028212145697261454
0.5054478844617211,0.9761207108079925,0.021416624760356353
0.29643728740327163,0.9908147997625847,0.04952343934271259
-0.08942305206737552,0.9215234519674586,0.05835843120230713
4.036046472932139,0.7763395816632228,1.0276745800709457
0.31649991243147624,0.9681805661386506,0.0317846057679879
-0.14109553016887988,0.9929424251804194,0.04147922329606378
0.14004910590864117,0.9306080328157736,0.04111555114760935
-0.39779235535777496,0.9525866068127543,0.03056862713324742
0.038385739833843024,0.9363118376842431,0.09556450368360818
0.2321278911192537,0.9221921304861288,0.051615152410932084
-0.05974725386365176,0.9554379925026315,0.059752775055634026
0.1609006405283943,0.9565042158064854,0.04946957973847464
0.09393708107565041,0.9312153168678298,0.049780407970024906
-0.26261908531640277,0.9694434894960249,0.04051268922442895
-0.06279692492012647,0.9607874019203969,0.06520427516654696
0.20111220733838542,0.9921586205238236,0.044783680335559434
-0.2103426171064054,0.9255645516608736,0.00787217656259781
-0.08129870815394585,0.9154101219121122,0.04551996665752836
-0.03609451694528255,0.9701420226785807,0.06755511864687595
-0.13546581931923743,0.9258908111319556,0.016717710065850336
0.15558457409540066,0.9315398822930291,0.03867100110546983
0.21995718910413325,0.9263823451213994,0.06489440498290777
-0.1261064507902198,0.9596354217202792,0.06725301281845097
0.19551272308493917,0.9377671437097629,-0.004867702962970073
-0.02983453804004381,1.0,0.05271503230786064
0.21984264466114456,0.9368834481459859,0.0805122698236547
0.07997856284214477,0.97084632863582,0.07002329871637565
0.06280537404439866,0.9586158682000055,0.029739281632722322
0.12071737923768966,0.9511472467775484,0.04178637496957463
0.012434326252687186,0.9081964051146374,0.029300445439258704
0.3664039701089087,0.9662627812993021,0.07544814628587518
0.11994047308009136,0.9627623360396085,0.06574179213548603
-0.12282701022016007,0.9213215249564837,0.0672612821390273
-0.11658928654285122,0.9097406656758638,0.026825830843647737
-0.03894808616508256,0.968391036975399,0.04927347953438502
-5.344350184893054,0.4769772211958885,1.0177592803362954
0.367337000744562,0.9234929191507548,0.035209601887088285
-0.16514595183455927,1.0,0.048307942553495256
0.025084610387874007,0.8955044281912136,0.033359421989649
0.04731454598539988,0.9427613855275996,0.06443252920188962
-0.0013940165926277376,0.8823129528276445,0.04786016554687906
0.2368759350999842,0.9116402557760642,0.025070268961895112
-0.295215539300345,0.989059827384657,0.039010153546356514
-0.19929078642118603,0.9203612906686047,0.034850260214532504
-0.017095583378004413,0.9025386547483755,0.05244730483773569
0.3666448904223297,0.9636507048639289,0.05597703032394499
0.00695125530071995,0.9551712673272815,0.057922025534457064
0.18637372683915657,0.9762170517230351,0.07398426051877915
-0.06711953283742621,0.9412085229848548,0.06464283116573714
0.18774064676926863,0.9071965995467204,0.04897278619027907
-0.44760098990786323,0.981379099684652,0.035693685406509405
0.015206628534134632,0.898230747844724,0.05765404339984152
-14.746791020127652,0.5389365662453034,1.1768545076196228
0.07396782568785033,0.9494235509252468,0.0151600439256755
-0.24954795529317916,0.9544768228468642,0.06151056970863028
-0.0970411436730921,0.9648470057852844,0.004315454380291642
-0.04283767919691187,0.9672790860284652,0.09853891254040792
-0.06710105138539697,1.0,0.034195683007117623
0.061366297836649625,0.9459951648658439,0.03463151861667168
0.19586656514354364,0.9448042212835771,0.048079889554434714
0.3461013009015353,0.9922432977149983,0.04437833088099403
-0.03876762717967795,0.9276713545368392,0.03607050449751307
0.15624258422982934,0.9448915476980769,0.05229824658717939
0.15799992406285113,0.9391711776489751,0.016119634042731257
-0.030337946147193092,0.9520273648162365,0.02970016850053356
0.13232670966687543,0.9209203537263738,0.010186256825317708
0.01788486481882945,0.9487629181688993,0.013024856732083034
0.20109764312107392,0.8895951536296469,0.052490061211395905
-0.12661978395531734,0.9181968511338567,0.036613073476862726
0.06121065387594398,0.9479816951768935,0.010855077309896988
-0.06581802848991986,0.9494404738868558,0.05830254429759828
-0.41369972838093627,0.9777447507185674,0.028833619649250405
0.06288681604740447,0.9284405655266923,0.028724699293776544
0.20417806141712594,0.893319308289193,0.07584461623680339
0.0021384494783253873,0.9401492876202642,-0.0006005100920976197
0.12782891993576131,0.9742050018855191,0.08084201742737718
-11.391751094823583,0.7865141913384119,1.4836014742854937
-0.06070386530112257,0.9364088791192502,0.04759042693152117
0.05799742723001792,0.9645452156702614,0.06227077889545028
0.012208586577396034,0.951542216372641,0.034919583428155786
0.2682483440661671,0.9499410541387691,0.04259569899241061
-0.12337578500558125,0.9616098754748892,0.05917345368678599
-0.07300019548366052,0.9352778803768623,0.04200145139483871
-0.15991388237829285,0.9580554472645214,0.010296400601795014
0.003973536624762873,0.976397622544876,0.0537952613713407
0.12397806613177804,0.9129873097897552,0.05772362590048015
-11.701178988870085,0.7663049696476494,1.4405396959947716
-0.05923003548734057,0.9484482432452073,0.031513071287701144
0.09849305332350383,0.9820492998874633,0.06003646813211365
0.1387497441500784,0.938100869425247,0.03778727694973952
0.044975886991564074,0.9297396667370817,0.0628246812578037
-0.38649544463950414,1.0,0.056340475001738284
0.29814390392776263,0.9267353351816122,0.0720998688092454
-0.13106635052619137,0.956426981061871,0.08862004884763944
-0.4765175204934995,0.9656695259661926,0.0563461649009528
0.20483961768865738,0.8901736209198796,0.10521224981617522
-0.12769215145713794,0.9758673161705441,0.03563993108166567
0.08464003465162649,0.9282358736685996,-0.0009374145943902776
-0.20754596933741634,0.9339726449450713,0.058557646014822204
-0.07789910262343269,0.9195981913378448,0.05835514956368313
0.04636265744122813,0.9154380849769577,0.03722463901909906
-0.18073355094127594,0.9856707436840123,0.04055024301435249
-0.1992622586646008,0.9685935562697418,0.054166341450002736
0.1676417093045555,0.9508983525822655,0.04733621968535964
-0.10211072849505454,0.9262960683840918,0.031362606874077756
-0.012680788251314273,0.9864526671506486,0.051548000996550034
-13.746369742924653,0.4565177661697361,0.5343710786460844
-0.14988480509972552,0.959320613765254,0.0522818504547934
-0.16937804259706704,1.0,0.06786386189499581
-11.629130157103909,0.561043779386422,0.7404010129190165
0.6335221496773293,0.9200313919613311,0.05860254047887692
-0.2009832800150401,0.949138203232232,0.054348032123864104
0.062191516225808666,0.9594083378962445,0.07700117116448071
0.07923024071214074,0.9426384497931862,0.06544168996680984
0.027849067026768766,0.9758818958857528,0.06551880955344119
-0.14959024976812413,1.0,0.05449960393736068
0.008123274271711478,0.9070689953756973,0.02918963328156721
-0.20003504442429043,0.9708229947196374,0.030120104744041584
0.12894815626437534,1.0,0.03731328865193134
-0.12690783717576812,0.9530198166013022,0.06597217961149995
0.2301842920404995,0.9361848169100855,0.036764455359268734
-0.036771101711168035,0.9862232601706333,0.038178299107091654
0.05788140892499699,0.9704428034435529,0.057682112892285545
0.27277509707394837,0.9674862981785732,0.010403622290825358
0.031111442058628216,0.988309615470742,0.060090787893877125
-0.10188642790028767,0.9294042884747487,0.02832209667260584
-0.16589426398384902,0.9286039298473879,0.08488509485203735
-0.307713802252344,0.9172425159584593,0.05206434627684904
-0.19503614302515163,0.9769888871577277,0.026301129876108515
0.09453032607583187,0.9216434869512764,0.07498496358693219
0.2325975665343799,0.9402422950597763,0.023933089262006605
0.11520415615113029,0.9311580168073934,0.023421116801131226
0.27996100329991064,0.932833610890019,0.062152708155339007
0.0517329497629995,0.9178665232158766,0.08305149368102575
-0.010965947254598376,0.9671908378504347,0.027246472566208647
-0.22946018600554896,0.9532303308901396,0.05981211656137686
0.09847379380959762,0.909843948985912,0.03400631819898485
0.34527052189535623,0.9132443300973887,0.061933248750833114
0.20149294632286374,0.9731335491336354,0.05097194687689064
0.1643679970377642,0.8983679528484997,0.04410552192604424
0.23144806252228733,0.9633547729301482,0.05819097375996145
-0.015501021315433516,0.9559118722248924,0.02753602830578857
8.33097770417836,0.4145838421154187,0.7073171603581809
-7.928678815319502,0.6629664034349518,0.6294059854989497
0.19090848384078365,0.9588943218928575,0.08368877199326857
0.0734542374815516,0.9491697794363138,0.03521726491914253
-0.009813914070220205,0.9989222913663472,0.06694738323720734
-0.05714400033688183,0.9968457363792201,0.05060913166888402
0.24987153139669815,0.9690414481294141,0.03589945185802028
-0.05559607799638419,0.91416525051682,0.061580580117745476
-0.058105630681024735,0.9422041302949506,0.0413164706058714
0.2801522052526521,0.9574886880062444,0.052554424130166075
-0.0013779374658630787,0.9468947778330851,0.0832378513097506
0.14963632346260344,1.0,-0.006862232463377041
0.05450542396815618,0.9578843447877644,0.03996077471761368
-0.3684297819211362,0.8985486186069687,0.05223811088217457
-0.004369174460180568,0.978559131308526,0.0610519856335082
0.09130913478508357,0.9132876786286895,0.048546028243396974
-0.0002784909798035635,0.9689064395407874,0.06972208320893525
0.03926312919400223,0.9753239372496387,0.044206374607172104
-0.2058649663742053,0.9479226099675366,0.03810608189498946
-0.03771666168671773,0.9458769796123442,0.10534240350533
-0.166023343535565,0.9069601152612278,0.057511110258653506
0.14219121692902653,0.9439617124365869,0.0503869145967504
-0.2863578786943574,0.9926960760420175,0.08117926869844318
0.0772020003567122,0.9517633759897592,0.0626154129237062
0.08643623844375878,0.9634955413741993,0.055633325568735695
2.291158843595123,0.5512025885065261,1.3872548470463348
0.07315102826905771,0.9401980288965208,0.04991721703092265
0.08047619603175876,0.9887457816298787,0.05773225631018589
0.26157868538195783,0.8964866678521249,0.06314387804573186
-0.049092609947550145,0.8982132553468066,0.045194253232529805
0.04775493539144911,0.9608210558447182,0.004400880649712079
-0.15499364287567635,0.972873432338895,0.0513683201116306
0.22581273569784668,0.9562956973719718,0.06585358838440503
-0.06564419885082479,0.9620663865718722,0.03630136091278212
0.33839453899578636,0.9538956889026424,0.08874074444555491
0.07266134594975708,0.9457789777572393,0.058305065436409856
-0.14731862497973833,0.9484817838683408,0.06184086869199913
-0.09791015587039416,0.8963478230618858,0.011397823146514337
-0.1596087164777046,0.8999001049059334,0.05935779576345582
4.97613399706271,0.4955677989501408,1.1277938368614366
-0.13486629594933366,0.9260360400915509,0.046789301181703304
-0.1837383219152593,0.9767468881846375,0.07857865766211575
-0.12217859570180314,0.9883648436063011,0.0473047376658534
-0.3310472944797883,0.9373677658682854,0.060441898796935185
0.21237815133459167,1.0,-0.0029018292772616597
-0.04729248560383659,0.9012985185072357,0.043153239126104165
-0.02652553371540834,0.977454441145698,0.05370663125801121
0.04512964108157144,0.9665306238231818,0.0960858747928892
0.21025896775693856,0.9742478167521988,0.041231027179117134
0.18181241698765035,0.9540803998283145,0.03738326267194465
0.11572390575855661,0.9581280875440344,0.06859328958896582
-12.176479062292255,0.7793928416284035,1.4853915821854307
0.10568791545584688,0.9005885292778998,0.08456349060879825
0.12493644157179969,0.9281101350926949,0.03108799723146904
-0.03888855731513154,0.926124152650905,-0.0070586842527758445
-0.07216811293140087,0.9789684931176086,0.04270743804702438
-11.932412792100266,0.5988449530836356,0.9361360309822011
-0.04205054568158038,0.8911027315393635,0.06391262576793699
-0.024587221260248673,0.9398788705193974,0.04794179158555947
0.057880870763298745,0.9516327451737456,0.0478074632078862
0.1967783590421257,0.9553785157395285,0.0702712024849206
0.180741645272657,0.9523782519169778,0.06843016693661824
-0.003578500790475474,0.9772432532770066,0.05480463350512981
10.21059364348055,0.6698234892184947,1.1542080861995618
-0.032399241566852637,0.9316717078637231,0.04538403607754415
-0.25448610616876505,0.934724858691819,0.07154995063584062
-0.08319313405308748,0.9923833746901638,0.06336527591198496
0.3054819542029567,0.9378349107233253,0.011638639236605575
0.1767596483771051,0.9558146351383255,0.07079230691236697
0.32329502879275435,1.0,0.060670914553482946
0.09922912167762815,0.994794284084287,0.03295233579175063
0.24789811799171943,0.8920410790844864,0.04476576970107542
3.033512422579115,0.5913421129040058,1.1751560692991359
0.20054045235240175,0.9608667965825118,0.04743772416659237
-0.2101111279738627,0.9749356916712038,0.06007387154526447
0.15627422484018536,0.9637617566126835,0.04318007687620056
0.10945172653206206,0.9639169648747137,0.07130066079680064
0.540677243256729,0.9662602380333211,0.055387668213060876
-14.513877280276068,0.6267846381219093,1.2741493982411511
-0.014820215076590194,0.9715093164230423,0.0750032770430807
-0.2524530572128378,0.9902442081468918,0.032758746162409265
0.17668421566723647,0.953412329897503,0.03847307261261261
-0.12152661038431044,0.945750467719844,0.03784362282260397
-0.10241754160277904,0.8791269764862627,0.06912831964176192
0.14097939838682036,1.0,0.07517057082610282
-0.26346308492059534,0.9179267179923841,0.08592844579776746
0.19687305627293272,0.9741073115052816,0.031122622277937825
-0.06734201005028888,0.9369998791755325,0.04263193361744607
0.13055139227985196,0.9512497637769314,0.03304752086900238
0.19806457055983395,0.9821879884078503,0.0658376816847256
0.32558146618912925,0.9522196995860459,0.030225688699845824
0.18239975630940064,0.968946247838365,0.049578244783913226
0.22380633140003808,0.8996330514897487,0.06653523477412175
-0.24988335932973038,0.9974089017650659,0.025457910594941652
-0.10836165788244481,0.9647577144607603,0.07509817448812603
0.003411557783280099,0.9234317942656891,0.07179663178268164
-0.371891894618314,0.9588567624605847,0.03352162281148885
-0.06617095829311063,0.9497350045162257,0.017283184921098843
-0.18930428539733934,0.9650200677057849,0.04362940435000836
-0.12625898520239773,1.0,0.07730836570072556
-0.2151930874156055,1.0,0.07822364500575224
-0.11723262936415008,0.9152429173594202,0.07010918517426354
-0.034149067294781815,0.958307135231175,0.028149612712468675
0.10267321539597757,0.9537802261866218,0.0922793486631818
0.03259210220958941,0.907046812260967,0.049030765332487986
0.06038129705675971,0.9415169917723993,0.04932639620817069
-0.09298881387085844,0.9274030547359794,0.028793112669880452
0.1884903744047838,0.9157063264936844,0.022195470502177066
-0.15873859405876387,0.9885567823299727,0.059799840646859434
-0.05687894419856513,0.9753601973812012,0.09410010742598449
-0.272132240461789,0.9525012626282319,0.04784826685051357
-0.26401795945658696,0.9972147260496302,0.019002114493742884
0.2475664126104892,0.93040051587003,0.051500210357316036
0.2360687942253461,0.8982608384322058,0.04815903163327486
-0.059246881699084986,0.9619320454310228,0.053658489035388404
-0.004275935023694485,0.9346214603335432,0.06523222963507898
-0.3709797198620822,0.9957885156429378,0.08230861100748516
-0.12975767564847882,0.9866173501664925,0.0659130665365531
-0.022421704747488357,0.9757741002321411,0.06387738248788324
0.01954242613057645,0.9561438682555284,0.0690362411017084
0.2049926502918904,0.9659384229159088,0.05149670858810784
0.13522051453578576,0.9601810481517853,0.0744396242315425
-0.15543146069507505,0.9958458424784496,0.07772343344755064
-0.13515197929146047,0.91891124462623,0.06811844786591537
0.13846977476052622,0.8787914980471816,0.04232477808797506
-0.05837122744311599,0.9579031367910287,0.032449732451155025
0.41177244809397706,0.9319395992868429,0.06860771644940673
0.1868925303970408,0.9813954319743697,0.01970767452369514
0.17226931601063888,0.9310913729773481,0.05039328371424397
0.12099369618552257,0.9549140392965547,0.052888952055667966
0.1469330201063335,0.9447904476246441,0.0805942033377067
-0.15765310700571164,0.9819540814886131,0.027088201561947946
-2.7266771792506916,0.5881658317885833,0.579981187757121
0.15857495129122007,0.9632385376202495,0.0618942840388904
-0.1536367303439451,0.9410984781922377,0.05555889049882127
-0.021183956505310315,0.9388948670231975,0.05667290624881115
-0.44470927757070067,0.9743384137518992,0.07644934021221954
-0.38341465697350824,0.9538833093560104,0.06687236337199887
-0.292098593411284,0.886871456634109,0.07296899191725512
0.17237589719583946,0.8940132798671439,0.05003379915676644
-0.0975706815561,0.9713019773210804,0.04178755028595356
-0.21825672826249642,0.9923497715495241,0.05476016038183355
-0.09476337168448715,0.942822846604522,0.019096812915033325
-0.12293201385814978,0.9562005611952605,0.025144451798856646
-0.0971733548696832,0.9913865571785658,0.05302703920159733
0.0687530072103991,0.9156400441972083,0.05091470311460592
0.2109887917386229,0.9489278261374768,0.05071392327437811
0.21035085436867154,0.9525649985655511,0.07604961172366796
-0.24297970682579584,0.9400561175105068,0.08086139171726434
-0.15214593056304299,0.9425154591017565,0.04429146894376732
0.3173950749343544,0.9648791794095312,0.046559923625236165
0.11764871184319908,0.9340278441839097,0.0586592266411739
0.23371943070635295,0.8874520282430385,0.00023923877169500923
-0.11410497689164943,0.9031451210526754,0.07570558717698163
0.2153515349371432,0.9217655514694949,0.06149817240863292
-0.15187478005567812,1.0,0.012566072699677307
0.140425625965108,0.9833541468295711,0.06225423862332501
-0.046489749642483015,0.9276206887607109,0.02047917821383613
-7.105253908222227,0.7912428534093159,0.7513395408072006
0.14313842171557314,0.900040773018017,0.047043744505752674
-0.25373647722000625,0.934617595696528,0.01947794606835466
0.04823690806468864,0.9349797442520735,0.014140990378324475
-0.10048148200582865,0.9245703809323755,0.03733080315807254
-0.11422539514688367,0.9723855455436003,0.08201540403956188
0.35210625710608257,0.9195631650128493,0.080619289274106
0.062236630809221254,0.9973579326014448,0.06548205056940945
0.4262230890924076,1.0,0.03266921525613904
0.018324240910428138,0.8828862580123077,0.023793481391740985
0.10148846981891634,0.9404238687693406,0.07496975817352076
-0.021267972620435893,0.9590545821006,0.07429776282057221
-0.3134052865414787,0.9539038899443033,0.052243547117080825
-0.06100644230734259,0.9598122445140786,0.06390666406948205
0.03651424158261309,0.9208256786363751,0.0655552727933558
-0.3552555961346627,0.9492852478135968,0.054583413707788714
0.04659686880576356,0.9215341648252261,0.04619723555007085
0.16285431444546708,0.8975033620840841,0.08002000550960073
-0.05462322497396735,0.9570585201926698,0.043607950943974044
0.22828870613240293,0.9271420927881787,0.029036096774902934
-0.105235138963488,0.9501367354102773,0.037116386590034335
-0.23036698735783212,0.9186051377331249,0.054617905076057266
0.010985356987260912,0.94029104524309,0.09847086712997098
-0.059541346612985824,0.9380817095411045,0.019315945402576175
-0.10870289528023763,0.901473476481735,0.06859409854942548
2.967863857054688,0.5432532465953038,1.1958434335470023
-0.010833176260332509,0.9299409257304916,0.05360248398673986
-0.07150714878847585,0.949381142287844,0.03338394396867095
0.024640590228666145,1.0,0.02301313705829308
-0.024116220381507847,0.9779767186354423,0.03263099595221371
0.4753179253846684,0.9696930190026201,0.03783925002374253
-0.08478755398552604,0.9286263300986833,0.06533941242939492
0.030802335551009453,0.9390522482205197,0.028743935815471962
0.518878393092446,0.9313980755697607,0.04292406348709845
-0.36504936173166486,1.0,0.044265903665266226
-0.3695057747433955,0.9168445056570236,0.04003423645346503
-0.001038709733339669,0.9573658119301706,0.029351389254577764
0.2629591891121527,0.9819776101737552,0.031663068419008636
0.124833223146599,0.9938550727129061,0.08515958890490072
-0.3914246899788533,0.9520980334575333,0.05652127279934325
-0.0036563469566137105,0.9670289339025444,0.01392443191726276
0.029350035412426208,0.8747092618480342,0.04048703168478724
0.35481378710340544,0.9864388944713842,0.02114325273319424
0.0504497612691818,0.9914299321240766,0.04618643633657648
-0.32125093740468946,0.9930184574794955,0.09609297223908553
0.20331125283765517,0.9536791494832111,0.016383390647529895
-0.1330114365643422,0.9876276470186395,0.06577864765917175
0.02221670191847028,0.9567393524501207,0.06595727186915501
-0.24767060551181072,0.9010544429037326,0.07503270547014762
-0.10393644406141907,0.9347770495064098,0.05818283785758641
0.08666113842633022,0.9295636780329326,0.02423188097347426
0.2633597133634857,0.9594631033722847,0.057657058408919236
0.0320614204597788,0.9499160849968543,0.06727535669221515
0.06939637732824061,0.9354687785022869,0.053619692753019976
0.3064899719575843,0.9489463676473452,0.02752979339695528
-0.20255891256448666,0.9876883591581638,0.029099072407888213
-3.2757180385818714,0.578241005381486,1.154835678125485
-0.050793965906205246,0.90992503473002,0.008206976965958693
-12.422942521236356,0.5691123129804436,1.2502971289213902
0.023340849284096035,0.8999133026753346,0.06664126004102572
0.14916809855462285,1.0,0.015265672268092882
-0.17273117109238065,0.909015815566206,0.04282816617381487
0.07460940582456137,0.9717115949149603,0.05493314140533181
0.022446306486086132,0.9360583793296827,0.07073590778083122
-0.2490405581586006,0.8892688480798223,0.06523362479437823
-0.01389933234734289,0.954021538901942,0.05212516206271211
-0.27794359550928877,0.967181142852534,0.037089191162520664
0.10682166759694152,0.9427460594428854,0.07616000356306801
-0.35326893350383576,0.9443772014965949,0.06655069032928838
-0.089476491531404,0.9619693282696895,0.04716779120109414
-0.07711706051986145,0.9345063090195961,0.029559207213387236
-0.07543326898616548,0.9584637993155881,0.07006170439629365
0.04657881808043433,0.9200807521636666,0.046928907296268516
-0.352278372023636,0.9380076696050714,0.07569288630431766
-0.13918611617312437,0.8944472607836098,0.06653093684314615
0.20173351857962996,0.9495689584321021,0.03121410523703445
0.03999738163547123,0.9469658308210263,0.07592723031549983
-0.08891414612407032,0.928932602650017,0.048308970223414543
-0.04495432701763734,0.912249500516978,0.06048294243863128
-0.009346966183962779,0.9516114722184684,0.013446877061283759
0.12472776279030871,0.9018525826449988,0.035959448620186685
-0.1388794087309524,0.954249455969794,0.053516873006864404
0.09352246336203965,0.924500254358059,0.08909745479880535
-0.06358056618646227,0.9645595949971972,0.000978970275626559
-0.08888643267130962,0.9059849401076084,0.05152686717525802
0.03655314225358832,0.9626860363405928,0.076823818391935
0.19245300340108604,0.9555667901973616,0.04738417519785585
2.2907670370555,0.770472672528722,0.8386301890293728
9.236200908641559,0.7222222626815675,0.8441341458031604
-0.07315801574934776,1.0,0.0764287465944626
0.14114131782216705,0.9981023820524202,0.05598614381396263
-0.1273643322862503,0.959457156557785,0.04426166297448241
-0.12132156982761769,0.927333011372965,0.034229679508422116
-0.12102816233923026,0.9457723309342907,0.05092705198293325
0.19320427538099652,0.9019170255657294,0.08821194213717928
0.017930299614624817,0.9605911100792559,0.03258959628252864
-0.630683028119191,0.9021587100192581,0.05987371105648104
0.19541942437859833,0.9282435475524234,0.06743035896960282
-0.13652388358680498,0.9261092592649112,0.10878446199616251
-0.17630538819561137,0.9782153330095468,0.05207101886931263
-0.014731257416079597,0.9396496352587382,0.04715510718176927
-0.17744780292549467,0.9303481216871076,0.0577519594184879
-0.009954838748017697,0.9457916440522914,0.04632205738450466
0.11291234807471795,0.9175437389141836,0.0604797565489837
-0.12965532642469577,0.9563515029135788,0.062271291343918976
0.27265826813563426,0.9438045507774953,0.040567704671662715
-0.03717593390669155,0.9945468400461416,0.03240653965088594
-0.31134057069310656,0.9499023639161496,0.06086244106879235
-0.10393155216561355,0.9516205577166577,0.041479174585559796
-0.1456727364303318,0.8989066596008968,0.06039759145682484
0.11083476431329903,0.9433124066806043,0.02868322275698278
0.14789554297528137,0.9598019014671926,0.07858960941156588
-0.13237659022812315,0.9391827464271826,0.02120853159934857
0.08162879151942248,0.911021773034811,0.03662852149995337
0.019245496245714463,0.9526994105139,0.045635595341755916
-0.019981132030157445,0.9539995058117903,0.05105871369542956
-0.11863155293868899,0.9599946452772354,0.04078615462624215
0.11309018059220029,0.9286590327180358,0.0348840322692775
0.12103835037097921,0.97305328850669,0.07714387561290983
0.019261560934750076,0.952893614574106,0.0629926889896161
0.03315168509171598,0.9662393258640742,0.031190571659080308
-0.29135786559945964,0.8434003176002163,0.021627224643652968
0.15161404311265214,0.9823378604798085,0.04544702984736441
0.017036394221524566,0.9656130042990765,0.06937490661148432
-0.06464878277053353,0.9167149204757983,0.03872229593893346
0.11088036625985737,0.9004568099087664,0.046331107451466534
-0.0677586474587563,0.9443035016871837,0.03880884940316583
0.010558688775046612,0.9151087704227215,0.0273464145584598
-0.12003698689787748,0.9771518438551487,0.07374403463771283
-0.20948066958127215,0.9364614377465901,0.07034642614128539
-0.11735249860831612,0.9647645069994255,0.05748298441951298
0.3804834355488576,0.9530847262185649,0.03535904960656158
-0.015290481381236207,0.9230077983908634,0.05792202630673989
0.0023143309497377132,1.0,0.0782698426726169
0.022539238077995752,0.9168549435276975,0.021397525178010007
-0.06295761777964944,0.9222227029624324,0.054873031931349445
-0.006009037941110336,0.9598512527666654,0.05140284493426221
4.276992681688498,0.40850281962074386,0.7935786902952703
-0.1702072326005707,0.9612677837962997,0.05561646181243359
-0.16621540183619243,0.9292578947296873,0.029777107960085362
-0.04422090164921468,1.0,0.021678617566281765
-0.23846507359045468,0.9607289224144852,0.05654225580911351
-0.022888237776495797,0.9453887115755072,0.03360473143825202
-0.32772846185011834,1.0,0.0719186109332931
-0.33645513822501505,0.925010204611762,0.05590727931043078
-5.86646156048725,0.4146631992829074,1.0704419377027916
-0.2924715225426004,0.9202689325677234,0.05834752819558525
0.05223696305556941,1.0,0.05572149990421362
0.38291252129334014,1.0,0.06231790985522543
0.09149313314380805,0.9685539406947231,0.03433487585164715
-0.07214883981706237,0.9224501244977725,0.0541281934736728
0.27848995923508446,0.9535139498690541,0.03539863326115072
-0.4507113345896421,0.931699373561026,0.06106766641051775
0.27724358409584965,0.9385624634054704,0.07075035448946057
0.1318253130341101,0.9395776864715528,0.09277179945067918
0.10919450748204527,1.0,0.05598159834764858
-6.699131773748627,0.7668185790101651,1.3963610957832144
-0.052868831885717574,0.9569551017818626,0.03516898141714449
-0.054086373777439356,0.9143203412950732,0.03546361866892783
-0.08010345928613483,0.9248266089239843,0.04885918250787647
0.03640364693211167,0.9026413297719198,0.09087109981634595
-0.3085710670582868,0.9154705250261742,0.03285569576912485
0.1530450758068927,0.9702430649736314,0.03396522652971823
0.07073774912303264,0.9692617841239843,0.04161798733102434
-0.2422414201860943,0.9513076491696274,0.04488907634211387
0.08647308267148347,0.9644564165069701,0.0509448105614918
0.042394764024891216,0.942828300310104,0.008111309244408942
0.18101375236964598,1.0,0.04960570899914515
0.15760304414913895,0.9000107811449471,0.05238334027368133
0.4487866730679284,0.9237457173041944,0.038615656677279196
2.4829806252218067,0.7689810413223304,1.4537647175795319
0.47205217738361177,0.8992320703363563,0.034971188021789584
-0.08807674458331366,1.0,0.076995240209591
0.04913924627770577,0.9194973736173339,0.020600818591888937
-0.5791626711340037,0.9754391078656326,0.06592534479447226
0.013824135881482933,0.9954706950166232,0.021675645673304215
0.08364294583908073,0.98330446202513,0.09873416812008949
-0.2731925492663464,0.9190481676780247,0.049488152074984665
0.25444663833101666,0.9512351249269567,0.04475149610395351
0.019277085568881098,0.985775781824119,0.05184284054810301
0.1498384923747187,0.975159369101045,0.0696139470754753
0.08717012250174344,0.8993819025426687,0.030831837944906938
0.14451948333236814,0.9399803885387468,0.03969852713984916
-0.35643295095427946,0.9486119364005892,0.060033176729459875
-11.504302208542422,0.50059360692199,0.9111828991418478
-0.05629909497807989,0.9747306006133959,0.04710784714014695
0.011502393712859821,0.985302027919223,0.03157114684925798
-0.17420786627308718,0.9587114779226772,0.03570072716797364
0.09198892663266563,0.9728382357663498,0.03217023787282547
0.1967970470209314,0.878223753352407,-0.000487502228029367
-0.0547531038079036,0.9240779409052304,0.0674562306330708
-0.022509388130855092,0.938087679181503,0.07352978061899425
0.14789524602920545,0.963669426548074,0.025139101467912584
0.5048880700787743,0.923041315712359,0.06045472517231022
0.1421160898648839,0.955185098688939,0.05015785193638314
-0.04263885044989676,0.9722474131776051,0.028429433614786705
0.298581781785,0.9675534361037403,0.05155284520691806
-0.5709447224933762,0.9510243831753484,0.03386600398888781
0.356070484358858,0.9858213608824729,0.04029401745351888
-0.2985423701254826,0.9073052260211408,0.07322070275531
-0.1689473452631729,0.9530198475570054,0.019223568880707826
0.07956482926654977,0.9833193694077242,0.04307984598592045
0.03705839606462113,0.9855457627234061,0.015075638203061882
-0.16514235412755382,0.9341603162241182,0.054419813327501884
-0.052282597883955506,0.9813509972108776,0.06977331950079609
-0.1309287362357704,0.9579101124053858,0.06378841187360759
0.2616053368585922,0.9365308354883899,0.05171588668287558
3.040661728899331,0.6197814832833046,0.7022618566843211
-0.007111445922722864,0.9278686424952733,0.040132066327376995
0.09611486843469763,0.9339336254291937,0.07303794036516793
-0.2903990062143953,0.9539290766735974,0.039557999370989166
0.03893083717775317,0.9086225826515564,0.03908632703359099
-0.025257991452905706,0.948994544289355,0.0695396314900529
0.1570010935526219,0.9899810755987699,0.03899697105378134
-0.058900872384718694,0.9440386578415958,0.037894090946420156
0.004989249803006055,0.9587151151054354,0.11027480482686321
-0.2499464106430582,0.9602705445923962,0.048101199141235236
-0.03815412811994464,0.9856057165963712,0.02739747689329617
-0.03582125641201556,0.9807171970134089,0.06787837701231268
0.17509560769733035,0.9237928385895845,0.03697535958243506
-0.17894231292150867,0.9368416274360499,0.07402274016779473
-0.09908325800181622,0.9766708951764549,0.024005827859848415
-0.058892007608119516,0.9257264700555661,0.03672740132593049
0.07291175605647982,1.0,0.069099818439065
-0.3045654632468293,0.9947788607515768,0.019247585472353335
-0.17189786930987055,0.9060029687156157,0.05128548281388391
-0.01468919749087175,0.9779145280682384,0.05170914354548988
-0.054986214507585396,0.9475459748668371,0.0736525104601446
0.026264182624265178,0.918007195537906,0.04441395264727905
0.027316053497347503,0.972558945795444,0.029727042282035748
0.026276248381242373,0.9756151840952066,0.05858260904763532
0.07436624800525117,0.9559420785726046,0.0337018234579108
-0.14133559614957988,0.9881338916574958,0.04842364533205689
0.16506157622985493,0.944976538016054,0.005160747930011644
0.16397699584309536,0.9259000302277817,0.054290939934069235
-0.13576728654410472,0.9576488823840469,0.04275905077773433
-0.09392556886209569,0.9320504583066751,0.05095425364859218
0.11647929512313351,0.9148016282425453,0.06423731879047205
0.2821814696396506,0.9920644331117182,0.044538214067238055
0.07809121091863028,0.97231304310713,0.027871550694762208
-0.024053336718778316,0.8935382518552676,0.0008542259654239839
0.25197207188541076,0.9464209813048993,0.025210483908888116
0.04731648568886454,0.9821663163698694,0.05495875773404645
0.09173783576863678,0.9377025855735117,0.05151326251950629
-0.03147623815405541,0.9719276084102713,0.03815312226351745
0.1599353688205459,0.9447907162992017,0.06378878095316362
0.1902989749746189,0.9416351092295564,0.04292039082647451
-0.3400053332133208,0.946739814642112,0.04700624901911198
-0.22403767763983162,0.9513126445321951,0.03119284181827166
-0.36398235024011666,0.9677801633771308,0.05746283262647636
-0.504526738338999,0.9880250780308765,0.03111399006129182
-0.07169076782147843,0.9713944228970248,0.04963690604683467
-0.2726782201371327,0.9924500603662649,0.059430710770097234
-0.2235298634752362,0.9151040107597903,0.086337307459908
-0.027762464466315417,0.936148992195578,0.013044758402693563
0.09409177147701293,0.9189285083034854,0.04362325299769619
0.1108359542622974,0.9245969939094415,0.04093905714389066
-0.20256169688948794,0.9758096624639978,0.07558805904883799
-0.002292620084430707,0.8963252933549618,0.07310401419013149
0.18649597541957244,0.9576415343808162,0.039340176700012705
-0.20566417309346102,0.9964246385844537,0.05672806407848684
-0.28288653134192626,1.0,0.05034209965723156
-0.18481088547998026,0.9846282263079336,0.03038866051565021
0.0017087492835745712,0.9434186599210211,0.06781353195184911
-0.07094665492025397,0.9251001926294008,0.0826340015150713
-0.04508672819617293,0.9290323895846789,0.05428779965353559
-0.03808841281688616,0.9337117625655381,0.04187840298874595
-3.6082321327663784,0.7105755775285034,1.3106416010835513
0.009139056864670413,0.9065726026504702,0.04432809573354082
-0.15593738844451094,0.9963901610203119,0.05323457357778668
-5.889914018341128,0.5363566045754916,0.959501410814834
0.005988661624539391,1.0,0.06345623896886064
-0.103105769321472,0.9420443333883151,0.047004343505168994
0.07138053816051505,1.0,0.09550399767614734
-0.07500334368173772,0.9287750031901308,0.062443379903729855
0.11744335835677788,0.9940127968228994,0.06067029246016592
-0.14196895616406333,0.9723233749507054,0.04009649046206871
-0.2862392302123325,0.9474958678046262,0.04888012549848778
0.16975191525366717,0.9057732494336059,0.05913107125498536
0.021269820001504205,0.9424058267776457,0.039086316153256154
10.069546681751035,0.5904350132553384,1.4429609327508999
-0.06304237097943599,0.9164394259835121,0.04041069742460576
0.18603671158134788,1.0,0.03377037920249941
-0.3478255994603948,0.9574359866684665,0.10228008950072359
-0.14730576627408795,0.9734103202702574,0.0743375721401065
0.2131999314253189,0.9022083536265854,0.07198315676894673
0.1921097780097748,0.9473232562099229,0.0678792463924492
0.22162606174440366,0.9105817091017824,0.023695684682936886
0.41439845789012736,0.9264591602753368,0.047315058442022724
-0.01338658862877818,0.9526834295558118,0.06079841708284559
-0.003455605159415535,0.9606728303274216,0.0687995572151345
-0.17333188182611906,0.9233984316983617,0.05223063473805872
-0.01578617143166054,0.9493034599814064,0.058754032994599956
-0.3403840981639247,0.952603460689497,0.04723702650972805
-0.039402268369877945,0.9491473794826911,0.006800569077675983
-0.12974223103919427,0.9741446225195592,0.06031516167241159
-0.038540557965610074,0.9415795428183379,0.07465619559565703
-0.17321739287322857,0.9723724142785823,0.016239627437800767
-0.22138474916242,0.9515659242154308,0.03073773994798215
0.19462531959545656,0.9312189130140126,0.049449947325235895
0.07393711344076098,0.9837587057432665,0.06579695510812397
-0.020236337499590897,0.9624566038609234,0.06058108364055191
0.277964881139398,0.977942894197974,0.04307496141120455
0.11205857040561362,0.9366066385666934,0.049113340203175336
-0.010845230221336065,0.9273025334172756,0.03121720865664166
-0.11983782101562741,0.9470096797115637,0.03417915323808174
0.1786160271646593,0.9712969787222868,0.07636757916177794
-0.09045556529001679,0.9420163577445799,0.042107146400128276
0.2131244056816553,0.945339800969983,0.03974470199779964
-0.016966592992578012,0.9684019628801219,0.06649381396146342
0.12945017504038334,0.9149888924588598,0.047335638240044005
0.207684511817505,0.9659804245405393,0.06893823558190285
-0.04097952776249487,0.9017339436757009,0.06122733319271217
-0.047800332884463274,0.9480768647070441,0.04008643626940967
0.038709927413143254,0.988055043547287,0.07701147724326016
-0.06364293659929854,0.9556090863264592,0.057481442836654364
-0.12121937891079544,0.9525959910028069,0.032966636298168726
0.05529978930245394,0.9369476029120715,0.05305817557337959
-0.08462264763968869,0.9552640946962865,0.05303982353197477
0.2998666050206184,0.9509212647950221,0.02542961581728582
13.75298274677604,0.47560134218989614,1.0270388658894123
0.2668325288681474,0.9443611642737483,0.00930289539784876
0.014658577549621063,0.9331148664513906,0.061285909298661144
-0.24355272310062204,0.9437159989044881,0.05703370822727433
0.30383890395779345,0.9730853670062974,0.029301115126967644
-0.2670013407774598,0.9571472668946188,0.03023042312480734
0.35157039523453476,1.0,0.03746156015015234
-0.15572503842676566,0.9578496040043879,0.06661604204401964
-0.15746145049736154,0.9214774114816963,0.007354317533426448
-0.2764990480647236,0.9936836392848303,0.07534630408917369
0.1185440553949959,0.9067523939042759,0.06318897671380524
-0.08962391848211378,0.9815439246224205,0.02702022033964963
-0.19448595584000336,0.9421870957578139,0.04829383352550074
0.43156214396210146,0.9709213911735766,0.04175097822089617
0.029025144245672735,0.9336157400133945,0.11642130674758198
0.20744014172019254,0.9222526442857462,0.02329468099258368
-0.009632939175301319,0.9940904190678521,0.059008706034862746
-0.3069978437913432,0.9423637783136498,0.04974037811184255
0.34214791202592504,0.9342195567027881,0.04196751376959978
-0.17096627301126452,0.94746952085599,0.059585679348117336
0.23046934608720357,0.9329049494620332,0.060188304152487895
0.22549399258696196,0.9439269441634369,0.04885535202568219
0.11217176387713668,0.9544841001868414,0.08674021384124674
10.87537413329767,0.664724821119596,1.2621008912040033
-0.022449852309446475,0.8992498488968914,0.051548036966262215
-0.20883174371241897,0.9938625423126628,0.1007746325187838
-0.10107408072038436,0.9343892960524144,0.05405251062866919
-0.12884146202558108,0.988917807982228,0.024971712870884476
0.08026068138077953,0.9725798565972243,0.05756654029736227
0.10063023430541528,0.9192109840418149,0.0308701902855072
-0.4005027521149293,1.0,0.0526117345643709
0.040190190871285225,0.9491440885061547,0.040109089417058076
0.38771668140454923,0.951014984903444,0.056754835104892404
0.09044522115440334,0.9195571793602214,0.040372517474751735
-0.05663532052465264,0.9826970266343718,0.04378537585611636
0.19958706005566668,0.9124058298032269,0.07135199589104997
0.36289432881273137,0.937518673673792,0.0776939941437435
0.22778276833662142,0.9550236516204527,-0.0017113415612986377
-0.2232872363871751,0.9791842716080928,0.09026533343053593
0.19913104415018562,0.9476115783066421,0.06266838637342612
-0.017045410249323874,1.0,0.04757228042313292
0.1605849105395685,0.953867514209554,0.05477535201150038
-0.18863455137505694,0.9422077901691106,0.07183896503784892
0.4183267365350175,0.9982996071631384,0.0554575325380247
0.1304431992843934,0.9581871068402008,0.05275104834441388
-0.05007585442759013,0.93183973491228,0.04354492524475079
0.15800386193696525,0.9284688307470831,0.0437009079565298
-0.09591878037785832,0.9278072277995442,0.05793759925185433
0.03435766988234952,0.9465538271054386,0.05887801162920177
0.0012446351869493536,0.9118557433799452,0.04680192748340069
12.983413078643183,0.7093506626770919,0.8417539729431878
-0.13144012184398288,0.9350970988966242,0.05919442201410469
2.9636628850788775,0.7429014168970441,1.1517216042255844
0.04200204502809313,0.970628753298364,0.038945890998711236
0.018483222387597614,0.9168566724486663,0.08251669877890297
-0.04899592537134581,0.9119517368007749,0.020777834052589744
0.1808196063379346,0.9301524658283278,0.0798364003752536
-0.2095042886653909,0.9835170580194881,0.024103842474715254
0.18639688392257447,1.0,0.057060673642275725
-0.1254451848673788,0.9840768804053769,0.08214571883465219
-0.18972798462536355,0.9939888866091635,0.048482655626086384
-0.20712745379328662,0.9832278120614099,0.0783555255684073
-0.04771674844543592,0.9315347015181823,0.04447296222321731
0.04596939169460377,0.953934821954842,0.04722417893358474
-0.5676054775292655,0.9340994863982517,0.0850462070099101
-0.29270920102409936,0.983387432526965,0.06489070264672499
0.08426829844760557,0.9699951398679321,0.05974768975142237
0.09961245603248986,0.942666398014769,0.03642304855434543
0.14339716840241262,0.9244977600248497,0.07042022254130068
-0.03384019485202406,0.9637328856361119,0.03295077785797465
-0.13696530329022194,0.9783151042931153,0.0978307596181352
-0.44217374592500347,0.9635802028388026,0.04323572738363092
0.3211351882822795,0.9196533876977336,0.059553336455812844
0.13536082127218713,0.9564322606458144,0.04087196927099954
0.09632123608889975,0.9707975208833256,0.07305282456405576
-0.011324044739468561,0.9847581026985912,0.05419982539994118
-0.03777597248287195,0.9300181682637225,0.06208641005505288
0.020416311159719036,0.9709220460010748,0.05865307863250494
0.09340807846580684,0.954892238730684,0.06880427631187977
-0.2791424971453319,0.965551781525178,0.06224883527503901
0.033105653813997826,0.9704216858845955,0.06363174970382901
-0.31220368800024556,0.9884250854555141,0.0253790362822974
-0.06242391793267047,0.9371876201174222,0.025704225889840587
-0.28916974987489036,0.9412628085314785,0.022868370560003782
2.5472900770402385,0.5009761672407484,1.0926114791756172
0.004688005625219118,0.9421361148339706,0.05179037743745442
10.238799629190137,0.5360857605993724,0.930727226685857
-0.28242704172262895,0.9177312277335057,0.022492335430712107
0.24635894271855002,0.9331279772681008,0.060495798077333365
0.2030753092697109,0.9294997377959126,0.032748230019535085
-0.16557072331329617,0.901710407767284,0.00867667567828085
-0.02067592992448393,0.95432627843335,0.08170666568094775
0.11536372952212182,1.0,0.06494769074694923
-0.2588499154963603,0.9566492562455122,0.043615714169666205
0.10103933999345245,0.9569057464394334,0.04574505713122255
0.13465022064793114,0.9727498124836015,0.043281959633990424
0.15878784746205007,0.9484511913917038,0.07118700187864074
0.0031680410816725076,0.9273064730453959,0.025094993688577694
-0.19892229602181744,0.9549657538799259,0.0451179379749343
-0.19678520390565646,0.9889565214739284,0.061329425094482214
0.036186025847086176,1.0,0.021448696219506166
-0.1009922311488669,0.9657546388915641,0.06333248527708157
-0.031223498274036893,0.9902683180377225,0.06917925817854102
-0.22369202474538852,0.9375309135730366,0.07587447945149205
0.17313363883283628,0.9533178334692168,0.06718368500267581
0.3826565253584136,0.9841981154954804,0.07992403086931772
-0.20540892552517032,0.9421618284141938,0.06602720246707855
0.16181231374777513,0.9764837039087753,0.059123908478942
-0.08862804566053244,0.9284015557240222,0.04598549882114286
0.16386644194923072,0.9548964257853302,0.04162353752157354
-0.015242651435233227,0.891927584064751,0.07682870525232531
-0.04469714578698574,0.9723762737443417,0.05876170538688344
-7.09293116431059,0.6973429774730202,1.3917872722027993
0.05502181543230805,0.9689293380468887,0.07954517873613882
0.04594109521551838,0.9531952349236167,0.039870712147916
-0.26019168446381147,1.0,0.061062925885461194
0.4401412705897143,0.9102254133616355,0.05552859644488594
0.026841588057323913,0.9487899511551324,0.0352810533445822
-0.12664426137210968,0.9597715075465131,0.06632441623664238
0.05621931420048121,0.9950494654245521,0.033118428940330874
-0.013765079052584735,0.9943042742265926,0.07972002540891028
0.2662016716171186,0.8925076585102955,0.06603337067986371
-0.4366728769772508,0.9319269594199919,0.04077744505299906
-0.15921231248638548,0.8861422013229675,0.05403254633060603
0.1028897602712666,0.9428658215059676,0.03988083147299733
0.09733327295292427,0.9418348990242752,0.08172902538384502
0.2506519531459908,0.9870431137690214,0.03774792458286397
0.22355753668291425,0.9743245224530689,0.03840009792746877
0.17469132501872417,0.9019258564248778,0.07221004496692097
-0.1422819016780977,0.9514040256159116,0.06481101336265029
0.10007759483590672,0.9322135213146138,0.07644260284390324
0.4383804641564013,0.9515226448071726,0.009682247253047997
-0.052178398922095394,0.9162140021238391,0.029946026101059932
-4.657413157740789,0.4960471543209066,0.5166187424310839
-0.1908887222509498,0.9094875784144665,0.04429014648420625
0.055403398082816316,0.9577110388416981,0.0712294002767115
-0.22208687571909974,0.9488847585956158,0.019153443128451998
0.2406356115602577,0.9619143112848488,0.08334605443125884
-0.11330045475736555,0.9885899694668719,0.02061463177034929
-0.42425561335691997,0.997429151236829,0.06808608984950389
-0.22504062128112873,0.9149577840603564,0.016043617333803564
0.13416020530164333,0.9186767121755863,0.05489769684642006
0.4268260367550618,0.930075874836254,0.057180512206923474
0.039529005745501916,0.989618024515505,0.08126004946940235
0.41920136780025863,0.9464638279584435,0.04379019652787204
-0.11311331089019352,0.9920338195349242,0.03348355462396581
-0.0382901947242158,0.9365177122633079,0.06571411249084357
0.10268432738781924,1.0,0.049671285465386183
0.007890814253123385,0.9661082500692822,0.08913248449127342
0.032884155498011804,0.933702766812844,0.03621873018759336
0.283863145999908,0.9390205167429345,0.0429405607550811
0.08296387053315313,0.9774224995289209,0.06576362349992966
0.14604497705091066,0.9869217799338932,0.040558322814065406
13.674052586378656,0.7023067224843222,1.4739081195202735
-0.17956063227983418,0.9725551387233307,0.03260459274056784
-0.21648829895170946,0.9142485338986787,0.047082347443009216
-0.09209664042079366,0.9621448284672234,0.05517140301317334
0.026911487540449197,0.9069316092807364,0.07334298514840754
-0.30992300525690736,0.9490383081760172,0.03823818392423589
-0.30433062203656375,0.9698949484284829,0.034920782308986535
-0.2524877219102005,0.9707911255495515,0.08036257239778921
-0.3395717711852202,0.9004045394424396,0.06374469127100744
0.12169412944768646,0.9575942921732895,0.027474252772334323
-0.08139663193514425,0.9147529320429174,0.03484605060845728
-0.3061380068527838,0.9538492217402171,0.05215168561067239
-0.050855387400810165,0.9521131452124686,0.01647481271364682
-0.03281061259895142,0.9560590014586787,0.012276808661158031
0.13026348569304244,0.9744817012531246,0.07118677129295425
0.08128825848895965,0.9884555849394102,0.027242321338982148
-0.16647615751667866,0.9632901280425498,0.04995380683070104
0.35287139227209496,0.9382380071479277,0.02877645661375876
-0.07158437205213491,0.9739727646790848,0.03832437478084301
-0.017571688196423227,0.9860806001062854,0.04480693215899995
0.031133981529847615,0.874500218489413,0.03974082803527795
0.038155959020145944,0.9500445595483461,0.06465913140921346
0.14938497891546937,0.9318227131230316,0.045215082163853094
0.050763876711364134,0.9489616753636851,0.01922231217839466
0.013893963538778961,0.9248317612940103,0.0505087027274585
-0.11384023823469276,0.9477022074052462,0.06057221276373104
0.15305375329140453,0.9396993843948654,0.08844114411106391
0.03912874626610995,0.9845187294691453,0.052378358332678426
0.18987755880266033,0.9188285445607508,0.03376852265544711
0.3376535324600614,1.0,0.0637891514088533
-0.41331029125268626,0.9228477405892301,0.06909653671069156
0.20069744616460078,1.0,0.06618531334438643
-0.09381072327623402,0.9254823616049201,0.06099152126744267
0.035077004687850626,0.9232447694807121,0.0878409762412848
0.03652149562244388,0.8757380621078524,0.059760874674940886
0.15452988929379366,0.9885317031753118,0.05352521167273157
-0.04738221487695782,0.9582037794494006,0.08330522899562225
0.4373876814076063,0.9140912527500051,0.06123888028970602
0.20477891342905946,0.9548580195451853,0.05966042734024025
-0.19373340513323978,0.9608367685870279,0.04607790849712059
0.19606185128693776,0.9776154506095025,0.10016946609958888
0.025215374777092694,0.9702754665438392,0.05686568282481459
0.027634082027823772,0.8903637471063215,0.0933420504781182
-0.006635729297131157,0.9625133686118315,0.0748989646236677
0.2486929162874228,0.9810841976685915,0.02731063593313381
0.05659657313412406,0.9782284132851987,0.09646795416949072
0.1714397126202453,0.9697513780027085,0.035839660661490774
-0.18294059751096284,0.9841563835639557,0.06145812516003773
-0.04899036595294729,0.9583329668493457,0.04230879219302183
-0.19493262335751607,0.9380382753168273,0.039136642259437374
-0.014427211648546039,0.9296598942520895,0.04611430482106947
-12.154236342412112,0.5952608019551755,0.6949898355869514
0.047605642068384524,0.9386960862937566,0.05631323630614302
0.28504300381455394,0.9477801077599469,0.04329711131220584
-7.089608060647521,0.42170635654758637,0.8857075943708534
-0.05458366727418057,0.9598418964857839,0.01779081186694865
-0.10837239741875936,0.9227555736481683,0.07442469429376987
0.060936253667964714,0.9554752676578417,0.020399126896747485
-0.13531317126663836,0.9308571093676236,0.07938249852941191
0.14286857745008297,0.9970617690630764,0.06955818224605013
13.795661886221566,0.7946735512479874,1.4603243830488468
-0.31883770867654393,0.9193088546564145,0.06751829888004819
-0.09798529072252726,0.925083690846516,0.05912820740816341
5.5669922329413035,0.40431926863026296,0.9966688848460171
-0.01316130491820054,0.9269437794884448,0.01252542283347826
0.07733291512647916,0.9273212441444274,0.05704644926411742
-0.18589204627072412,0.8777285638909132,0.0526576976094205
0.009382828228827599,1.0,0.0711544190934646
-0.01847959919202795,0.9247715998041123,0.06642068465973561
0.3394135839781087,0.9844976768798214,0.029131756212807055
-0.04359730083078455,0.9412104834513532,0.050751295229325845
-0.07609481054071346,0.9917122880020474,0.0662295203405574
-0.14283472917013573,0.8916596554454622,0.06506876159831931
-0.3557220097627365,0.9589584552060437,0.09095213228807808
-14.628230798481516,0.6019292595702026,1.4134347782453174
-3.247386252956357,0.6169124469981251,0.5102558405203169
0.22196508994936026,0.9126292810604512,0.10704625886868702
-0.26336661752991863,0.96050254539658,0.06951208878941022
-0.04371891887202366,0.9880579725841435,0.06643518114181478
0.559672275327003,0.9692301281454944,0.051569682537374845
-0.3229120203674169,0.9678237115559953,0.06548722799221009
-0.008192222775714898,0.960795285257952,0.05818880877587673
0.07789084994450284,0.9443139902883986,0.016732288974458935
0.022059622378606834,0.9545030614606892,0.03479967695962793
-0.27525147583919407,0.9434971885586263,0.005150131386035456
0.02232137688901281,0.9042491825583162,0.020519259344198904
-0.025471729861139266,0.9234490879054397,0.05696755037201162
-0.14468589639797527,0.9532469963032741,0.041478231172269134
0.09957789634054826,0.9074166332275669,0.03745902843606146
0.23509317606285865,0.9514886925827533,0.07958276747383555
-0.057578198696942307,0.971053899739359,0.034343409108232456
0.12630032581087497,0.9862013305725196,0.05066848815404158
-0.0820337667922787,0.9951140940121334,0.0694239488110624
-0.16104835214410448,0.9416865885910087,0.06144554894344884
0.38845902253786174,0.9584968208328322,0.03585479795587741
0.21281335343472155,0.8970688436586899,0.05625704123310478
-0.0394901255490093,0.9718957611801405,0.05356083975053855
-0.10567078933205537,0.9520361680080035,0.05802486977128434
-0.15156648955652743,0.937222501369089,0.06981987347960435
0.14256056525687616,1.0,0.07513094030709447
-0.2218906189891468,0.9539538536740172,0.06902554122750185
0.13248246815832035,0.9292845186482631,0.03300966876310072
-0.324962221766367,0.8969183723610517,0.02824167662925488
-0.10964525572479902,0.9366122233469756,0.05271242313203813
0.41267120061211,0.9556486290712086,0.025779818476556443
-0.36243604861772427,0.9406691173504642,0.0423248243327304
0.046838839490489205,0.9543959616333162,0.014397485677193615
0.2705249162095005,0.9439835975977287,0.08592481007231456
-0.005137472300364927,0.9815870036376431,0.024521486171037925
-0.36754353508697707,0.9456634739114443,0.03912684550394597
0.10744430412898127,0.9649643378422949,0.08353416060583094
0.22402193355064784,0.9251583441845777,0.031228306893823814
-0.1225745840009092,0.9114541293274965,0.039290943661479595
-0.10921855342553684,0.9409061829538564,0.06694421548844881
-0.18591499049824675,1.0,0.0754503237913333
0.18663479624004126,0.960843861330217,0.0634409048849441
-0.16321493765657646,0.9305374524805939,0.0739398973335964
0.11035179370939355,0.9669781906730147,0.0445582460828076
0.2946444504679057,0.9529264731330891,0.056515050267793084
0.004923255640708425,0.9490006187811053,0.046476750491674074
-0.31366020202461753,0.9198244520639549,0.07117966829090712
0.17496299231746057,0.9282549343538409,0.04301195742765447
0.009082123074046466,0.8980817333427505,0.03925377635422282
-0.010974441015287002,0.9549528902517617,0.07874250327845318
-0.24310558472577132,0.8907549402180704,0.07621860369103756
-0.13405366713102929,0.9834119744203768,0.0853919077078999
0.23022224981526127,0.9564674976981873,0.05198520859583237
-0.2647046299801071,0.9569010782090849,0.05151984655812373
0.4566855628795544,0.923612427134175,0.023417488901305933
-0.011988382283404849,0.9969029746925003,0.07180992881116412
-11.551123383054057,0.5101476635620403,1.3989453740091218
0.014769407663256493,0.9317263777864395,0.05972790044451518
-0.12481133215014886,0.957422378699548,0.042567336840597395
-0.03442617009555041,0.9174005307023064,0.020524613287954453
0.3137271106957864,0.9067753808305485,0.05213757287081872
-4.915633371115328,0.4573122944708951,1.071594189524396
0.008238924004763571,0.9664074048928909,0.037217492340107475
0.022843625046826067,0.8904461091859223,0.046345327463717126
-0.35352302704265626,0.963445032124291,0.053481089619155514
0.24963395798661558,0.9242889040065426,0.054416051448145354
-0.025404126703732124,0.9453341040839454,0.05346535229995027
-0.2676222001619958,0.9878213205862894,0.03806488138172126
0.03784584299642134,0.9114764984343604,0.062365716307033456
-0.14438439397663091,0.9742353156343764,0.057555140331592695
0.21708825745923704,0.9839811607459185,0.031019866019643405
-0.06199368843311426,0.9454349439302923,0.027998418333955277
0.09642756717278934,0.9591895443210765,0.03803891817580786
0.3562859680859749,0.9399930532146827,0.03238749735946689
-0.002757519910917168,0.9271882791679756,0.043333442925369885
0.14840150036001615,0.9217688728721084,0.06166497123109968
-0.135906985509208,0.9155545408900665,0.058823481923909154
0.008891555006429177,0.9585583269191329,0.07367645977241799
-0.25632013453003466,1.0,0.050191357864016406
-0.087467548646257,0.9686603047858995,0.0631107422223888
0.08653514791869589,0.9712416900370708,0.05513265844184292
-0.11109122665772869,0.9281338660927224,0.012316763719429046
-0.023981317126057836,0.948925548142512,0.03676297347204824
0.05474303205680663,0.9723809722237907,0.07038128676593455
-0.17556712173610148,0.9860107199097018,0.06009714887212459
0.15482702267669604,0.9591927659478401,0.04471836706872172
0.14214547111613307,0.9395446066736276,0.03187865762472222
-0.08168963022563534,0.9679250488792523,0.04752930095312174
-0.1997628607022238,0.9181843658061128,0.02394932591041737
0.10378941758326864,0.8924152545860496,0.039952556547566735
-0.052339931443607296,0.9384317374236044,0.024848901867301612
0.21078001736394172,0.9320730161639585,0.03961217558662882
-0.1082496604659957,0.9322409447900808,0.06107637894812977
-0.007202694331681636,0.9971976451240017,0.028406534797409108
-0.06594084316346864,0.9593103282844867,0.024810042379163646
-0.19397257024524073,0.9665922748833682,0.06291351835827257
0.21934135898049562,0.9876123443147002,0.04316245092495966
0.13534734919338914,0.9946652950826472,0.043055361016987106
0.28209368680304564,0.9147064475122855,0.062281061283359945
-0.5300165681205585,0.962081737783341,0.0535124574055137
0.025589487711247867,0.9437265316151263,0.05740464026389386
0.1190388212047731,0.9029436328390439,0.052621477823166875
-0.2836020319565406,0.9116544781882535,0.05956549581846686
-0.016812984124967425,0.9259253095579738,0.04835004250234181
-0.30907198656611107,0.8896165419729939,0.05954886222569876
-0.3192755184636231,0.9277844043169337,0.07607853917758889
-0.028120835830050695,0.9420257714525243,0.02822380018601609
-0.1660083787906407,0.9476078563757114,0.04986047889922293
0.2342639741603109,0.97293922396476,0.04031796030885457
-0.10713109554672494,0.9279904357370062,0.06376979814669155
-0.3060657825572323,0.9438385305232688,0.06864484838570963
-0.19875189660853254,0.9315904690959018,0.048081787158856935
0.2835425556327468,0.9050116569969527,0.06995994356939278
0.337815831166163,0.9415889401734998,0.042837011018256196
0.06187830904424342,0.9185250715506188,0.037634815196616926
0.13483358103994234,0.9588310157428698,-0.009913981321489788
-0.06719759334748487,0.9590346980897647,0.05597367714244919
-0.021868024478289925,0.9926832743914585,0.05771591668529377
-0.2725241195457541,0.9289863216558892,0.022391622190716914
0.24667501837098293,0.9605887435772702,0.04593475743964436
-0.050730482380535805,0.9378762970062443,0.035242483071677363
0.17924117003184936,0.9026965176168302,0.0742608208857206
-0.05958816002888582,0.9538588752285674,0.02878131517207178
0.36509770762620275,1.0,0.032342277904568006
0.04188742593322135,0.9745963633969619,0.012743259601607888
0.08467505737639436,0.9358997588880049,0.0035946661204805594
0.04136224325632747,0.9994695915800025,0.06655543497549846
-0.0956579042608351,0.9493165660299349,0.03960530529028669
0.22105018393151754,0.9304850779239332,0.05493859405917173
-0.16133865053708246,0.9479874087635062,0.0386289283613508
0.07183536951460641,0.9855173319922242,0.07474329386584083
0.03674908582796384,0.9635316963039043,0.07074229058256816
-0.14184479413311432,0.931914217799371,0.04170764652670811
-2.7046293001697683,0.46932431287920695,1.4904669133616162
0.024441451682740332,0.8685001891763872,0.04918004466220483
0.3411490144812477,0.9325391198824554,0.06130684303748041
0.3089007236543233,0.9705298565041751,0.06402065354834555
0.1360579588068059,0.9660131303352413,0.04628385902856301
-0.27242699885398125,0.957466117771288,0.0467095476354244
-7.689011490523181,0.6533790286925732,0.9765016324631629
-0.07922009737070566,0.9361548521398307,0.028045367844521853
0.16731095557549777,0.964248762068329,0.030427705427037946
-12.217724952575955,0.4956958744810329,0.6155763373170593
-0.10542628446358288,0.949356857812866,0.02479193132682114
-0.0033304691353601814,0.9237470073550426,0.0761057282667135
-0.09892352879377057,0.9594690863367613,0.029229675981544048
0.0662009123136818,0.9893977151243696,0.03769394795509614
0.12330843959321008,0.940124730499262,0.04946118994278065
0.03202531167644609,0.960396627303151,0.03900472884201057
0.060697045964422026,0.9550337403919097,0.053526478721222334
-0.08577665441726187,0.9410202500668999,0.08850397931463003
-0.29574110358825345,0.9669103416913489,0.06457056548725151
-0.6501594949016503,0.9524361777227301,0.04587634973516985
0.0799046930807929,0.9185887872687357,0.05210027019604045
-0.21851742176629252,0.8854325459428878,0.06540377925076728
0.2621853819089716,0.924724442209216,0.06345568780735436
0.3943124108605718,0.934607823948942,0.05130286192933733
0.004867311034254963,0.9391795500574807,0.038601313888191796
0.04709412552862785,0.9452020984913474,0.08472438173163248
0.1828131774166895,0.9706750867849198,0.047547890876011856
-0.23582939812876902,0.942673649403251,0.06390952905253369
0.035970778028226395,0.9574767271278387,0.04541670420131663
-0.22182952287475982,0.9445693482321091,0.03384758070558961
-9.317410428658274,0.5698064792183339,0.7152096589712938
-0.15967460204637554,0.93555048847662,0.07385338748271121
-0.19919131092809317,0.9304982972741833,0.037358510065468184
-0.1394079197943252,0.9710598614991287,0.060040680649703804
-0.2746884395694714,0.9330894517513535,0.07871154212550856
0.4929107506885706,0.9309109213518879,0.0735778735736343
-0.24607173154031853,0.9677951565678705,0.022419009251695144
0.40129568870833165,0.9888429361188114,0.015439723832148498
0.17216391476402923,0.9611561625222782,0.028708320717583752
0.2530065107155396,0.9438675716497879,0.06710662772377521
-0.015153682621028576,0.9195472609202414,0.05653274565707533
0.2832507398456525,0.9251915173315034,0.0827609191882033
-0.11963834912836135,0.9192618623619578,0.08566373494846628
-0.12407505435130335,0.9426858232939553,0.025666453932579113
-0.04768460742618173,0.9961193884356901,0.07123750314763849
0.3857356226142208,0.9206274096825114,0.10413437825841726
-0.07970793197312036,0.9237400254392765,0.05397870264911059
-0.1031073784984232,0.9087471301984109,0.06242373111413307
0.01835202440689594,0.960286849625979,0.05782953001030104
-0.1820693104729166,0.9602068666714255,0.05573112332372381
-0.05107952420218603,0.9946920276910526,0.019324505751256823
0.04405765804388728,0.9344241676160995,0.052426195820429115
0.09882047379937911,0.9427060652868503,0.05400181196727311
0.06916909267156632,0.9357586461219098,0.043436431576810944
0.2282735028729604,0.9527848928928871,0.04883578303334541
0.13114803570941744,0.9266118220561743,0.09374588457740966
0.1467768040741624,0.900841404619814,0.04466899054169976
-0.2322720194196359,0.9502948583808742,0.06500796976479757
0.3287833996634164,0.9747608184659841,0.028490506800183547
0.011699569767507257,0.9100849768278342,0.05131869843261049
0.21082317276680512,0.9885874445035058,0.03723816963269844
-0.08706904350771855,0.9120223279184173,0.05664099743371782
0.17510924316588133,0.9400185307415717,0.011182136857420297
-0.03321584220599862,0.9704682558079409,0.04030173469858405
0.24855669158569305,0.9735621128766432,0.06377746977012622
0.19827884398935003,0.9593148066879668,0.057819711888868267
0.1869650289088766,0.9315670378977229,0.08286823518540673
-0.03574185830533327,0.966933177327467,0.03304212394735774
0.11973773851025737,0.9682311879029522,0.025776985882400877
-0.06825646075999463,1.0,0.07615618609708048
0.11796813247241772,0.9587637758951436,0.03528078127486247
0.11546509327898347,0.9403353233721082,0.02441893661020745
-14.216488344763318,0.43618552773973185,1.3992248599901327
0.0435741936015602,0.9349400660040937,0.07338589871841454
-0.20647630043715115,0.9760515509896079,0.0789674708795483
0.33143241618578057,0.9552393730617529,0.042543453603569904
0.4586819259593485,0.9977920235456784,0.042860682834859394
-0.09930060922055921,0.9288986173249317,0.03769878375428079
-0.10593169476563276,0.9284493360632682,0.012388739333388882
-0.15161577051393768,0.9758076658018333,0.04195286913524647
-0.06409465837528097,0.9376576272916439,0.058693649021909294
-0.514056635098132,0.9777716718146233,0.055267557882839255
0.11558078128337806,0.9213568497929037,0.05239568593183882
0.17551044988337328,0.9721677482875405,0.0359226668619439
-0.21384295294215763,0.9603267548679519,0.0584934690715544
-0.4126554631193837,0.9251146937573562,0.04393921478830631
0.12004371109128636,0.9411142592602618,0.027617227356958884
6.325447961675497,0.7433119955341774,1.2989578834333195
0.3306700127335658,0.9290980795415903,0.05039471131492984
-0.019832208279945633,0.9372106061477582,0.06044315927009748
-0.10301507862243742,0.9222436885128236,0.050341565227459174
-0.0938822063646334,0.9574292250127453,0.030264200103960134
-0.39256111925255044,0.9326771786344034,0.07507480278761362
-0.07838098965586614,0.9566354788475924,0.029850439156256982
0.05778639174096395,0.9467980332670525,0.04649509174763254
0.16121468260839755,0.9517221552542056,0.04168594885832303
-0.1457474995592829,0.9609932578622602,0.04581955999116096
-0.025134145510329876,0.922264968235329,0.04172401347353712
-0.11242350160164075,0.9168735449375394,0.0629719445302773
-0.2279733704199261,0.9338123509418804,0.05553676841247786
-0.129492462879239,0.9692319245239555,0.03374368385022727
0.12367747338367313,0.9685816523810341,0.055105521688409986
-0.342598890408573,0.9606922283335352,0.0779383257549597
0.0017470351778155623,0.9381803824456938,0.0506464700185314
0.06945473866178563,0.9119956887614276,0.051422582881965606
0.197443025661462,0.9073312435998402,0.04963863106348439
-0.024400829269314767,0.9772036861065612,0.05371326021561164
0.13100192640981131,0.946585997103605,0.050762399926334446
-0.07715165373419097,0.9196780776376039,0.012019283226212311
-0.07898740605280591,0.9203966988093963,0.03805861040686738
0.2663144929749189,0.9699418889180308,0.009606419903825221
-0.014124745162850028,0.9684723502883026,0.07197273228879122
-0.05620544864744029,0.9713227368535761,0.05752879502397001
-0.12147187755520239,0.9454576874831588,0.04278645258002842
0.26317286755492003,0.9511500211289265,0.01719310084832274
0.1463693869245227,0.9632434845661396,0.04926584693729883
-0.2971714025247471,0.9920275367533955,0.051603102836220514
9.87116656575035,0.7078288358532394,0.6391471739345578
0.04609614592132286,0.9885762700477884,0.008470507154376875
-0.026472909140217344,0.9622926726900863,0.06376825710036135
0.13486670387813376,0.9499433167335111,0.04203268290555896
-0.08632452656209756,0.9654599130219983,0.040203845223016274
-0.05269837046303345,0.992699730302281,0.03849333070786168
-0.06684171590815002,0.9597885698285732,0.05241137173915796
5.964194853091708,0.5138306318480709,0.5610210654046095
0.3722740729049645,0.9606227757657875,0.07613104621782861
-0.09270838164811449,0.9892772490489673,0.049523835092359254
0.3921344062927288,0.9438029512003447,0.059888124799190076
0.07936649520315235,0.9330998119109585,0.02642241617720578
0.09412402823126928,0.9614607678737578,0.05411980499010967
0.07504702155469542,0.936321599176916,0.06376559977774862
0.28999327213691406,0.93141670281521,0.049574277262802634
0.555138677264268,0.9705065764104298,0.06416272857133783
-0.06375739060188595,0.9349346425596721,0.036491332777151324
0.2129490425830306,0.9361360176446502,0.06199624355138329
13.936791518060282,0.6443603942083114,0.9235879306039043
-0.06339736997835453,0.9662711007203901,0.04063423127107063
-0.0288902363700025,0.9379978817376261,0.00982180144395852
-0.1329287132602582,0.9454635570436162,0.08019102330339518
0.16250160131266386,0.9386263253379638,0.043246280573378364
0.2033172824120711,0.9469936366411378,0.03796902478837205
0.15263911407610384,0.9393284054662688,0.018815802325132473
0.39519372566384514,0.9702701324815747,0.027303221955205795
0.03573542509466945,0.9185029384233493,0.06404613439211494
-0.12533064172036615,1.0,0.03941895635309876
-0.018087956384312237,0.9471424887024433,0.06992121616041395
0.5523671485935254,0.9312501647135942,0.07711791235108456
-0.058521126254572724,0.9846801888505885,0.06382673594978375
0.018292693110973472,0.9160499545267561,0.029391939226387522
0.39487447005746934,0.9742153377418576,0.07015320892563191
0.0026909382355136523,0.979994359301095,0.0818288990388444
0.2049642939849263,0.9677324980806024,0.02875568348247304
0.30167561961980033,0.9209749218493251,0.035269965552978524
0.04813562740952875,0.9291852546335353,0.01972885563412172
-0.06513829050122402,0.983894306288875,0.06363934983309917
0.10937661157373704,0.9368052664844094,0.05019161097799687
0.006235379578834789,0.9176438149305376,0.05630084573750777
0.13053283844162802,0.916934428442335,0.07224460661704812
-0.24842804313096145,0.9732530971314293,0.0700715994503148
-0.1714179824806937,0.9567268033459516,0.05679517405185439
-0.10611645753585675,0.9547700651541435,0.05678012396476054
-0.13266786771343975,1.0,0.05759247451581498
-0.11249093926787085,0.932657014347459,0.06748150786909574
0.2898477532911758,0.954118824249796,0.054858157643686865
0.0498124407526197,0.9895348598275369,0.04393487822045379
0.19995672605876055,0.8807831650549309,0.0827107634689469
0.15205162632994282,0.959869867820655,-4.8086557369937666e-05
0.06883084086493839,0.9876582243578359,0.07180833154846888
0.018776521172001258,0.9636639980606101,0.0702568263019284
0.4802185318977757,0.9291354626695489,0.02556467190789141
-0.23504403692987139,0.9038599174350771,0.045237393741357074
-0.39587868068207155,0.9565831061937358,0.04904750537663533
0.17287029814872004,0.9394777433817301,0.0180847693054733
-0.04379488021486718,0.9901332854304928,0.04595669020444816
0.06411352620345998,0.9714009613754989,0.028251378569958685
-0.12625043989554827,0.9745823359778196,0.04338955602115432
0.2788516891508184,0.8749491178190051,0.06834507693474752
0.0483724631955903,1.0,0.031021628004941692
-0.051316734730052396,0.943711318930645,0.06397500538047135
-0.25297028275023453,0.9683258804570755,0.06475190172373911
-0.11300569738906795,0.8868792762134325,0.06165176680891695
0.10020866058223842,0.9419961944791249,0.08092774418456504
-0.019142240576847287,0.9695507826206076,0.04432846986457331
0.13987293455924935,0.9493296827166341,0.12087310409603752
0.0662520218843209,0.897421962473442,-0.00816372062202473
-0.2363096958812303,0.9629864124098889,0.03572254626626242
0.2881272355828068,0.9785323419441952,0.014828979098507653
0.19715967400757795,0.9223833961208755,0.03270875592194635
-0.011124650870695287,0.9538216501151854,0.06496791296245133
-0.10908127864582949,0.8608820022503177,0.0628060747859332
0.034918410928937875,0.9367105126297194,0.07161191533682276
-0.1667076852974192,0.9195671919473883,0.03749215371021935
0.23218136715549775,0.9202512988267738,0.025723899764153225
0.29568498061027787,0.9456172997865518,0.0468536258398892
0.03416727142384485,0.9483209654418805,0.04768362631004
-0.15361662745249102,0.9243077073008795,0.047110257946389705
0.23897086193667005,0.9120970322456345,0.04871221042906995
-0.03891392244591094,0.933001766663676,0.057654737568850464
-0.17149467212781777,0.9074234375752372,0.04052552211689256
-0.3527233047449864,1.0,0.04390486191701513
-0.06691106847894396,0.9799471763046225,0.03287085336454927
0.1863349921929605,0.9763024865684614,0.03571144136630527
-0.16778100125222667,0.9607865563175821,0.014295668357963448
-0.157169672201779,0.9838992706099627,0.03326323671857168
-0.2629654163839867,0.969642907259335,0.04721510267685472
-0.13842876542322666,0.9571145978735061,0.06406833651347126
0.12710281774356458,0.9542703303602142,0.021540575718587612
-0.11312843333632137,0.9586824561219679,0.0491259106644935
-0.013441824470355147,0.9308584707699956,0.045426625028377514
0.035731529333596766,0.9146477154813863,0.06269346666857682
-0.32073511381947956,0.9683655078437379,0.04915173583086914
0.2952268147135328,0.9410007926470517,0.07739823114653005
-0.09009768422165193,0.9591608214028849,0.056588398883331704
-2.062742372173005,0.7571733878428549,0.6613785353970701
-0.07100664070566008,0.9007217816897599,0.05224827325570924
11.066551421763398,0.7691003865767249,1.022317074625211
0.14855350267027256,0.9854258568725529,0.08142763048152472
0.20462369807865485,0.963673954963791,0.05488506446855044
0.28481930599900035,0.9536819549897042,0.0737951717172684
0.1420191189916137,0.9418604730326589,0.03219318008396292
-0.1209208229085546,0.936510429117912,0.05814844075396755
-0.11989994574056972,0.9687228377606568,0.04728216410102289
0.20673534070172905,0.969918985976324,0.06842408637592721
-0.030667968901534733,0.9602078773606871,0.06852657503909115
0.23127961801788954,1.0,0.06116209018545003
0.01171957280433582,0.9572140571215896,0.03861891167173991
-0.05145882120692823,0.989717971108228,0.06130729412696731
-0.014594460029252736,0.9235166876944767,0.0497730328441853
0.527120945640825,0.9796385503298225,0.07763290288696431
-10.662220578438056,0.7730661165464079,1.0985462456959683
0.15915884599017474,0.9155079981318396,0.040972369156986085
0.10244492312769211,0.9709060032401995,0.0157384929151273
-0.19103447360546144,0.9383134228764166,0.03319525375111204
0.08967558682328007,0.9662947044990997,0.054277481662061505
-0.06328352903861703,0.9025563629205575,0.02897509444275339
0.18203228408522912,1.0,0.029149858330817166
0.26864096148891553,0.9641582928752888,0.04580753217045423
-0.2620002761808022,0.9515152815250333,0.03746869033779893
-0.26776709642917085,1.0,0.04290870955580663
-0.0638287614732291,0.95265723161922,0.05870007256763407
-0.03254869742415593,0.939652598380008,0.04160121552626267
0.19700441241900715,1.0,0.02941128112614931
-0.06937963486611845,0.9697575766306853,0.05011685775808864
-0.37437590853320635,0.9224449502407934,0.03798039508326166
0.015292227597519343,0.8927987132261519,0.06882640889191495
0.11395336679419935,0.9063205840822374,0.07953179870069603
0.05177826743736359,0.9632068471287326,0.07712906494942146
-0.5514348012239733,0.9651374368433481,0.03385977287283581
-0.3949198882185343,0.9541006187851857,0.04693442850833595
0.26228907396969664,0.9108242444368725,0.04986081938082219
0.09635264763846327,0.8899330860087556,0.03565112110541807
0.13897030481278144,0.9564035065771015,0.06615643075531968
0.06486535399045944,0.9425154254946246,0.03870054286569066
0.08471384735477828,0.9231621041614076,0.05242583392242826
-0.05492801427618471,0.9867326283297415,0.01528597844146689
-4.127668306115705,0.7354389574545567,0.6679528730243645
0.08714727939957084,0.963543378060388,0.05503298787309082
-0.1745713707620033,0.9456359482828605,0.028002904048346114
0.047255437433487715,0.9556059076544228,0.08881451652402837
-0.28188413272073803,0.9476698953463322,0.053699570767822113
0.048713180474892495,0.9461808706426248,0.015507841445355636
0.20800916114379608,0.9293815575439873,0.08006108248419577
-0.04550393890254748,0.9398250846509124,0.04483130759050262
0.19769354589132904,0.9847548666575852,0.06069824986153767
-0.12945235842202185,0.9376903528483238,0.040039959904122374
0.11434246774029136,0.9249743695736561,0.02559627232680101
0.06689233669546679,0.9739241604233413,0.06808220475107564
-0.2085870125069702,0.950847397870804,0.028445940992483154
-0.4223819045665213,0.9642920707248347,0.06065976016647468
-0.12283523955201588,0.9332043466002254,0.035867473248248516
0.1039615089959667,0.9648804292347882,0.06704721971372878
0.15621278623349344,0.9254946873484231,0.0457746656994524
-0.016679765135658733,0.9026134950973551,0.06733925185760838
-0.3140890916091465,0.960271771414704,0.04657437481316558
-0.17023029380675353,0.9414703932437679,0.038941984313685916
0.04032458960477846,0.9566216311898466,0.023476365444912942
0.12675795597431005,0.9634637135712077,0.05778175982308285
0.08809059973595189,0.9242360639985481,0.03226359509560903
-0.2400102315261844,0.9689539488723757,0.04739011881562243
-0.17294560973001227,0.975496527104397,0.09587393548156997
-0.3200050239611787,0.9391105868658153,0.035799561944601675
-0.4554212735175391,1.0,0.09236348124207874
0.15712531786285036,0.9722540283465358,0.0288864713459629
-0.10044035703064554,0.9421450578588852,0.04013290338329081
0.09339339877659068,0.9622459853464125,0.003518554568301857
-0.2957141851756876,0.9861534415991435,0.0451992051811303
-0.03920841359619352,0.9320190133150857,0.08406016614939335
-0.11428442215622699,0.9263247935703922,0.028832764801153953
-0.08721855976035113,0.9830111302625107,0.06665517129311353
0.16130137695998942,1.0,0.029096514611250915
0.2368294059186778,0.9572708632677464,0.027003781437024987
-0.17816471992622734,0.9396859027345981,0.03919085098639728
0.29972059301603987,0.9598667141007965,0.05724116989283107
0.03324358585682358,0.9854768400649607,0.04046217539616599
0.35300851959141766,0.9012605481870585,0.04877400359456527
0.16414601583356891,0.8980588936398344,0.049975046052550716
0.025725360589732058,0.8972311416056444,0.08258971058225562
-0.13496828192286056,0.9595836596089593,0.0360839145083966
0.04013613227295723,0.9844715687352948,0.03679970725326655
-0.06618593847256161,0.9613890355189696,0.035935726281053404
-0.18046722740123744,0.9613284525427527,0.0547968455731445
-0.024854334649722365,0.936730630682613,0.04466475030806115
-0.06938283460603538,1.0,0.028030910966490484
0.2466940880520443,0.9528699272049284,0.063070105876389
0.18195599250853745,0.9425933659943518,0.05506627599640911
-0.09142706511339739,0.9653994019887931,0.05338054824077764
-0.39044943918904607,0.9889340436884977,0.05587506361946454
0.08721201723079156,0.9396405497717844,0.04652910298482573
0.08363866889952687,0.9687391043187519,0.08156973151513955
11.440322335201047,0.4780135832320571,1.0044392429533642
0.17285333010091114,0.9744831511055834,0.043195801921054044
-0.22407316067629612,0.9563248329252525,0.06731018639990999
-0.13482184917126314,0.9659798402797074,0.05648327548136388
0.2306525137146158,0.9407354054402494,0.043770635432035444
-0.09185942374455079,0.9083777760881654,0.03003094167866641
0.06704663060684983,0.8945422722056519,0.0815291591280066
0.49781108344621167,0.9360900449985435,0.04804977303866462
-0.004849459723277504,0.9783463182718857,0.03424423652940527
0.07313901683119654,0.9179834773854635,0.027225416290966316
-0.3327171057709919,0.9754487394993583,0.011040564092396461
0.26926012187244064,0.9714273316144998,0.10294235324563379
-0.18526066768360344,0.9365478499368196,0.05845368540301484
0.2607122943411376,0.9018329210777493,0.0595864880970244
0.02958292567155839,0.9471964187972621,0.0763954428782868
-0.0002455806868462739,0.9515374825395907,0.07045058072933096
0.2521793213346496,0.8835549239954401,0.05771595982905557
0.5625399638975338,0.9727091308545677,0.07405525243558345
0.10481874836799594,0.9370254114609629,0.07754597376458476
0.15086003391900432,0.9194434883991474,0.07782987839131385
0.11834785641164272,0.9371099391183502,0.045291770208500316
0.03205417936988918,0.9604901275895912,0.05620498590639325
-0.02485627204674731,0.9388146164622255,0.05676116047127057
0.1378825803965504,1.0,0.04519615924636218
6.83362606625201,0.46912031008442495,1.4276072235695538
0.019321366981985184,0.9512579756098573,0.0360203862418355
-0.08410245881062649,0.9362195185141943,0.05427751109165592
-0.1468983732534167,0.9496898155804258,0.03933780511874813
-0.19218911593517246,0.9707271215987385,0.05692844575329311
-9.63682030068812,0.598548305992053,1.119286592918036
0.11372211860751313,0.9305754101503282,0.04615064929927325
0.05142775757017035,0.9807532541271781,0.06319504782558542
-0.22847483217663936,0.9152460860543434,0.031174426102161052
0.2707599013558012,0.9852508540738927,0.037192924905214815
-0.28378831440942637,0.9702156479104549,0.05813657247047928
-0.17915246466562304,0.9702904300485995,0.03742748417078215
0.2070455200801213,0.9539219699161934,0.06992356436944837
0.29905649033280046,0.9545065268706978,0.05249709303892089
-0.35170361916573867,0.9333020198451882,0.0802719163010052
-0.23434589134675204,0.9356532904956077,0.07629341192504462
-0.1473995193511328,0.9882079925352671,0.03102141181063469
-0.20549800586739864,0.9245689451668224,0.0525853949557951
-0.20021727657686125,0.9158314575369129,0.08565867572861799
0.25276098502806194,0.9380231226063307,0.02829646039834254
0.08728127263282237,0.8859465839382538,0.05366154433245928
-12.341997641221763,0.5139337832119457,0.7943711866142308
0.04851100552338108,0.9542703725791554,0.04750893668154877
-0.007383966658107007,0.9835481939392366,0.026524753304804378
-0.20639508816428032,0.9873972280936345,0.025372215882361358
0.09083937095676331,0.9547563086757285,0.06603718217948065
0.19535575894079438,0.9355479098379413,0.045807890001233906
-6.503809920482038,0.5735646873891833,1.3067640375628296
0.12324642385588643,0.9272861931730729,0.036337387041982624
0.10360587762673273,0.972209102261637,0.04841477309618259
0.15737336047306452,0.975380756571159,0.06300098879902803
-0.10224151103544706,0.9549696214679652,0.053711837094695986
-0.4266176572081216,0.9957551808110777,0.07201675625669995
0.15530759069746541,0.9108604589937601,0.06384517650273348
-0.005251421783668122,0.9920922736099534,0.05813893804509888
-6.992280614582669,0.649232247668665,0.9291212170347054
0.1587490014689717,0.946248516198336,0.06525902124357011
0.12537443649557375,0.9519931616475719,0.053885369565132846
-0.12034307689845956,0.9539683055137309,0.01887943516796632
0.1390228616491301,0.9588428085358695,-0.000981642040387462
-0.1585895761623714,0.9467030566531861,0.019153153288868113
0.16306423902808315,0.9562362781138087,0.06725645017484896
-0.060702895227978726,0.9088221485116929,0.056947625638551505
-0.00884861275762133,1.0,0.05131222065487395
-0.022782880165346003,0.966605005740183,0.03688948871628579
0.012061206525716869,0.9182542725258349,0.0520557990623854
0.09487356409186813,0.911096708413049,0.05759966691255776
-0.001321600753303615,1.0,0.041260611799499254
-0.2037865963454283,0.956095612568421,0.0739366058724651
5.867623405874069,0.4384701631437385,1.004649946526619
-0.2086784957833149,1.0,0.052698209043807086
0.06973082381213147,0.9321646046981132,0.05909396316829507
-0.02160319214452622,1.0,0.06245754594727367
-0.2973015583091961,0.9579175541787571,0.03049684078097405
0.13042725942586553,0.9203910566865543,0.0617590759947529
0.015593809225076256,0.928508227813385,0.05363290586992092
-0.08672582396500249,0.9546115384272735,0.04625278229053688
-0.0311987926609207,0.9972950511800397,0.043537333593435805
0.2887256652963726,0.9462689231589856,0.05374727903631435
0.13741471587379914,0.9127550158804164,0.042035386384876014
-0.03237975080657359,0.9194690184805024,0.01926211734897793
0.1869191471723821,0.9536922982982794,0.07298947378722448
-0.07000279440760486,0.9719099556595553,0.0377476477784591
-0.2010088070205514,0.9269405794894094,0.08872492352314958
-0.006517944717128689,0.964673933527772,0.04274097097070522
0.1049309193242346,0.9238191175768836,0.03523119905391908
0.18581716782160274,1.0,0.05077290269386853
-0.02204226910117617,0.9440684834910296,0.027962081687684704
0.028084812996001376,0.9094630494602131,0.04202629843114532
0.08298667526255069,0.9143637137470493,0.022918823466682215
0.002404160761843073,0.9212123362945454,0.0389380105045075
0.01044099702284301,0.918389949865083,0.06181147366224625
0.11636534865690767,0.957289503982501,0.08001833970701941
-0.32461749814036045,0.9413812456721361,0.05923252503735047
0.04985075463701935,0.9849643224043354,0.05383890431245512
0.13502743667842723,0.9343928093531685,0.07793811396987337
-0.04629116259062685,0.9676162513568591,0.018533960313283165
0.05766290023261448,0.9421442082933424,0.06675259687538965
0.4509240761482997,0.9555581600477534,0.05981277220306529
-0.31149979894168855,0.9333373981113315,0.04767384604465996
-9.467787950891486,0.4325582460840546,1.3229308449678445
0.14619692763271952,0.9610999613882527,0.07996932936371579
-0.4161833594134521,1.0,0.07259752391503609
-0.20160508073836023,0.9519779795449925,0.07255706205761495
-0.001461043710509151,0.9474573562316582,0.042562644280467916
0.16450443579904903,0.9812418243823644,0.09194708516197217
-0.32825208363674824,0.9224959615076735,0.03870161841849989
-0.12277766456107533,0.9633316051765429,0.05827264560090932
-0.36125138347403896,0.8563150786334496,0.08198159924603687
0.014606301380825215,0.9639090102841502,0.05127150094570482
0.2980377527817674,1.0,0.060798333282303274
0.13633174939125153,0.9412510747787656,0.020502890233167422
0.12595839835208805,0.909517574234216,-0.005041564836274014
-0.1163919832266758,0.8852784224229843,0.04799850017706391
-0.3152746295559572,0.9532149408325012,-0.0029869494429378
-0.19198363804617888,0.8926305908246669,0.023974300663734727
0.10156783532487312,0.9597577913169881,0.02524225644066662
-0.046692307574841024,0.9699666686204748,0.051103389455621775
0.09979650149091218,1.0,0.03177361564205003
0.4121052997696961,0.98539920631261,0.057674586252784224
-0.2617225010171536,0.960683026892262,0.07883990117966927
0.16048510925384094,0.8817209555362011,0.05839774007743731
-0.1902485914590483,0.9418942552949926,0.043568047092019696
-0.041461247383305935,0.9873770661022027,0.061236689957862564
0.10480374407309029,0.9375945250519762,0.060471847686049775
0.26216803504541786,0.9204255594381032,0.07339251469539383
0.2671266634903452,0.9780668672058404,0.018171996293799723
-0.22490087343757456,0.9043784920458952,0.023614893237562933
-0.08535540046738081,1.0,0.03688689936997712
0.04107300020646167,0.9706525716454927,0.05986959565131677
-0.1470750256996462,0.9933083821497802,0.03426075054847963
0.27656765082262585,0.9442625727912839,0.02301912457819611
0.18669520195422984,0.9330294350906597,0.04922585236243912
0.3022798792199438,0.9657530550581386,0.062369283766545006
-0.4829228821874348,0.9700615955971107,0.08728061348912164
-0.19559501733916926,0.9754199295105264,0.04513392966872615
9.006047640711339,0.7266303813056971,1.244023485167169
-0.1637328472390665,0.961300783115203,0.05776054405514305
-0.15082777297287586,0.9383949441939697,0.04485402695575362
-0.24484138606092878,0.9759853865015786,0.0670209578164192
-0.17743158764154002,0.9682470065401658,0.03500581456961161
-0.08465099137816695,0.9319715060127105,0.013056400934796528
-0.3018461718455603,1.0,0.06647483017842704
-11.097079572508605,0.7078055570439415,1.403099274881056
-0.21865992830441272,0.9467057867907299,0.08395505569563305
0.17922234643579268,0.9588307097814419,0.09798238324527005
-0.16407806458371266,1.0,0.050587181233465874
-0.11269712752866351,0.9237732077092216,0.05596739763112803
0.11124276079760725,0.9917485236138354,0.03880106012429813
-0.32535086415068787,0.942011831805239,0.07414089065551864
0.14603497409405553,1.0,0.06220033595035589
0.15283883173979806,0.8854550226663511,0.0462516459652989
0.3170182190446711,0.9360236991723234,0.03283134612812697
-0.19352032232456057,0.9455175939244118,0.025156739005922118
0.06041004441691224,0.9340011353826696,0.059385705608713105
0.07406271329692891,0.9266074902947643,0.04424606668906096
-0.14685050011987666,0.9530113976251838,0.002305113466366339
0.3851170345527355,0.9388373903186241,0.0687986729531702
0.15888610490200425,0.9916487020909397,0.06390290489357078
-0.18835986898832677,0.9272191697080401,0.02996472492269029
0.34217654930641656,0.9787862944599419,0.05822070789272792
-0.0797788183714567,0.9956211247960085,0.07079773574063977
-0.16418980903528674,0.9442378971426777,0.0332843202547078
-0.13261864018440203,0.9314241744758773,0.041189616054355206
-0.2760379309382201,0.9395654813492833,0.07263673523609912
0.45925474204254374,0.9675052230746468,0.042077811702759246
-2.0900536134146037,0.5407617678170745,0.6883589305591118
0.38053135527029963,0.9641433111061387,0.031840299830613414
-0.26368990675880066,0.9596284517192174,0.03682474423481047
0.4209806292718236,0.9322767215328925,0.09331795114569011
0.3178630017202446,0.9451605878110718,0.016250100585631054
0.03879019701181788,0.9225995993939532,0.0471012394524217
-0.3361624342005912,0.9461386108528731,0.037385220435589984
-0.2691608589401622,0.9693953900314275,0.03998903442610831
0.13504906839861594,0.9854799157337658,0.05985612855505727
-0.10901605583168779,0.8888640103167984,0.07682828973093708
-0.4167816822728657,0.9506505354849166,0.04883277157527509
-0.12523363322684555,0.9643923409348027,0.02803918366012422
-0.1286845151871143,0.8975219891645307,0.0683436183855966
0.06826034993547728,0.9290957661957576,0.08466117521165911
-0.16955119138583535,0.9250250161818795,0.06792203936211627
-3.520222171386728,0.5752355468052173,1.1676845676103944
-0.08615927180893063,0.9206954327489276,0.008544885081700246
-0.1401760614062688,0.9774916136848057,0.06144885655304136
-0.33706170324141804,0.9823297946622512,0.02670764199570907
-0.029051089061115046,0.903729482143113,0.022852784818511298
-0.02505805362067742,0.8943016077071855,0.04495649845698207
-0.03972234598282395,0.8972330483437859,0.043323829704614514
0.17235360451636966,0.9568644470621058,0.025344386958369786
-0.033174299526729616,0.9719626369753395,0.05613809701852346
0.08202347198220299,0.9301562741909741,0.033541018615178386
-0.16718700208878698,0.9451699566733135,0.013859543135877818
-0.2097044063320067,0.8927545864186046,0.03911644055647197
-12.161244694115382,0.5799836140522798,0.9215882825853977
-0.09099719492543501,0.9618058497272428,0.0361123692549528
-0.14527312589417216,0.8919618613581106,0.06104965031922473
-0.04868314621380586,0.9580646081459903,0.06339368856586776
-0.15809524542535558,0.9708660091065779,0.05007122778477247
0.05248973200337122,0.9258247106255528,0.048393714415312844
0.17411316145662653,0.9417571945127345,0.054708401962564705
-0.19320137929707876,0.9632765866386355,0.03461122976620029
0.16404808170311114,0.9643075301349131,0.03987196797604686
-0.0012145752260604937,0.9047743281234044,0.035605516137661206
-0.03235439258457748,0.9750849283001523,0.06006590686854558
-0.1007952778027025,0.9552858660238439,0.043828323766385686
-0.108189790038587,0.9405988225886938,0.05651971110636898
0.11098231022422154,0.9692084880227433,0.07418174612511247
0.04040616605265655,0.9314924013606711,0.09034212743235272
-0.1456021608143193,0.9750118281469681,0.07021808278906688
0.02445192757152223,0.9574472976464871,0.0454437221875063
0.031016526579865134,0.9498931484918698,0.04704238694188822
0.12875950898565158,0.9406256219679456,0.03588327999472622
0.1486232539936532,0.9664854727324848,0.026084884467844703
-0.35667106872272397,0.9105762792010916,0.05260309172431677
0.025726140309147823,0.9965878918309301,0.03723014558555676
0.21693326010990757,0.9487986376426921,0.04205191721143119
-0.0734278105843159,0.9435595915189877,0.037517167067242375
-0.3228127126524134,0.9924665028012648,0.06749719771889318
0.31247287594454165,0.9250872912859799,0.05192073951882403
-0.20365549368384098,0.9094060740822046,0.019936745244158456
0.13746013258813694,0.9620808325939898,0.04581431908547615
-0.09377298788828536,0.9787454036239327,0.0305019763686242
-0.02808681285610657,0.9191113095795278,0.040039154508951735
-0.0593367531657944,0.9755057473516823,0.03454856847465946
0.2204386411612217,0.9422277274974603,0.04293994981249849
0.045879473070292866,0.9592887561081253,0.06654847398542414
0.08696584857607985,0.9564030235971533,0.055564184217484575
-0.131375966750792,0.8748786678414062,0.049623069360024516
-0.410888861455439,0.9791741012329475,0.04749921475303869
0.2884057944711099,0.9291047578420842,0.06060877452037327
-0.053111078392562384,0.9717916653625556,0.06503642020861666
-0.07306937580226978,0.9138508445925935,0.04762651754579813
-0.39211431102200167,1.0,0.034303476954790135
-0.09662551107132655,0.9085616314042662,0.05660878399682643
-0.16499489498532785,0.9192988941288002,0.06836164561695042
-0.1730076653067531,0.923074245045455,0.04172250730790616
-0.18596872825018937,0.9427814619356685,0.07025989121907747
0.07046441534274467,0.9346795965130721,0.00686262920810729
-0.025807949676426235,0.9306811059920177,0.057175397262813135
0.15573793666459657,0.9717805815860239,0.04027309288355348
0.28178490366395165,0.9951012027124575,0.022329957460010916
5.972041189120959,0.5838221211999505,0.5254558290522727
-0.16994423314844515,0.9868263993545221,0.06860919358803848
0.2814894159585118,0.9809299893356134,0.06574475958505746
0.16929648178406426,0.939340614338053,0.06632993035267576
0.052817841640540014,0.9549650040975968,0.06111069243542966
0.2639738581959324,0.951192530804363,0.06993213031797527
-0.22030334310887534,0.9845945830049759,0.06692869100471215
-0.13135712370737462,0.9826905469421643,0.026271792234067056
-0.1774760381909096,0.9225873958118531,0.03713673712951894
0.029306910734472676,0.9333089801076216,0.04918348926006343
0.057772721694409994,0.8976317721571687,0.021556330672753053
-0.2202792453576619,0.9056825171902992,0.023132713856473145
-0.06138985558200334,0.9291427672039244,0.04658727426296843
0.02715313993429333,0.9539571167477061,0.08423688158009403
0.026931169242925074,0.9377397263472912,0.06494883709589976
-0.251213046460049,0.9222807689915508,0.09023497356465475
0.05504499800454449,0.9216336012666916,0.05504052390490322
0.14642950336034619,0.9548480113756692,0.03851582910563206
0.029943964544928415,0.9624533986755612,0.012077796953794469
-0.045197240975663494,0.9561903058224401,0.0957108682764078
0.1792687735527576,0.9437620930330282,0.046519100350368756
0.30232009086096745,0.9080358953831852,0.10893157546217333
-0.06758893337624143,0.9067013221219459,0.0795733424998942
0.1921580227198987,0.9868763744892028,0.05407766325843055
-10.333502568991026,0.7727725228110808,0.9985168039832878
-0.06455208876532152,0.9454493416043745,0.07839394589032025
0.2792929283910458,1.0,0.03795415554345767
-0.16754139535307985,0.9066248188811648,0.01672372977967007
0.24952027645854333,0.9806083959399431,0.028100815979244857
0.1642288533760044,0.9082182749592752,0.0651948346830203
0.1440385927128148,0.9288388991770592,0.03956750869167032
-0.009926759746378362,0.9858087597090218,0.050256174179088356
-0.35970772525896894,0.9462762696653343,0.045982402359526775
-0.3408805449712733,0.9316675566580729,0.046770505311954695
0.188700566558574,0.975551720876891,0.02871794276284181
-0.18507262134832345,0.9612164764666163,0.09577650574159965
-0.2601919239450248,0.9959265099256042,0.05097836796207606
-0.09585270795936045,0.9249696939603538,0.033865944303897944
-0.2461165305326591,0.9454594135399148,0.04045355828693647
-0.06491787443655449,0.9369187088169904,0.0606544738019866
0.25847124281494377,0.9934465275134561,0.03489639577639564
-0.3360372631900791,0.9745253330013778,0.0458641187694092
0.09570879022996914,0.9526551572178338,0.04039996813155934
0.07220696179869901,0.9651284615853759,0.05095579934850827
-0.21672574833031205,0.9422348099048188,0.06027404781884693
0.13056442380379424,0.9659330309549344,0.037533900451410834
-0.2563283141434438,0.939490668823923,0.035530051043858264
0.09438984249609472,0.9921660194583948,0.06477618904894106
-0.21331854375482437,0.9394311254946061,0.05636940319342698
0.027118448903590837,0.9449619213924608,0.026964187256414654
0.38991270087875923,0.936911546974738,0.04071103669406575
-14.735497062839952,0.78062814514684,0.913853489847141
-0.07345702478671406,0.9115129361555945,0.031806149711648274
-0.4327979996956038,0.9547684170165899,0.0371682809699674
-0.06785554240533462,0.9650920592357581,0.06548806110357284
-0.041785633528052216,0.9162926269325405,0.07488589545810445
0.19006346472032115,0.9102580018998012,0.05646397465856126
0.2777706540025979,1.0,0.03438018223253559
-0.056949084527172913,0.9362876765992743,0.05594062048386531
0.13150789377181707,0.9246871068451946,0.04254207029392935
0.06512722388109547,0.9206231153038633,0.06141999358765566
-0.33384506098669564,0.9390101664896877,0.062300846283755956
-0.3070026555423856,1.0,0.016704010697405403
0.030056792276378065,0.9225840468469926,0.05703353252212244
-0.19553733886187408,0.9375947923738404,0.0723078023270291
-0.12586714487130235,0.9212328352629088,0.05111966231313521
-0.010151145286086941,0.9638771990361574,0.023990147809645722
-0.009340170750311497,0.9850407199557847,0.01843375225897618
-0.03646439356178876,0.9782829706707032,0.04746640813895848
-0.33706257809706636,0.973355530422589,0.06854600112404972
0.1969098881429263,0.9105251894259678,0.048297083334701486
0.34229903362879593,0.9111605873631631,0.05416110740964053
-0.032832515660141504,0.9409549179074681,0.04358610743395646
0.08626522951720028,0.9145877410296163,0.05931590360288817
-0.17857178346542524,0.9441290398216163,0.07631878910503491
0.07573876350170797,0.9070569592078631,0.03168074849560783
0.0972138217911854,0.9412006728829111,0.04287220215452361
0.16566795289626432,0.9682098089235774,0.050703607830493394
-0.19664073444042893,0.9256527609405524,0.04147622288400303
14.073480888147934,0.7144092601088277,1.3945264289267212
0.07759236422976935,0.9345680674080963,0.03133453755226198
-0.007397972818975098,0.9451925995554383,0.0607000565639782
0.4812561540293563,1.0,0.037990809596554286
0.09151759580222678,0.9302079810961912,0.059324656975263526
0.18609540628161608,0.9394525153176089,0.03434098896722755
0.08726475284983297,0.9700081854504076,0.05994698652830431
0.20249701231770745,0.9913080973115108,0.02540497452175284
-0.07476932979214444,0.9331081563326661,0.019123854472790868
0.18603495485053564,0.8930285524772588,0.05103280544760683
0.20494978057369184,0.9663098158495009,0.05451323978010902
0.20777619427804106,0.935232915679418,0.03974544814268824
-0.007134843505358592,0.9905638670677622,0.0905262458804723
0.15493483341694025,0.9072533356486567,0.04438298995432743
-0.1680410234955746,0.935636824303739,0.08000899208287299
-0.045130896162166236,0.9121281974543325,0.07021920906923003
0.22591585531217456,0.9364098252970162,0.04582056558288542
-0.05554384571225621,0.9389812195392254,0.030274830621871987
0.005264194196001224,0.9313435159218341,0.06964966873746138
-0.047607415486289016,0.970003860218553,0.06272654867007126
-10.180197746016457,0.5081302275526534,0.9993384106071113
-0.06650471676764312,1.0,0.04467431733455913
-0.03217767167114418,0.9456397659155449,0.042343860593898414
0.15242538946970308,0.9111724290147231,0.06842866926450353
0.2807065086357641,0.9651766719071213,0.06459318499864414
0.019131761601532682,0.9780993781409069,0.023279773681292724
0.06404413969975743,0.9639099229427506,0.043048706024241636
0.10120166373542382,0.9305247649279298,0.03467933336693192
7.552128305113594,0.4657649038367714,0.7379219451390339
0.27818435712873024,0.9539448447767288,0.04254297632399357
-0.22394323645555173,0.9464582416733246,0.04477769920478518
0.19786842429253715,1.0,0.03263032606723707
0.14365829176066197,0.9855853783981497,0.022140611455016546
-0.0157065698693302,0.9485438512842357,0.025638306890146196
-0.25277421537206196,0.9631183540878702,0.03474231414447576
0.04549096084588662,0.9885725170028627,0.061230535531472584
0.44427697974568825,0.9957395373595626,0.043256370786680105
-0.23680173297404858,0.9588682196711852,0.07960765356337915
0.1381783060615913,0.905606549085673,0.03218175669041849
-0.06726980820370601,0.9974522201936574,0.046993712450085115
-0.1869406647609492,0.9240441660402712,0.01247696516735175
0.09299173814382523,0.9398242327115172,0.06119346346657674
0.03006100040404674,0.9703369391428349,0.02229194034535271
-0.2044954325504035,0.9452940494564634,0.059102489509215456
0.13975375677208451,0.9513122972874399,0.0463954111267711
-0.3148160150228057,0.9866720799295832,0.05088085265500605
0.01866735469459911,0.9359554243982419,0.06050174246544205
0.22254879868530242,0.9580445807991779,0.053856202951759545
7.505342613241298,0.5166618714351886,1.2814246815489363
0.29564418585016145,0.9607456985444631,0.04378556866635886
-0.2682524888686014,0.9620386612071877,0.04726911453830839
-0.19083746607839025,0.9460112864118396,0.039786345964765046
0.04361654837157391,0.9214802491826874,0.046549923657719865
-0.05894104420672384,0.9331102001215028,0.04268103375209048
0.12529686240825808,0.8876975540266532,0.054560754500613526
0.032672776743227785,0.9301770607692458,0.0558765602844499
-0.01936111716567753,0.9186152530446602,0.0624856681946081
-0.33421290924159025,0.9182083212037322,0.03835737232326485
-0.2691758818269416,0.9177211310276262,0.027807402459151975
-0.2481783737756909,0.9181370835942803,0.04060689179864235
-0.08217406487390388,0.9502568369281034,0.044569637288237075
0.18790292426276906,0.9094322994589981,0.08709587263566716
0.3156015336747071,0.9706170443718202,0.03759940488992723
0.17701348228230607,0.9730679362080186,0.06128307525208473
0.37879801541471125,0.9379235793806845,0.0689738276659509
-0.27499908091732045,0.912121326199344,0.07232858597849984
-0.22013253829828772,0.9566181136819254,0.04649084072223067
0.04197476802572404,0.9368628143742744,0.04451879123722397
-0.15084015811972146,0.9348954791588964,0.07011161746192499
-0.24172663102547648,0.9584249126056112,0.02041969055070485
-0.008763423058804516,0.941431083963399,0.03762601010455892
-0.165644429912045,0.9298856337778,0.05007766233259918
-0.014966888506675711,0.9217207009275092,0.04381274230874358
-0.38017529534362354,0.9277902255358383,0.06039002870676158
-0.2639742263423659,1.0,0.058364134928610034
-0.14862940815412903,0.9177337356439067,0.0022124060267115567
-0.4132386383650981,0.8980588720752966,0.0004443285471181155
0.11825398712035147,0.9550555165766522,0.06277942841001366
-0.09392091054886503,0.9542115030506213,0.030476350246689626
0.36576207959164436,0.9574508620645573,0.053124461471150186
0.050951433505160904,0.9372592875413689,0.030912932335404125
0.15171237268572899,0.9278036833613945,0.035732145627372404
-0.09429804826530175,0.932615131497217,0.09397003383166752
-0.09342642027080433,0.9871305121385554,0.053921295162000185
-0.09217085793842938,0.9472743100873641,0.051258897999327355
0.2624059529219057,0.9547962909332253,0.022950176197073315
-0.02113275271909501,0.971675643600212,0.040058222968353714
-0.0003563765040265382,1.0,0.061096588908138225
0.2747848644746851,0.9955643377454086,0.032842657460992894
0.08858606814031357,0.9044136063229776,0.005173038500803848
-0.19316401047833054,0.9711282513442429,0.0580647195249337
-0.012035933446492302,0.9517084380786325,0.053624876142367786
0.15035456297305094,0.934465353089181,0.04084254947356526
0.2706549818272079,0.9479077691275825,0.045262182230338406
0.19552101432344296,0.9741044259709958,0.06992209246266223
-0.05447302671863566,0.9463173439251517,0.014276839371405683
0.02407355496752891,0.9977865508300922,0.06278808089285809
-0.20082520525318018,0.946850081602314,0.016135264366216803
0.12843338735200666,0.9555876627315695,0.04687672068533281
-0.13214310154033335,0.9844634294853842,0.04177943978570105
0.08555131095532807,0.9356610221591778,0.03784957286455777
-0.31095941826190443,0.9270365915984194,0.06317087949258149
-0.1605827043598568,0.9503359704062679,0.06846590988135955
-4.3334878767039005,0.6284573913571899,0.5363117470924013
0.05468936231913488,0.9418024006027893,0.05147225877135237
-0.11893215796153152,0.9711071470244441,0.04301034453926172
-9.506015318819056,0.46240061585759296,1.4204915647278962
0.21508319533646977,0.9482475655507218,0.04749387615518626
-0.051271467464782575,0.9577820415217718,0.0811535171278193
0.270300528878192,0.8942477574451367,0.049125404638348844
0.10152135903308475,0.964524092459577,0.07423753732345927
0.1125074610488964,0.8997247952478409,0.017714159536359707
-0.16771687133949467,0.9405776991453069,0.025386196535451308
0.07982844405548425,0.9251893573686701,0.03932679358428851
-0.09717561825773789,0.9826321916448035,0.03368161744769366
-0.02835367317080403,0.9524472899849513,0.04232436645651249
-0.06705217515536692,0.9646374755744455,0.024895227339193363
0.038173723643028935,0.9563061290477692,0.04077671029650378
-0.03254745822012563,0.9721842409955916,0.08103797791629849
0.23001447399740985,1.0,0.029199334704982732
-0.02193006938026687,0.9219561812186061,0.010978356712141063
-0.35127619472519167,0.9901630355355688,0.05055155643547588
0.03534983848054323,0.9333445518101089,0.03814715207906877
0.05813902222306543,0.9089372230683668,0.0634206850694251
-0.22823303657079494,0.9470334711198628,0.05115926207496846
-0.19848436480797355,0.9327886695537753,0.05684740489461321
0.0770184201430492,0.9789909848029261,0.06665641763919056
-0.4175837299701029,0.8912076903248297,0.03435785909194227
0.03426373298009224,0.9501474663479081,0.06751794528935776
0.027932163658467474,0.9587290847331014,0.05893906136677296
-0.3036604660222269,0.9343791070380417,0.041905921741839214
-0.20727036565350293,0.9510738513305838,0.07175367723887303
0.15332907786332362,0.938925731588012,0.035679999054691165
-0.2518659263045026,0.9536840131661674,0.026584306706433917
-11.339404745899202,0.6667052226783443,1.4534730929651871
0.06356367832200885,0.9284120762151481,0.04504488477681036
0.05961565181209505,0.9550341778749489,0.07112870606338792
-0.31757769339801756,0.9234264031469603,0.030314666957420265
-0.05676086780094757,0.9249485691878571,0.02829756166491844
0.3339600168543315,0.9174777753492825,0.04918404281189606
-0.06955550630290873,0.9525892592657857,0.04825334807858691
-12.421826708188625,0.7612130346320468,1.357350026576826
-0.03667938507982879,0.9254245490027265,0.07666836771169751
-0.1325743589377884,0.9529018750625659,0.007709243486406996
-0.0040889581714755605,0.9421639208152698,0.04390801876893666
-0.08714666353494858,0.9680431954503923,0.060665704718822586
0.42128876111489205,0.9648065203584957,0.02950580401285151
-0.3028973007421035,0.990096208867252,0.025233640469182167
-0.24608728411782638,0.9834877147262466,0.0447502812603856
-9.082145441591432,0.7925252779759903,0.5084984469972819
-5.991939202522341,0.42535406840908624,1.0073890558316034
-0.20768906278685098,1.0,0.051653469726334535
-0.08751928478966352,0.9673498016817096,0.05346239552903683
0.03426193370905503,0.9184863455428158,0.022623802081605866
0.16185227693948834,0.9934331581745303,0.040494582836437934
0.27863130048607515,0.9915169777201785,0.008221873649483714
-0.09098143655034496,1.0,0.07223052768793287
-0.34426339553755053,0.9467017284354461,0.032466496092991695
0.04652919745493438,0.9642302291140389,0.02599193293679962
0.05606802392676019,0.9236191378302148,0.058871214369395415
0.09470484187374856,0.9515323596205643,0.059050325278177454
0.4762140249740777,0.958152599814971,0.027751158615842694
0.42972517479899963,0.9369739026017088,0.04244752173111905
-0.257316466120269,0.9413170933172181,0.04509086327082716
-0.25910610857990524,0.9047506209554277,0.06333365063298996
0.16362908188986336,0.945465098926391,0.0345251841485863
-0.1333110603958343,0.9638154434336185,0.05469382871899049
-0.09516574243948042,0.9981854027174094,0.04359813954566247
-0.23318573030892994,0.9540896889980948,0.05213064548985884
0.23318862811498486,0.8793946660900274,0.03161971385879826
0.285608882426999,0.9610651081058207,0.04274031344646206
-0.21330540379050755,0.9488809025523207,0.03197714888362794
-0.3495059954803523,0.9636509951341067,0.06763528419332743
-0.206936798394304,0.9545552885306731,0.09717889638615887
0.38627945486035625,0.9601552267424365,0.049132120685458906
-0.04661282386256438,0.9719892804959296,0.020924945049017686
-0.3453391476443344,0.9290265582650054,0.037770765246922244
9.225981458641836,0.5059671960665693,1.0105997911157
-0.26469038338656825,0.9054793212863455,0.012788049871776001
0.3245236078566326,0.9897706143137313,0.07361876291781887
7.7129991398222195,0.7443758267561431,1.4197139803869
-0.0731707736272892,0.9490554305753178,0.08345258446035372
-0.10420162251195231,0.9329922389445239,0.06132565027688514
0.08313513203626031,0.8980427252296821,0.020260480154877004
-0.3035213537633866,0.9388013104610768,0.0651391325091479
-0.3989675048123331,0.9402036916777484,0.0629418218855689
0.05217082355941034,0.9421756302186142,0.021369023553287698
0.0659685999102555,0.9759375807657878,0.0886266773386976
0.03513136763416771,0.9485071040156569,0.052388591405837966
-0.012854625160961183,0.991061552156142,0.08916132822315885
-0.16522581811197157,0.9265327359768504,-0.009779142195212837
0.09402930840411494,0.9645715971373062,0.04971461958216751
-0.03323050525117032,0.9429054572874785,0.06409214788531908
0.08659712178478034,0.9650616631037089,0.04339598435885888
0.14589140448996418,0.9590409614290475,0.03610406390545956
-0.20854147588235566,0.9419966966760623,0.055019703889301816
0.5114655459007976,0.9582651080884454,0.059105592823888636
-0.11126251803000618,1.0,0.06803077852698232
-0.24396712445136376,0.9735526749091573,0.06951644803091965
-0.01165168658144252,0.9629063040961682,0.02468585677059423
0.09245979962347872,0.9557491184327412,0.08889832394954011
0.05652872212511354,0.930747990482189,0.06439360976581306
0.037342628145877875,0.9199249401216215,0.05251358200894394
0.1006752032659243,0.8807690691052218,0.03097172179288939
-0.15355126662001525,0.9599051164420725,0.05723849885483396
0.05718028422960694,0.9187171498757298,0.0319308044934139
0.04113967768280338,0.9478479651900121,0.03665307502014886
0.04556404487697233,0.8917010010077543,0.02193943347527633
-0.03354296196489553,0.977917589712628,0.019747694926716287
-0.22093230460846552,0.9283102267491983,0.07602294346463129
-0.1546429472605108,0.905042626097994,0.045317735758951774
0.23690595561944527,0.902759298859993,0.07234336264041599
0.040586983564208194,0.9497838498623713,0.0832213531057796
-0.23543430901334503,0.9330867494906376,0.06563618531638409
0.08989196235363486,0.9290428337487963,0.05460762787879698
0.06516863661840017,0.8627927125923899,0.06874365457530662
0.26136793182249707,0.9355469583581729,0.11658720568424648
0.17121500370715598,0.9217418264703701,0.008647848729887872
-0.025715928655084375,0.9361485049804089,0.037763306663741746
0.08650572370105751,0.9726595882015969,0.08267306778597175
0.004958581267494643,0.926929022147664,0.07519380951639258
0.10180485813670051,0.9605565631079948,0.07534711455560916
-0.3331328811778831,0.890704361774491,0.04525534076275299
0.18530365409304045,0.9507534262025434,0.06764958824501967
0.11866930255400804,0.9699978064075402,0.05449766665541231
0.07926513772762986,0.9422472027145534,0.07032588743552426
0.2065790311278306,0.9408191333064672,0.054813864165205846
-0.07695251670286746,0.9689853632910769,0.06290997117688031
-0.010322918550767978,0.9685464103394349,0.06412359788501609
0.23594162672916222,0.921404904335531,0.03971380091077999
0.12874597014289313,0.9612738091108283,0.0413915214103527
-2.883366388788495,0.5617706071778601,0.58465440337717
0.03093999336984037,0.9610787680761773,0.049614095068226616
-0.11662117622479976,0.9452696758712134,0.05123329890038141
0.2802182190552333,0.9402344607641883,0.08413735043430023
0.4412759576374968,0.9970527187435956,0.0643884662676386
0.20234809408121368,0.939994827990368,0.05181392308065179
0.17871968548958594,0.9133066245271566,0.0842176329841087
0.18383362098608425,0.9888515350672624,0.052390863933271
0.36297466598668593,0.9567202794776534,0.04883779449634275
0.048681690107270296,0.9324403109887669,0.06590556049548658
0.2142647798882107,0.9318378920701578,0.05632711948459342
-0.05801996498501636,0.9527731170216871,0.014010222945876304
-0.06270725797284249,0.9461348422880208,0.05063868889946086
0.12928374212993096,1.0,0.008791393965484687
-0.0716669077568389,0.9825173538277094,0.010877389661890717
0.09245409187593749,0.9351691220500046,0.07409964234762198
-0.01595529070940107,0.9495409781799115,0.06378848598634422
0.07692314473542033,0.895163270319518,0.036761057360793006
0.06090009843311298,0.9106537905049091,0.02889512134659364
-0.2190288103500056,0.958591466454148,0.04064155719951055
-0.06711133620039819,0.9608302160967448,0.059006511470862756
-0.25652668818055346,0.934535364608272,0.03248175291717819
-2.984656964191954,0.40524623401871895,1.242819459361235
0.2246913585514459,0.9865196243156767,0.06182018896900401
-0.08179494355587581,0.9679629597623107,0.06775365637551264
-0.028720833468450186,0.9522816199524062,0.05413043917220803
0.3361245506464063,0.9347661724143552,0.045204058647446796
-0.22694881685970622,0.9204576264335611,0.06131026504469221
0.34672609315327174,0.9592312448053695,0.026375713142558998
0.004246528392473053,0.9822929292270927,0.02215316568968211
-0.12256294549645651,0.963684110428658,0.057311971935708556
0.2106636279648206,0.9693379451112626,0.053671628065109216
13.18584618787401,0.5741001554699208,0.6921871875328197
0.10513413943727762,0.9571781780313592,0.036319066431432054
-0.27990051779528813,0.9383692073008121,0.06254508924409187
0.3266585774229446,0.9037906374667718,0.09077587919337698
0.30069949700580034,0.9556965746008416,0.06311973195225112
-0.3904551748894591,0.9591944309965963,0.06164151269841267
-0.06836941711944448,0.9269423377199693,0.033501218382715414
-0.1944814137716602,0.9397389983338523,0.07799431032343476
0.19061766497796434,1.0,0.048626197443446664
0.013220321634081093,0.9490471139253267,0.05562986009918819
0.41333391366594247,0.9014133576219787,0.04942201974403352
-0.10488202686440587,0.906070626253605,-0.0024678257112462007
-0.1280261086241153,0.9715521971809197,0.04666941604983867
0.03238428158805248,0.9578322288673252,0.05127229589824697
0.3925799006961795,0.9506863965621373,0.03898045473332313
-0.02998039927972483,0.9328367572004537,0.014476202513423159
-0.08460011757685611,0.9363901702545785,0.0482985057741026
0.0827964007361705,0.912272634098336,0.0574520297577058
0.10342698939363,0.9600411177876457,0.0398323669977276
-0.00046329989044667676,0.9769280639825753,0.08543980415047658
0.05646787274175549,0.9533740649254888,0.03775057539046724
-0.11720250460040026,0.9630211928300533,0.05200938162667352
-0.22476294088635004,0.9651591183091434,0.0636926636890095
-0.016590228174773958,0.9045137954640258,0.05682811886342957
0.14273913151383874,0.9304997312658078,0.07617213218679793
-0.21686779993009708,0.9802748839095854,0.05653939082944718
-0.3691271113777432,0.93014639198256,0.06322260665863365
0.11040402087833659,0.9980279072042205,0.0629175697209288
-4.319608601329795,0.5032111429978428,1.2893588716422841
-0.331957060811876,0.9044392624596242,0.06413649206615962
-0.19502003923063832,0.9305057056090626,0.02117449509123241
0.3178961834597083,0.9062149411582425,0.039448767846708296
0.3269982812083776,0.8809408560600798,0.032737035746614004
0.01836361388981065,1.0,0.07100007790963972
0.3698732774341934,0.9350257881787212,0.056896712933341004
-0.1326238067138654,0.9442537169782609,0.008959824229047474
0.1154093618605248,0.9456856287326634,0.044868651360326695
-0.27229926641501123,0.8975123627092381,0.03148249021115373
0.11293877776689783,0.9376804113872796,0.06340283394936362
-0.3030029175409465,0.9475114289016255,0.08647615687466434
-0.33869364013897685,0.9500534560458953,0.05326008404198442
-0.10204797970243502,0.9774377141448464,0.10936621292774637
-0.20548237167835764,0.9165390431330712,0.025750665063897313
-0.05583122207927425,0.9699118514168825,0.07951177401174275
0.11468204167993384,0.8905064010234826,0.027971962260723536
-0.1693069640732972,0.9028319593497611,0.03906221719949253
0.015979063348798873,0.9251526953430377,0.0494701054064495
-0.03295999077158845,0.975802394745066,0.03542258241941836
0.44873416335406,0.9556699271690269,0.06383011560438834
0.1868018915440401,0.9615932639019636,0.047906199823771665
-0.13720127410317892,0.9802626697655283,0.012646906499128835
-0.2223757503617586,0.9824750373141728,0.057391429826336555
0.09601452201993091,0.9575852476032802,0.08023099695469027
0.002969861057820844,0.9600891879229589,0.06876841976701203
-0.16822829754086865,0.9805249319935309,0.039511403357348374
-0.08059240167432255,0.9593508508145712,0.030377972595510814
0.0005530043444617864,0.9965712988820833,0.00825174673076072
-0.09080508701835525,0.9762691273065103,0.016806024691877024
0.42628830507104054,0.9591016188238564,0.04266977791002112
0.3349627368758215,0.9479110979490445,0.03940249899481378
-0.40368641503427044,0.954905320610171,0.06482370457289789
-0.1277867072329764,0.985453634117148,0.054785875270678776
0.43004648016594915,0.9769893557916955,0.0683539669458263
0.15283823046138656,0.9488369277424406,0.035964541132060004
-0.014597137638552957,0.9713254073031001,0.03317455880073412
0.22497435297563717,0.9628006006400516,0.06254881397920432
-0.18073045665570409,0.9529990342232632,0.060221613331000165
-0.12555107495269938,0.9443633498743331,0.07103091196330863
-0.3269093088754776,0.9450079392734383,0.05160025001576278
-0.043643734808113094,0.910511387371309,0.0890116394908614
-0.18752868212191612,0.9917813070694639,0.03720163077568994
6.123515073219605,0.41207252859064586,0.992211763336206
0.19930111071026263,0.9786951882744838,0.07291216970244657
0.03623173754068515,0.909212726795991,0.06066484269412119
-0.17025245531426525,0.9375226831866457,0.04869210262698908
0.1405242488563973,0.9686910121514689,0.056038387869465786
0.3925681783226268,0.9240133570077836,0.06297234525503445
0.06061037292290494,0.9397376741428622,0.058263824711649384
0.018439298381174384,0.9343858991466245,0.03663558938565154
0.09831925354315253,0.9742113052478096,0.06621421515995704
0.09995536917441356,0.9491810912410802,0.059349716958882776
-0.2599900205193338,0.98895501541041,0.07021771860303938
-0.46538985339619005,0.9265587769057713,0.04218019862349698
-14.943989710985424,0.7774414068689608,1.3381625504772314
-0.009592102554250697,0.9220146959359299,0.047602512712733754
0.15933639526222476,0.9799474342986529,0.04496012424119877
-0.026486984392760655,0.9336208599354155,0.05577288768766647
0.06449633063063347,0.9419024752074284,0.05021575702544281
10.828649468387416,0.5286839900662235,1.3665570013657005
-0.1126350262123757,0.9121209009055484,0.06846853825282827
-12.604544938054431,0.4761427201869511,1.031754346728234
0.3396843003713781,1.0,0.052223546766300165
-0.07701353172659336,0.9481718425888727,0.010789590673424491
-0.10604666472686378,0.9566769017256497,0.09939525998108141
-0.3911620595314482,0.934325158109284,0.05104011550751856
-0.3515891474589891,0.9625472208062187,0.03894981633068129
0.1736843364835798,0.9169357278263437,0.05393135827162379
0.028035897056012428,0.9276687297561472,0.05325174177664142
-0.09778612621330297,1.0,0.03021594061290556
0.3027565212232874,0.9249117315253425,0.05907418371670911
0.10424125843463664,0.9653773538235398,0.06505718756546088
-0.16594151473621133,0.9920036961769992,0.021239396475718784
0.24772233159166995,0.9555537184514663,0.06131502935277077
-0.11370080904202103,0.9309120373186648,0.05820100312816957
-0.2582956749716199,0.9620743481637613,0.06401797585345198
0.12620698317308615,0.9292073459869694,0.062478692836108636
-0.11680306987437253,0.9450189907040496,0.06454027498430663
-0.22360505888615304,0.9263470336407644,0.0586869037703804
0.30734693284928305,0.92932736419055,0.04813854234246337
0.02246121566478743,0.942531749864723,0.06320761703032315
-0.16333028619776221,0.8870020296805988,0.04850811736056396
0.1877247842911155,0.9072570343850153,0.06402223017241697
0.13043552195365984,0.9541140371763294,0.07487680568042447
-0.22079098823157622,0.9581489621856983,0.06903213674829438
-0.02911839698892751,0.9094531174153538,0.04299468874260074
-0.07636032759379419,0.9184459646727444,0.027604872990218098
-0.021153207572045852,0.9251171862402918,0.059419891056312305
0.08919493588036335,0.941615443103473,0.045734909885034994
-0.18509146618168568,0.94555849079956,0.03579867380448849
0.06904115974973017,0.9613333719844793,0.05258860267800757
0.41723435773112216,0.9071296023883627,0.01740873843251732
-0.24166016799742052,0.9157936490725467,0.05318134702005753
-0.05851962683045802,0.949574970986515,0.059407195089050104
-0.7374562848183605,0.9788145335241057,0.030421781774734095
0.053774857583503546,0.9265267224524659,0.0582478979742193
0.04039047220485697,0.9535424673966528,0.06745563955210321
0.10970478485858681,0.974050720703869,0.06387785286520098
-0.13640959486151505,0.9842635176345752,0.039319546136547465
0.03675204565784861,0.9734563358856102,0.037444579452498974
-0.20162654450254053,0.9131197067385461,0.03910180355360493
0.23205190923240418,0.9619723972544298,0.03365104711193172
0.10138430426697409,0.9455853712468382,0.06489338556426717
0.02442744931104554,0.9022256985966136,0.04529205941490652
0.029333290410643188,0.9064364503793321,0.03664455071411661
0.07197999309910598,0.942247901687704,0.03694177802875406
-0.35132636658734073,0.9478337792879652,0.037916598172202026
0.03754807341965018,0.9654960291479551,0.07554850074429746
-0.013999524177583973,0.8928524595623832,0.07033411569812724
0.055530741088791136,0.9270852263599889,0.04023771786949211
-0.06277945787028907,0.9514194064770974,0.07563670222718964
0.3348339704266199,0.9753174434946124,0.03253565269510264
-0.05978018558358167,0.9149276295304594,0.06158209098390754
0.07518808179943326,0.9368010463329913,0.039061920518838784
-0.308816933852989,0.9373094632788169,0.05070080509629923
-0.19561071880140457,0.9321721511410163,0.0422609371428628
0.28486912334159886,0.9270769848100149,0.01893731130541377
-0.04906709582480572,0.958564410784479,0.04094954171740402
-0.2920107953914962,0.968241115462774,0.05901190320985777
-0.15940259957677755,0.9535539425396212,0.018703085666852567
0.4227036402718203,0.952797955305457,0.019124396237992326
-0.12563276685208138,0.9306639462245166,0.04194713427864461
-0.15773069636626075,0.9381956499833297,0.04918502169065779
0.08289618197852393,0.9943014032822288,0.04423248650666531
0.5879352390998613,0.9070412304033011,0.04938181170357293
0.006729626484828773,0.9666789662345758,0.04969135402224346
-0.014233997244230476,0.9912501318788018,0.05348360343788818
-0.0016475740802993858,1.0,0.04434978027010147
7.922482940641695,0.5956134085694267,1.2763956715316036
0.22564772511159764,0.9515491247179768,0.07065518410683475
-0.22156252692133782,0.9335888478506531,0.08531869533947564
0.059051556605982415,0.9473286879786843,0.06152771539194393
0.011152608828860655,0.9757716693246321,0.0639247213872073
-0.05008127068678572,0.9293835966723053,0.05292463853511492
-0.04635478172360911,0.9734272505559525,0.0350518927482998
0.21237725159297396,1.0,0.04523909021294
0.550476099200789,0.9886848441256539,0.028597658546328727
-0.17777055368637412,0.9402377801377847,0.048367710095690866
0.17741250785568882,0.9477220132620473,0.05268283258220651
0.37124729151547603,0.964766401806308,0.0475158948468646
0.010726928827613802,0.9063994168107024,0.059022541953638166
-0.18015125629655948,0.9008559289797733,0.0401632317697659
-0.21833328983948236,1.0,0.051110228579151436
0.10603126486561645,0.9455621426260942,0.04765875731422783
-0.1413629807260879,0.985113007277433,0.05929142453483673
0.23101626066903977,0.9379999273534371,0.05532302237684396
0.16432985942504774,0.9819805540770986,0.04684351878872474
0.19359801743630567,0.9505302558514286,0.055327450316756975
0.2421714301759773,0.9366529003325561,0.02511131296167414
-0.1405544513156962,0.9717836029297405,0.047454137455485414
-0.08972544399383238,0.9207503906939608,0.02412135359640591
0.12192942014303781,0.9869471789074339,0.04051081855439277
0.12298021473936255,0.9571954547902629,0.05964380458831285
-0.11407997964264618,0.9853031159248222,0.025813295990230592
-0.19481112257584615,0.9548821097824932,0.07807470017939068
-0.13023314995361598,0.934310172095841,0.06334292514497158
0.3689815781657868,0.9511087173586525,0.06989871339160923
-0.06742383220645261,0.9651148333223215,0.027595010173101817
4.344728728711266,0.4295816533587775,1.2467367338740276
-0.2618676140332157,0.9860511721845069,0.07696145289339028
0.026232042456623736,1.0,0.08209382508331242
0.17486294469304753,0.9682423664398369,0.029708483553676012
-0.09109754073247334,0.994453048454078,0.032874163898140574
0.020603296188941893,0.9649472765603254,0.0553500364860723
-0.03281712765985212,0.9640421150308681,0.052306220617833354
-0.386054406690337,0.9590667959356473,0.06180425519002267
0.02748435555271947,0.9419347342592403,0.06127870726706139
-0.1274352745835494,0.986318032895562,0.0986359928523026
-3.8609424593058463,0.4184573936332807,0.6801317020093336
-0.0578894914426743,0.9955149855508543,0.026759627581661956
-0.21605691897265566,0.9282864059175437,0.08637819540889022
0.17110597417208284,0.9594451772393567,0.055294173798948104
0.19742437722933717,0.9585545703005821,0.056549517472254986
0.021640287314088406,0.9749409913649006,0.04495101463645857
0.2359990878816164,0.9283004037912392,0.01451252023552109
0.14865203377526523,0.9546754768207343,0.043102594331236393
0.08787492364157307,0.9859828130567401,0.0360993932305832
-0.18005287283005214,0.9662719074577334,0.05877118659803805
0.05385490404567367,0.9702943004738434,0.048939039321257725
0.04364255116302848,0.9396296588985675,0.040882922048638574
0.08158704082521745,1.0,0.07821841421561106
-0.04464163547019272,0.945587711654987,0.04002683957641102
-0.19711829307669443,0.9610818403127799,0.06248083885959089
0.4892282996556665,1.0,0.05561739951418048
0.15246303044959206,0.9481163003182572,0.038241321501534135
-0.03423846138744959,0.9275423663456095,0.01646212376246619
0.12006065102155741,0.9283898437985564,0.05153721349025467
-0.13275429572127445,0.9400586402184432,0.051535347192081436
-0.19975070421485114,0.9624690498389264,0.03679546745259123
0.07283334623474697,0.932138950103686,0.020253068273310457
-0.3916102491410492,0.9587248760252276,0.08732148990302374
-0.09752234063570667,0.9532214338699221,0.07107830961461233
0.2373038836147192,0.995926972959908,0.09474731500353764
0.32419520715004146,0.9197755392532517,0.009612754364925355
0.0021193923230006027,0.9538273663287716,0.051649939083141395
0.09059937701825771,0.9289266793727365,0.060228464847643694
0.28506317278398996,0.9439812104648218,0.031210484170136048
0.025942873499806663,0.96138590893717,0.008315599626016926
-0.14366194093499834,0.922455934367896,0.03729676625871044
0.021072215425808404,0.970926860920971,0.05883428614848736
0.12675680729025565,0.9257863044851312,0.03296925819189042
-0.18907180249735123,0.9739822956669135,0.059372316495098415
-0.11458782593233321,0.917310257813769,0.07555314086884313
0.17309757991425542,0.9511014967946961,0.0556701951102395
0.1158175055739301,0.9710211107993645,0.03731186875513456
-0.06849420784266123,0.8738244611890702,0.062301927755257835
-0.2964000107506691,0.9285867805341207,0.05351079267560982
0.22062398147068027,0.9283674969483768,0.03779641374101046
0.0017648508242713566,0.9689764402317137,0.025421997700759445
-0.011066349609123324,0.9793199023370972,0.08831943004263342
0.2663084823963653,0.9565271695246826,0.09607303384954755
0.38020996878079977,0.9258234383602442,-0.006050753785311905
-0.09480038045989378,0.9875645845087004,0.05016667182911499
0.1607425732910408,0.9147033092564335,0.07730145922217194
0.4583905375424253,0.9384450555368449,0.03255496862850252
-0.0863672395557147,0.979775933123116,0.03647870534026676
-0.056378261368063246,0.9801491246211349,0.08502204263635965
-0.36738414657603097,0.919049996449093,0.019352279808639506
-0.12031484455748885,0.9288681591069016,0.02317124509985542
0.07673804519440575,0.8907825877557469,0.05406671845486325
0.18704177051046122,0.9087665717674636,0.04410177566595388
-0.022312695012181645,0.9590834684729259,0.04579672407586097
0.13118671608982443,0.9642638442761561,0.057476490896157834
0.37477197713117916,0.9201580684775593,0.08417570779546707
-0.28077368454252344,0.9516903074009172,0.05085854441435311
-0.2773033705511842,0.9599339281147911,0.07022028826657628
0.08251053620431427,0.9473091282558695,0.07126353776171145
-0.285262095947056,0.9526375804850672,0.028301257997697365
0.5005784547897222,0.9675935707257897,0.04092568310553769
0.3116396302454176,0.9257125701185858,0.06075847061769916
0.3581233811674359,0.9890902911792099,0.055455959583122424
0.009775416011458022,0.9136673152237602,0.06611159878635543
0.06908070706267554,0.9562528420618381,0.048266643446909126
-0.08148628844730804,0.9438700816606214,0.03100615469337307
-2.5467850408836656,0.507779316519227,0.6241645870405624
0.17898307865550842,0.9796272945681012,0.05774852777675837
-0.12933026983970222,0.9478237241643594,0.05654478759010954
-0.11498531228854936,0.9555248679013785,0.07379081656638958
-0.08508485973029634,0.9577183377245444,0.06277215059684943
-5.506900872365977,0.4543074598248302,1.4280278142589728
0.03260260617769695,0.955672860899169,0.024886561414981172
0.09937602859515371,0.99387831844201,0.06920413536263666
-0.2297624863711905,0.9444320022677891,0.08968600469310814
0.10708754039367217,0.9793383132668051,0.0942636425379354
-0.15083001655295283,0.9257109141831219,0.06596423836049911
0.1428117733171656,0.9588421544305005,0.05262484184806397
-0.017429141659496102,0.9047290829976857,0.04143622550751931
0.25165049139166445,0.9948756642178955,0.04593466747525326
0.18972840730616644,0.9299720052123313,0.008979654976686811
0.018588080531940374,0.9267423451929538,0.019318171025062048
0.07033697380765691,0.9642009795278561,0.08345851441837868
-0.023459455929695425,0.9698002479949217,0.047253378204300124
0.28033254127157003,0.9678840523771001,0.03979950493531538
0.06940254499271419,0.9211328175997773,0.024525535714492473
-0.08136353172938757,0.9522915779306977,0.03227839426016785
0.09550870353381868,0.9284603500528064,0.04337007308481718
8.275209659377778,0.41427737166069734,0.9999546726460803
0.27431159911378317,0.9228267936282423,0.09584353765821822
0.39994262011231374,0.937667843239104,0.05157914378147862
-0.22438575467120703,0.9434411467789013,0.03891914700134253
0.03198626551217659,0.9335907392768821,0.03615180629150684
0.15589948456788708,0.9452456153525097,0.050148562808728064
-0.12355083075357393,0.966678264184421,0.05249635666671787
0.04544449344082488,0.9088297982888173,0.06429089644833529
0.18612043871129028,0.8496193078961788,0.06506151249863977
-0.23310280482751533,0.9539409833186203,0.05264610099128478
0.0762818935570931,0.953374949152377,0.07913976601762959
-0.014419064662295157,0.9061062929913904,0.029329353322143474
0.25797676295216365,0.9222646350421199,0.006660089638671728
0.180322147081566,0.8935412857873026,0.04266193154258699
-0.14527840104132597,0.9005894053338951,0.00459527954756319
-0.47583671187684734,0.9587361863857882,0.05150213015152791
-0.20242418018311878,0.9587264949742502,0.057316908568898234
0.11553258947765116,0.9612942390981851,0.04847472233082621
-0.2735519794088816,0.9004209553635312,0.06918157508292301
0.16501363186812362,0.990706439277301,0.03579112677379412
-0.09330592073346622,0.9372811944412999,0.06124308659314857
0.0435652473531419,0.8980011549197102,0.059641531960815994
-0.10310832091568192,0.9277329268371475,0.059146032369992094
0.09387947744994413,0.9656581173836706,0.05259020254640899
-0.09195058632206911,0.9648679257880549,0.0807374872679887
-0.22038289420439972,0.9052221547624144,0.05246793349451599
-10.354729133771327,0.553569219147902,1.1203430789986575
-0.30434825279689537,0.9568861770794825,0.08065939125431479
-0.01509719098400337,0.9873584368536065,0.05988086064255431
5.208042020041856,0.7962319584653597,1.3724452039541117
0.041779933810718706,0.9959737078387789,0.04648266525658468
0.06680011407423105,0.9384832970904322,0.07706922314665811
-0.10605053727676275,0.9198573070961484,0.02778809895237637
0.19743824040284888,0.9940662998720141,0.06465616676578034
-0.08800035334494238,0.9098658854845504,0.047677549711781474
0.21511749303628658,0.9343608884751785,0.0747564053597309
-0.012473771002313488,0.9315583389855137,0.03822368134086121
-0.07116681268254922,0.9640303454395436,0.060060290835235716
-0.20573547380879847,0.9160444289828481,0.059661693793650626
0.2381739582179737,0.9704107514591416,0.0830299670678804
0.06623313325532151,0.9563598673548332,0.06250395918051442
0.29020042619603936,0.9764796836801645,0.054840562450145396
0.06569893758183498,0.9212586528006143,0.024559913710627223
-0.1685722508111015,0.9586465908316635,0.038595983904332325
0.004566499529998319,0.9205592253931404,0.05507605841111146
0.3951278921520447,0.9615886488650287,0.10271622552007116
-0.029392709396270263,0.9464134447262653,0.06479845835701141
-0.14811622664805754,0.9897695980253673,0.09543643112006635
0.09861446747085117,0.9483713065318082,0.031028425557686975
0.17808632984337455,0.9218666440817264,0.055737276248885595
-0.031575386763010437,0.9544557691136903,0.0501805128803425
-0.01869289828936511,0.9465018048398288,0.08360845666695074
-0.016036837419457804,0.9299214311793692,0.054748032852205974
-0.5299872157625639,0.9276312020646689,0.07654591571179321
0.15958113462208068,0.91261048470113,0.07967934932014838
10.480032240593614,0.4232228551807488,0.8161340506911562
-0.0879306873585533,0.9395105771349748,0.039486799509786674
0.15992172095210688,0.9814001348706921,0.08256815994100093
-0.14543333760908983,0.9452827249818291,0.057386974547810006
-0.10714405412716779,0.9257097830950847,0.017185179717079245
0.009392109446168919,0.9685481250532084,0.07178217014637661
0.18776415526638612,0.9396281975917057,0.020389308801292774
-0.04416329921840531,0.9385558945370032,0.04576984220599933
0.388207435167162,0.9914336593333297,0.03444145688374149
-0.0819980253894189,0.9521912461372796,0.054536511492991685
-0.21117830947930938,1.0,0.05728786843640548
0.1396608111125749,0.9728047246987213,0.036096515652999255
-0.22530405997787556,0.9865261273322999,0.07212484174286055
-0.1185776176801515,0.8978380494589526,0.04518389679022429
-0.11460013786451816,0.9479313053900922,0.05892063274261639
-0.0812554061367084,0.9515040359452009,0.04267386114203072
-0.05036008000743056,0.9423341398209323,0.060920370715783746
0.17484268403773898,1.0,0.09395909214992476
0.12950509314448239,0.9683665336189019,0.08924615601714142
0.09336351505950727,0.8729569467422182,0.040860076146777294
0.06273463442509482,0.9395032881722468,0.06505188782173886
-0.1219311029752342,1.0,0.06754546053216416
0.04006625310927725,0.9351194026403459,0.05662272354455623
0.08377078297270696,1.0,0.013730333272830929
-0.43545363626473804,0.9801888021182186,0.02967160465959196
-0.11735414225978272,0.9817045623267537,0.06998920341286734
0.3705912234389308,1.0,0.061312780450159976
-0.22355880598898437,0.9592144712315869,0.05746114373736122
-0.38913697418211113,0.9881831426914514,0.04115450726709886
0.09815193824842522,0.9944496911826928,0.03731669025682313
0.04479015196664588,0.8971285281987513,0.0299062462215093
-0.15675188107903784,0.9920639999210594,0.04018473300297605
0.24226989587839787,0.9604603925104519,0.07128798440684539
0.10206718076324678,0.9035700200897455,0.034288735309854504
-0.04998225856108182,0.8869371952979686,0.046306667426996205
0.234542737307064,0.968513406975353,0.05878766929308875
-12.700196555152143,0.5987872915454714,0.563009755745469
0.20632676227631785,0.9339681307437301,0.04541013089912331
0.21549836636273617,0.9575009602535918,0.028995103879254792
-0.24774297931851708,0.9558050638573876,0.06839676479591497
0.10369078880100152,0.903593395431714,0.05478737999601767
-0.231770111560086,0.9364851043257959,0.045558916844642985
-0.0745982748061883,1.0,0.027820504358368317
0.3463754501415138,0.9567211528950923,0.05327279108493297
0.10810002936629988,0.9571828613000966,0.041700326923331754
-0.05493252707541444,0.9129350315812481,0.05948326903389026
0.06742849479849432,0.8669185063524969,0.042145667058664835
-0.2001883071705536,0.9377013998258689,0.07194963487094364
0.1896583714961444,0.951857416821288,0.05647231313048348
0.14302531714678887,0.9208851949858755,0.05539090693717552
0.36555060934443273,0.9997133338254783,0.04432239907620596
0.07109184104126345,0.9317641448283394,0.07770161033264666
0.05039278995222665,0.9383281171958395,0.05722298662851045
0.16381495486671205,0.9733654767591743,0.04562359332803173
-0.440643790387186,0.9354410351018665,0.03197183636268103
-0.03468974100266874,0.9502131958369359,0.043273082276387646
0.15084841606531876,0.9645830972508787,0.033387059750435204
0.1449162508256342,0.9740514633974569,0.07239540078603764
-0.031842283443057416,0.9805772130778577,0.003516154991659519
-0.0680677619117919,0.9578506144042004,0.03711038651826794
-0.3938164487782698,0.9504628998666054,0.060403079321149036
0.013575709700695038,0.9236243319606624,0.04690730942159642
-0.19947298464427798,0.9451085573672104,0.06948212179503141
-0.06967667719299817,0.9529264361384924,0.07644101014572485
0.18683979088349678,0.9490675330060135,0.008808359927505179
0.058068169807203474,0.8998390188663048,0.041800505284022606
-0.02771505990986732,0.9332234079717884,0.0681319174676572
0.059207291006378206,0.9551646448696505,0.05819866468259016
0.0208449941869239,0.9580897728090165,0.036739325854002164
-0.2386872294460247,0.9432299728594045,0.06590884026585046
0.4194915459684951,0.9418138182780159,0.035621706337879616
0.28792416608481824,0.9732719328737378,0.06389755673680564
0.2132704812006972,0.9309989080704754,0.043486629731521446
0.19357268648019843,0.9900575544929099,0.07287705956679746
-0.09258523341825295,0.9191365306953059,0.06727750604310272
-0.1519321446179299,0.9180005844442802,0.043792477626934195
6.73925803054427,0.5164454324141153,0.7480631176237228
0.17902465290012845,0.9738500935778145,0.06457587785109509
0.09944888363210416,0.9325757767510581,0.056538888567685255
-0.03334865147796025,0.9698187852008715,0.055022123432110756
0.02304671431304706,0.9394030953450693,0.054771091777763486
-0.2981326790348259,0.9693230238879801,0.05644324837782145
0.27020908960704204,0.8708393436068772,0.039818760901194974
0.110510839248113,0.9055017722621034,0.041940818866303534
0.029988750051830895,0.9591926527989189,0.020994062613319084
0.16885111845494538,0.9867704493461504,0.056439779806900355
-0.17474908215769153,0.9101005722633566,0.05284669346973412
-0.07930280199250038,0.9040277701679172,0.06659106959898967
0.1003904118359804,0.9569380006453707,0.10642908834659082
-0.02708068156785063,0.9291749586993171,0.022103345663469914
0.14098155923494649,0.9562532317627702,0.056377704613623854
0.09419963946843388,0.9472066464383064,0.07791805423128292
-0.3691372865395376,0.9716609183292746,0.06074621840990576
-0.09179475214277671,0.8916100234775302,0.04801887872929205
-0.3678754708013259,0.9414943745930675,0.08468221126414291
-0.017537557423740243,0.936175985772297,0.03642473591568873
-0.22815473186219914,0.9813075548012838,0.05264053486357233
-0.3941566691283913,0.9714248683066722,0.031247037809787576
-0.09832049228195938,0.8971018971937572,0.0869445726330742
0.23965925038471358,0.9789981287563712,0.03296214363617578
0.1757710449285509,0.9615456108139809,0.06706447926931776
-0.12457766284073435,0.9256776471008948,0.0410842844443593
0.14966202863429132,0.9318630762673538,0.060146697697600435
0.012305491146627434,0.9798002474059138,0.08712350650380779
0.41744377170292535,0.903327346595197,0.06478348952791138
0.09652372567745872,0.9349978108040614,0.009527779653593242
0.14414594721187,0.9763952109402013,0.06019522520974453
-0.0006369846201169822,0.950330253708856,0.04440482761909442
0.08439412542482809,0.9933072977385617,0.0510011828453242
0.21900192882309286,0.9348862538644788,0.05862558462651208
-0.5890091159937881,0.9860311584109586,0.03191610045264896
-0.4057637751539826,0.9011722769398405,0.02017797108504751
-0.1259317299884766,0.9632367725444975,0.04247469374731963
-0.15743135090096175,0.920293722792377,0.028040766030267446
0.3814383947308002,0.9670073000849411,0.0475148571401718
-0.09907430897941308,1.0,0.05398109164971127
0.019165475722274207,0.9250422107343232,0.02773711024021607
-0.21893936119075233,0.9888155639583202,0.03910266844210562
0.0031684760710675797,0.9417754556952929,0.03947461338664414
-0.28031262761395265,0.9782367687652878,0.031046423360840975
-0.03364407156247414,0.966688378461988,0.02394718729335825
0.09713917871859917,0.9387709356061732,0.06365026831972673
0.20759584087550703,0.9187224827074423,0.04128789405365424
-0.07282432980231894,0.9617585064768681,0.05493421990986199
-0.10176164679638376,0.9563689554530037,0.05239739353176049
-0.09494397792175358,0.9583463309143647,0.05490691987533428
0.11489108074703676,0.9534074926146882,0.04959632677968117
-0.26047598482046025,0.9178480842390793,0.05903159513848858
-0.02122866118900037,0.9150234202636058,0.020007775643433104
0.027877939551932757,0.9708158281505495,0.020595137778397315
0.28462314179305087,1.0,0.06756753209127989
-0.1473543559347612,0.9871368490349934,0.04120958821237846
0.25650215612132493,0.9715850135530048,0.04273028579460376
0.42015211261233554,0.9605251569600535,0.04361375511658677
-0.0053872690967097,0.9994273022154249,0.057812913321429835
0.1382040262721078,0.9671176160202385,0.05128033596190776
0.04847334867761654,0.9067263189434762,0.037812267194656315
0.062420731586477755,0.9227496478098615,0.0317446540032255
-0.1693448716606366,0.9631487991785797,0.046514351308222325
-0.1779335404678596,0.9085840390169556,0.048575341749165564
0.2887384373392315,0.9445195910014925,0.06113110208730575
-0.14047608760056166,0.9866773305897775,0.04273887866900486
-0.23674379567000867,0.9609049484349677,0.050781103319268356
0.15038103723673188,0.9323516677774221,0.03587143721335837
-0.04018749183515964,0.9484659136978398,0.07489116096061162
0.12064117003203063,0.9629012453455362,0.062487742343510636
-0.10934274926527526,0.9620643847760866,0.07139091275793868
0.10903532392742005,0.9678735444832841,0.049580578850389696
-0.03301815409369648,0.9471527715471699,0.05497828308334899
0.03638387400430165,0.9361155816115319,0.05003342443600488
-0.0862589723704159,0.9526120868485053,0.08462601017516741
0.034201310144724884,0.94080839379393,0.07651273902997338
0.10451034156073519,0.9343746771221063,0.06261739888243083
0.01918466241173479,0.9322313336319221,0.07546995010423657
0.04463521267902173,0.9444070488194587,0.08472708496674763
0.02978884409313581,0.9429385716935398,0.06723349544557522
0.026434324000408196,0.9585570269856877,0.05073888011631325
-0.12761377930989634,0.954103641283417,0.06442416239849323
0.16881076061720815,0.9978690451763267,0.03477423428620889
-0.2580977090215722,1.0,0.04067444671628347
0.0034471277746213162,0.9908043881505741,0.06783952806565845
-0.06893616581633359,0.9656821332524721,0.04889101092032551
-9.27320302327512,0.5445493989619452,0.5839394368851126
-0.16148330496340524,0.9178239197742818,0.05978950912952475
-0.19881373460339213,0.949074153507214,0.06469755697221344
-0.2140580307019173,0.9220498283139184,0.0495732499279565
-0.1509827391875327,1.0,0.0462256502531188
-0.047648906159406944,0.9623830753144667,0.030687476525517964
0.07739330446980273,0.9534487011317431,0.05249191864276856
0.005636137740886674,0.9958032532872905,0.038022672715318034
-0.18741981248903578,0.9058108403274003,0.06040864703028192
-0.030617481618576938,0.8780355250727596,0.06809041337918441
-0.33751929063398917,0.9231515369996984,0.04728721554978943
0.031257358180924476,0.9605323794657584,0.05901161335667491
-0.19430891598929456,0.939072216397342,0.033861466636718435
0.3059455599815403,1.0,0.07170886930651083
0.003296834600038058,0.9175019712446754,0.05464212657131037
-0.08472081058506237,0.9064911076845517,0.05379978507284883
0.04583671873303429,0.9492952240837564,0.07759484474466942
0.029604070525787386,0.9550745071305813,0.033138170896659214
-0.2642046863649944,0.944548719134544,0.06386780649179162
-0.12754237315333383,0.8792530337839946,0.057198751605400056
-0.06724420505115908,0.9874300758457288,0.062016375177330586
-0.135509372513385,0.872040502022123,0.05451428744391429
-0.21509017022305998,0.9185539902819561,0.07108607141021182
-0.018934251507895274,0.9097166379709891,0.03895056644215277
0.4672942275640085,0.9780354278089073,0.05554020475429611
0.2871786167098486,0.9300178925787381,0.10703707539140822
0.2236773052211281,0.9690816847513124,0.02405163092308881
-0.0671686038240155,0.9756213743790938,0.03519040955563065
-0.07841760610634278,0.9680833591280739,0.07003928556514695
-0.06228746143537908,1.0,0.048755433851918106
0.1874125051574256,0.9478523755041183,0.03672441368487424
-0.12410577180641905,0.9453936306487926,0.01922321510937829
0.15168441794812204,0.9346699885374061,0.05294717646180064
-0.46076512895715815,0.9704657751731287,0.017250542923693907
-0.07844701808112914,0.9932485941191448,0.02960073134864899
0.13311886913849705,0.8859039332580576,0.019410378526530006
-0.05164916149988435,0.9326433559849393,0.05354582614203168
-0.11143659985392146,0.9387921345650033,0.024063634336914753
0.04498248263659263,0.9382115629554435,0.053299361592675724
0.3181338451030177,0.9845170280484433,0.07085664815867707
-0.05554921656878037,0.8990567038940261,0.0770554949832238
-0.2232196020402761,0.9979386044957087,0.047121438789337826
-0.02829719254292535,0.9677202250491239,0.028973687732030975
0.20697609365221048,0.9643375750853137,0.05344157631917214
-0.23294002708323436,1.0,0.03800497648096905
0.23474922627458117,0.9347271526845559,0.05716822458429795
0.33095528880424363,0.9851071243309655,0.02859714212287403
-0.20017253885173114,0.9663585802989071,0.029989563917852704
-0.3827534376984988,0.9350528678105762,0.03351618112452996
14.862303378675964,0.5405828658379805,0.6001388025351931
-0.11253062163238592,0.9522003047156332,0.0715707306474048
-0.11574314860518814,0.9645102810340793,0.06139902665867344
0.25633534171685385,0.9826365294489978,0.05477110756780695
0.037430732948110244,0.9123479812600734,0.04054270487220146
6.4137210462527925,0.7356435168061171,0.9688124174841587
-0.04870328810179755,0.9713917402889168,0.07675524351567362
4.355855465890183,0.5341657307893867,1.3928835821158463
-0.08717522545865042,0.937475739452437,0.09536512583023653
0.30579067792974735,0.9191373370463093,0.029176081084665396
-0.12059438418998787,0.9471567095993234,0.07539463527509736
-0.12179783295005389,0.9460802698979458,0.07337528676646417
0.06793569060205606,0.9268015616056445,0.05881795822544024
0.1480410602074647,0.952526162435624,0.01919985410117585
0.05802540574074991,0.9763945583495018,0.09003108672416194
0.04865678458045924,0.9322269998382994,0.05572385055920742
0.30045239751642877,0.8926593689607619,0.07161818934787706
0.18675481125127552,0.9583596224190534,0.05760037703820057
0.057565769138244655,0.9466234483418788,0.0437909748922993
-0.14527809593543392,0.892045250584944,-0.00022809616973303026
-7.959417269658037,0.7095149254789055,1.2466907681388886
0.09478156250875747,0.9316074025777942,0.052621255593749805
-0.12155385064490276,0.9969939505846076,0.06018379356329967
-0.3999768555908887,0.9525588189576065,0.07554523279713682
0.32130238674674394,0.9258526241323233,0.06823714120252945
0.12612833284686506,0.9387792348057642,0.058150709058261384
-0.2291846188297226,0.9451509280482849,0.08908515424843641
-0.00048114932539603737,0.9735972626743579,0.005598743667684022
0.07177502815486163,0.8957777978802705,0.06472427598228735
-0.19632148803896804,0.9204613011478961,0.06205154763691363
-0.24148617489028143,0.9296524565284106,0.04906006786724641
-0.09804772671745882,1.0,0.03895753059607765
0.12152175346619576,0.9568360085805672,0.0338967577419869
0.008338816799646492,0.995954574288482,0.051607427076993576
0.09827909566076769,0.9052225403127987,0.06243020286824099
-0.061067711308369216,0.9553644492161215,0.04537586358347002
-0.21268992771685047,0.919280948729147,0.030059668898009432
0.3315983259620766,0.9807532379690286,0.02805951500793914
0.30388821313107883,0.9928189067438297,0.03857265877597687
8.492634366518004,0.47779427948112096,0.5910895270300923
0.20618924016087684,0.9475853729254318,0.05926231738785165
-0.04327817374511536,0.9366315455564758,0.06857931655122765
-0.07511510190276627,0.9490362180368154,0.07609976656503736
-0.07962365468582096,0.9490781474395896,0.07369690221905922
0.25728729779370324,0.9665012096656018,0.031169387848340474
0.14264180499860232,0.8770654064818997,0.047439191367276284
0.08074251800416503,0.9425893987836306,0.017226757220479096
-0.3215200801194781,0.9069087371132925,0.053522222704535466
-0.2056899828464062,0.9613491136652982,0.0692404893084839
-0.1766214894464491,0.9187461667179168,0.08103593472011099
-0.05468282533236477,0.9185169587125053,0.049983142657286074
-0.200557312760562,0.9520185255360029,0.06328945637753092
0.0630459550994049,0.9899725587402203,0.030381322516975177
-0.08727179838824388,0.9431027270141423,0.041806482336908854
-0.052370906165689526,0.943666710358771,0.0674338735681564
0.0483700142772266,0.9623547013852624,0.08278580474146324
-0.0037584520801674953,0.9158783423381731,0.051940863154722
0.06202271476497541,0.9493145781943492,0.02577954381116842
0.028438016293772392,0.9798792687230503,0.04078971401744112
6.804547079853412,0.5864041497294682,0.9470419922589555
0.03169540674060084,0.9238603169122507,0.09518401764117074
0.13163510208424453,0.9268363067852079,0.035530968070537544
-0.03609559895514403,0.947045922698939,0.018296792282371327
0.0331946939650446,0.9972982907201611,0.03234451581427396
0.1070815143952366,0.9152670907453193,0.05462890176385698
-0.14699746231749516,0.9660267366092056,0.061140316296766035
-0.026905268495011698,0.9947417013701676,0.05355462327134654
0.19747176869401656,0.9564493254023425,0.05797650184160137
2.2494454862482516,0.4816319707367354,1.307618867510686
0.2745892201965051,0.9278662415950514,0.04574989126004312
-0.33886760360938983,0.9386391220606534,0.045786402628443384
0.2726500739759704,0.9465877697604582,0.03434914533677602
-0.08700124172421232,0.9411130566048278,0.04172772367201849
0.15388566709542592,0.9268053945793254,0.037149752263988596
-0.2039899356730917,0.937371274402614,0.05082231155830747
-0.23247813567523343,0.9203692082072106,0.0727403385447731
-0.30232376853996834,0.9366039737255548,0.09440318945860568
-9.87744985697966,0.5669095283404739,0.5688800276431469
0.2023991488743779,0.9503547855163879,0.06495273804374481
-0.06412536027062327,0.9210897617918317,0.050862061811179075
-0.07707348285292871,0.9747478347714105,0.057121116656327305
0.22280834214078743,0.9378632806570312,0.06902730380234892
-0.12103772034768255,0.9741779045549902,0.01762055467895849
-0.10274236036315124,0.9490471747784787,0.05176582880407392
-0.1639904285036017,0.9600480746941589,0.06012091023448992
-0.04256241821083831,0.9513443803428228,0.03907632362399675
0.5384788737894993,0.9462237376570145,0.07954358683341983
-0.14556539784474593,0.9623772108453692,0.027803824048654727
0.0782066078159338,0.9368131866902504,0.07967476328278457
0.11801002576842579,0.9470593742910646,0.055212727422625674
-0.06996898780512334,0.9661135225275823,0.031073020191771238
0.07161144656244564,0.9536790594243226,0.04179782811228045
-0.09687684944866312,0.9246297657090309,0.05556933575576892
-0.07485957783280049,0.9616036854800782,0.0863387075266916
0.16282907597842747,0.976420174151361,0.028985550256126154
0.3797007380316113,0.9531510042577523,0.04420485985132457
5.675514632978561,0.5486863592258169,1.0769469196969108
-0.14400397864223674,0.9549938449990502,0.044471766710790124
-0.034977582487441025,0.9833376677433118,0.08008062245813186
0.08832998577420871,0.9367366596824958,0.06381332165102627
0.0158268083357718,0.9966438719488115,0.03571183013166637
-0.19901240265414855,0.9545946465009535,0.08209262868805024
0.158763998131921,0.9610499548181002,0.013250399538384347
0.16776857335124484,0.9039118230121932,0.0614754089478324
-0.08425837725077462,0.9460147207488798,0.03820168172088557
0.2188577306549298,0.9499837859993937,0.04516168379171148
-0.031113269549064723,0.9565161059434909,0.038763783125636594
-0.10683835647010438,0.9494809486245808,0.04287867657930845
-0.049237826127502216,0.9974392465173125,0.047107825235454454
-0.11358828553744289,0.9003974090717457,0.04559479380972385
0.2307875513524732,0.9548017316891908,0.052084545472836204
-0.21037606764328892,0.9522272458696679,0.10036743695225292
0.20605138755499555,0.9511542445422659,0.053430701168504624
0.08704717270086214,0.9787512079011558,0.022261554784313867
-0.2687151561120795,0.9058682418774366,0.052322548833891584
0.18910990485193285,0.9378402251686433,0.07077389467424973
-0.039267267583254,0.9776398494104771,0.04834138571138751
0.3739027038096114,0.9640166568662369,0.041203856137021266
0.1737832133797853,0.8903729475531968,0.03488986408418049
-0.35067933763457837,0.9998392493375059,0.022137277788638932
0.17250438905958035,0.9499320723647323,0.028369061193893784
10.978122547086754,0.548054754032443,0.7724641669793052
0.16274856890279632,0.9314925364879643,0.03802749139934774
-11.068422062027638,0.667644551991684,0.5840764768401342
-0.00930512441067086,0.9498071175760134,0.05165272397776617
-0.009247027259212608,0.9642471991385548,0.03978893734631189
-0.0960391604174023,0.9525644106019129,0.04581646978188139
0.011917341142389615,0.955500565247536,0.05222020705855076
0.185383779324037,0.9123651879947406,0.06685855621598283
-0.2484369931774107,0.9827511293424681,0.04371158009242945
-0.10834531091609433,0.9645111606135054,0.022105525741308384
-0.06084759180474564,0.9867297115167541,0.074171731771288
0.01624471632042229,0.914533908873338,0.04986269541787328
0.16339989168226043,0.9367633336987605,0.017183307710462517
-0.45210620785351163,0.9270567705813948,0.053583019821956956
7.347557861955961,0.6038072901155245,0.8125050924356452
0.04226472654340834,0.9595967498902567,0.057579183759632176
-7.654409369803516,0.6708554807549163,0.8472550614867941
-0.19097159414921128,0.9314088728125085,0.05880258539781452
0.21816749119836354,0.9442582394398771,0.03745029913163207
0.12395013845382713,0.9558211988796037,0.02825773543474166
-0.4774800607686614,0.9574849468426676,0.061319710441768614
0.09002606135917157,0.9569421026860991,0.06305200993293844
-0.0691029858168884,0.9142401851660821,0.04433986694950268
0.11262786589143506,0.9229596678832007,0.06440525070876316
0.1551763345032423,0.9208487387988897,0.07108724352794021
0.20742142896765547,0.9584964899260401,0.036783521554882466
0.14684674454005983,0.964126904298059,0.07780689451666152
-0.03484462448799916,0.9517550518034281,0.028732614349394642
0.3581842824025202,0.9972913124669052,0.06682490105938717
-0.03006678450642333,1.0,0.023590248606270008
0.27301952103183996,0.939665704070892,0.017590651773415962
0.2561372330442717,0.9921150614493626,0.05923450385098865
-0.15309795334974713,0.9330643712930795,0.0788521847978169
-0.1291743494486227,0.8974712728927364,0.09020783717468701
0.11542873773081685,0.889993564840686,0.06796456235084003
-0.3327753016415649,0.9447014563394229,0.08934881774990994
-14.029739014087095,0.5352627863093472,0.7866771015183273
0.01168841792209305,0.9412760994993717,0.061268583910996224
-0.2018095135731923,0.9634725188696247,0.029534952148572987
-0.05377472542349046,0.9415999086338138,0.03886005483581717
12.130676319709439,0.5726565457012982,1.2644280574114188
-0.22551266009053858,0.9460694704633823,0.04976014427616831
0.0637922729143734,1.0,0.016863518850741208
-0.19190222916539199,0.9061096225383879,0.007195149968229994
0.4173499694506136,0.9609707947933962,0.06674602798134835
0.1843690249313334,0.9539632717885378,0.058331333478000735
-0.05479541923938617,0.9562817162453536,0.04595179380792399
0.10595729620426753,0.9617583018203131,0.012251474842403354
-0.04752164957384937,0.9755539730032755,0.05975335691625611
0.27362034900711335,0.8969071862461901,0.10809798157257425
0.09060326194740198,0.9273256418016038,0.03808749603795644
14.624159879814558,0.7232098493491284,0.7557952076985066
0.07284262107529352,0.9628263716392789,0.02028002749647231
0.01842641283358424,1.0,0.03800552158836829
-0.15631564690354777,0.9647342590058858,0.03637781736420865
-0.18082659091396125,0.9867560918142447,0.08460884629277007
0.03016417701578269,0.9871364443608309,0.024047511454820637
0.3291156913892621,0.9144424543090821,0.06118144383909178
-0.3491180215690166,0.966252021865658,0.06603820759536985
-0.11760820206281329,0.9167476207215135,0.03038707862141231
-0.14693199156280387,0.9190842933268636,0.021869389390920483
-0.13032231122483806,0.9814800999255439,0.06653440984914089
-0.0369400383603101,0.9555455705793919,0.06256809977292903
0.23557735670908145,0.9495968105826225,0.08305660085557212
-0.20187219946319837,0.9724223560679037,0.023394185878323828
0.4337104808056971,0.9875422967554279,0.04557775819918348
-0.21566521221959833,0.9477657312590504,0.05406536677624203
-0.3534210919258834,0.8836752104541024,0.07577320156018164
0.22400337604392645,0.9522689991737706,0.04781422162594601
0.1926472183154616,0.8997598262768931,0.030668850210825317
0.3256038479102946,0.9481060322956243,0.08122992917631577
0.14972986027906285,0.9634100319827716,0.026023169538329952
0.349604432060725,0.9576932080204371,0.05262896917325184
-0.15125909009788838,0.9127774752175124,0.03749810752250453
-0.14667817678189396,0.933104467921043,0.052321553150839216
-0.01897191649981959,0.9303751718676488,0.06233171475401136
-0.09367114265881149,0.9994543074037382,0.06659468135771582
0.15563579224300064,0.9450023830731104,0.028849435844564456
0.24490466373575415,0.9447557182618384,0.055349137040316784
0.21402154517405625,0.9646364067365942,0.04876335265671168
0.09972436336120205,0.956806163250621,0.05726438588161314
-0.2848116362272803,0.9267894564035893,0.04314317869982132
-0.010511835451646795,1.0,0.04365487859958414
-5.785309531283413,0.5596156609514423,0.651747255517049
0.1737108527662759,0.9736109157802317,0.054967180709675545
-0.04227831158246544,0.9172414421312708,0.02743515202660128
-0.12054762043053252,0.9420831548179713,0.04985248388438869
-0.004627874698876749,0.9646391309880055,0.04240788667807441
0.14840573809084864,0.9863739697969285,0.039076717906273636
0.11965022840772131,0.9600234059810185,0.045497417789112475
0.43708411899982136,0.9613008783727773,0.08124111526991845
0.14122681560829933,0.9886976704907717,0.033502279112508776
-0.2290824437732411,0.966889510662239,0.053729810547037356
-0.023139017780872878,0.9474723838698266,0.08209075184162692
0.5026897149642363,0.8973006508839125,0.06224761045478075
-0.29549211942651193,0.945742180510151,0.047890445658818614
0.07805870072349838,0.9464084637307209,0.0376198892450641
-0.1953532588373419,0.9432636908830536,0.013696087814229707
-0.4825830368996344,0.9764496802012175,0.05437285063497143
-0.326996443611714,0.9330235320654644,0.019999014183249512
-0.10767313484852543,0.9327744820445706,0.041660642763338585
-0.11279278230642352,0.9416099156107777,0.08258102995866029
0.10623135322797966,0.9853700107695554,0.034181525321182044
-0.19685034189288353,0.9263555711487663,0.026798274500146678
-0.018213240054846293,0.9478735025251745,0.03289566147190848
0.1015311085761219,0.975642269881752,0.04702465531167958
-0.14688275908725737,0.9717725357836288,0.07190571012450028
0.14654215100453222,0.9633801347196438,0.05596249055749573
-0.03220611375346601,0.9635075139439295,0.03927293598539713
-0.30000707043255054,0.9595944444028794,0.04585730231353054
0.11149940038357914,0.9121418261238534,0.047427750912129224
-0.15631878477564162,0.919379706839505,0.09101636527651219
0.20063387860053244,0.8979180683005558,0.033473256375368236
0.22344567727894013,0.9500455476143683,0.05833398083394702
0.09422529939238038,0.9248379350622434,0.05692631408064933
-0.04670351858819585,0.8792748878215942,0.0730493219235246
-0.06024368991095191,0.9591971521576698,0.07628075856449457
-0.03256193474205622,0.9572871068376075,0.03230808271834804
0.17463160965869484,0.9317455066900684,0.05436246210394512
0.6097188198043124,0.9729791502615257,0.022813313904320735
0.045499303289421436,0.9341576333668977,0.06436461897400914
-0.36971002728935853,0.9030762392011107,0.017370542260512302
0.17326733424124488,0.996156320932411,0.04818808774973509
0.012575159504120643,0.9137530067514733,0.05270162200492671
-0.25243171775472306,0.9688886524802857,0.027210254377239503
-0.016143242924455743,0.933553748950127,0.030374435408617416
-0.21050776605721644,0.9226302607036938,0.05644064573545317
-0.2512864717366619,0.9057776744855837,0.06266805116498844
-10.785442659409778,0.6057069210635859,1.3673777349675746
-9.444958382652777,0.45387175397445995,1.0506690565244696
0.1060809221745691,0.9545194472368959,0.05552369640209934
0.27962337414071814,0.9260486242702284,0.04229413122047873
0.0011158895762466484,0.9548339159727617,0.08780245382471863
0.15641583131524534,0.9879536124241084,0.05981562781253526
-0.1235332438201175,0.982719209145048,0.042084998678154906
-0.1453827977291952,0.9866746593482998,0.06381464931024303
-0.10556164403229128,0.9544163324117155,0.07226736691310312
-0.09393542889563733,0.9132549776757832,0.05321824157112448
0.3030829649838402,0.8988838053932899,0.027068555354198692
-0.21545772448516665,0.8965738964525095,0.04513706839182915
0.0535724306073678,0.9787385623322647,0.07663702549597406
-0.09443080040673894,0.9054442274569608,0.05745784454335757
0.06781823946296156,0.9234766378242678,0.02318623129036209
0.035920074615278394,0.9384961689619556,0.05282096453391328
0.1756329253654583,1.0,0.055953739301331004
-0.3355226838631576,0.9011403774631068,0.037638976481454936
-0.19074815833298453,0.9269316125192755,0.016764954266580243
-0.14009028702710882,0.9067389353917028,0.06496656798078736
-0.10126923824013506,0.9736319781986748,0.052551542778070795
0.06695267978086013,0.9575732913559852,0.059084696996856936
0.22114128821140194,0.9373408730247809,0.04884681041993536
-0.152887892827119,0.9771478483778433,0.04063377763406948
0.18232175482450974,0.9350680231478572,0.0008931263793137828
-0.11040624555080776,0.9568165158403489,0.007534130135585175
0.012288308381599763,0.9806444105768679,0.07387154279168762
-0.11882997769002786,0.9232880882375747,0.05717287269786898
-0.3655307162569599,0.9823451590537459,0.0318699444727593
0.3824524703121634,0.8907339268340932,0.06005629070680347
-0.21480579869831562,0.9411352038664953,0.06640749111419536
-0.053170087635067635,0.9244530324179332,0.06404354028028847
-0.13495597209947147,0.9741149210806878,0.06530738522447496
-0.09208105236780179,0.8916194531541827,0.03299411908153905
-0.1639811524155088,0.9419278845986089,0.04483478390372868
-0.21873743222027367,0.9623591724509915,0.07163262298634814
0.053780312530678956,0.9358763570504584,0.0473170006106651
-0.20459824652772285,0.937452953534577,0.022641982053108706
-0.2725474237587287,0.953207269148762,0.043850501110097764
-0.007900372293394627,0.92679495699001,0.09408796572904285
0.14710394176777059,0.9129566958893519,0.020448059873513627
-0.17270600282206172,0.9605340018870897,0.06221969464589649
0.006224938289475886,0.9485269282715417,0.06514674764653997
0.3733760278600864,0.9499729177873872,0.03607964896172852
0.04994598465338499,0.9738448105606063,0.06293345681103481
0.033251517814969996,0.9897955239352538,0.059092171183553185
-0.39490341878571966,0.959123409459154,0.042423759590092834
-0.11030862577953787,0.9471644273616422,0.08399347129656393
0.09395961363858349,0.9536582311857026,0.06403746896828127
-0.1903948728826183,0.9328691175575339,0.03360507121737995
-0.188300711602174,1.0,0.019784867939794355
-0.004276309368179951,0.9666656266537307,0.05048008044040135
0.19921370014374018,0.8755565737175008,0.05200493048779696
0.10897404911167115,0.9486315956722914,0.015969479977818134
0.25431171127056995,0.9532630919851189,0.07387343189690768
0.2398724102742408,0.9263958867505044,0.02903051943672431
-0.12370806659917705,0.9553771955443016,0.09170336542944835
-0.05859417561536571,0.9417851432066826,0.05532655429722824
0.1832379878532766,0.9743648919100253,0.07588211957008245
0.14409963824268587,0.966719932789051,0.0434429323282393
0.018532984569856185,0.8971141886542847,0.03984098204135142
0.5404773145302875,0.9531655542587647,0.048530133840213284
-0.12928363674578888,1.0,0.020561612660241296
-0.14975629917287178,0.9329600839094575,0.04601661374371517
0.07404929211352546,0.9881043927532902,0.05502560928125447
0.17623184300007083,0.9392786831266222,0.04918517206669413
0.02048554828172199,1.0,0.06583675754809937
-0.051029654062458366,0.955662070538167,0.04628257289781434
0.04968237616919096,0.9856015575154269,0.07388687378535196
0.10384649358639891,0.899335643917158,0.08360359364908773
0.18169940821281702,0.9326368901436572,0.05477007570811701
-0.030048516060678793,0.9226937321599652,0.014603724445675224
0.0866515266293493,0.970031454507053,0.06055764421000087
-0.29212937421719176,0.9244294827428675,0.050479472035637844
-0.042841524118457326,0.9221717104819193,0.07740133467017418
3.229289498195895,0.694767767853899,0.6866535984697061
-0.08607595662773253,0.9359432372091893,0.07956426909834573
0.3016372155802882,0.8744591746778375,0.04889068362456347
0.09689314253153183,0.9284126247507166,0.04463038705289282
0.24652444199516538,0.9697604905038819,0.062135524908921366
-0.31101325848069206,0.9528183253236665,0.050690916109265995
-0.22781461556646398,0.9726360815059523,0.061206731813930236
-4.428157568149857,0.5230929573456168,1.0593287483558578
-0.18665410855050335,0.9710809785905142,0.018918533887056044
-0.1906519417192098,0.9465825986264628,0.01958281196225532
-0.09408921690067788,0.9248358249552601,0.060424150844694303
0.031403295806543136,0.9979393655506932,0.05652798254188323
0.33238876881869006,0.9617983888769379,0.0643604120559473
-0.1265988348081045,0.9852681654201134,0.056602818052564216
-0.24556368520110583,0.9233466463364799,0.017072342356002197
0.15863459620443185,0.979184949129675,0.07798213788856204
0.03025975369436201,0.9813050024716656,0.06764735482344864
0.259253037733762,0.9023062349767598,0.03717016143178831
0.31378289916452795,0.9399638000994182,0.05624396761585847
-0.2585649624998528,0.9345729728651878,0.052040309700133666
0.29820567281572824,0.9743519851533248,0.06230687437887318
-0.02394019854775438,0.9946812087614102,0.045465068205470624
-0.18586563688186727,0.9772747651307719,0.025762872027841565
0.23872982523803526,0.9913538031641579,0.0495822847393789
-0.12431059511105956,0.9571071932749171,0.0540545126639656
0.17506033697592258,0.9464786960652626,0.027088347021246895
-0.023174620522115164,0.9638062548949816,0.043294311924342056
0.2347447023652067,0.9863111287622975,0.0473474914239268
-0.17628109015926616,0.9425990813631694,0.03492202631594331
0.09919844801371959,0.9799724851211599,0.01575422710276108
0.008165617595542768,0.9942615762342626,0.051129824170625
-0.013339548618887174,0.9275765578346055,0.055126405095137526
0.04402280714232991,0.9591184757565645,0.05424729861909154
-0.023856270757696318,0.9443289109117926,0.025920801102936895
0.27760225990723264,0.9687757281812466,0.046486216864145134
-0.12861389486786243,0.9926561882932057,0.06726693580278716
-0.15974599651244734,0.9394378944098137,0.055604734016722016
0.14711240715577853,0.9240779346762222,0.057121604226915604
0.14647626804926686,1.0,0.08290806341885963
-0.15975470089331548,0.9836634228310622,0.05207145045533301
0.17371183539973764,0.917998226967918,0.06201228496069204
0.04162976816611758,0.8972780989551316,0.04654224670103399
-0.05761787350989938,0.9592866957082951,0.050726888365770745
-0.20131182842237583,0.936972033516489,0.06026457096986441
-0.026574871589971044,0.9444821333839026,0.04333572418265344
0.08303935887488002,0.9571611998123285,0.056012894984217215
0.1361134026016164,0.9226852233572778,0.004290568076347111
0.22576628719897723,0.8873132443542364,0.060133952947401856
0.07148274123462424,0.9840025500811213,-0.0012438816634406935
0.2287083710444192,1.0,0.07209827749617445
0.2774363402055736,0.9492077319937116,0.027601092048999736
0.07193438462155714,0.9220333293460863,0.06401575799799508
-0.005019407526333753,0.8934973481213918,0.08304699311468734
0.06173728545963299,0.998179959363163,0.04970219124939736
0.10828103823518234,0.9764045844465793,0.06593928913138987
-0.04611690021318041,1.0,0.03769062498923886
0.0588844427461363,0.9527694556789892,0.03569981676761573
-0.29826241894351657,0.9560809092054037,0.07141661993237206
-0.008106906190222373,0.93543836658032,0.08291486365392531
-0.2870447998697761,0.9397793856284761,0.011095645935952553
-0.28372604991726186,0.9707703148998585,0.056030777898214625
-0.3429658567248473,0.9337448835341021,0.07286700074792109
0.25878282556370896,0.9391564940313891,0.06213513078590447
0.11042881913357348,0.9784732845633269,0.030247832381439986
-0.057054343060439654,1.0,0.007806602764360869
-0.034897357766876115,0.953371673868148,0.033758961429213245
0.30768695198180446,0.9759060786922056,0.07078997618884439
8.72450802955898,0.4055585656143136,1.4813934330240248
-0.026073788907777368,0.9046437705395834,0.06871653884504703
-0.2300683177906261,0.9386235696240265,0.04707114374572764
-0.0676128041818386,0.9800660620506984,0.04558800634161838
-0.1003322491072317,0.9933089486475216,0.03557855870371564
-0.27023642663149045,0.9321377453859815,0.049031839446317
-10.788327561046046,0.7414504871441233,1.2572160860945982
-0.2086758696654487,0.923396822264351,0.02440923784335089
0.31099893359819786,0.98191724948694,0.060421526689732434
-0.18086357915943607,0.9524972840723499,0.04297254210594206
0.15531853282942212,0.9367387827036422,0.04104800747441896
-0.1151903290367749,0.9191161032873462,0.026191697499367714
-0.03148316492304864,0.9337969569524954,0.04707813953569265
0.03995249633663781,0.9399793362893909,0.06321000668889042
-0.008653500126881533,1.0,0.05330082236272382
0.030818262111696665,0.8955618161587522,0.044648234374252214
-0.0702794425057177,0.9637756562288292,0.05730963008086073
-0.3608776170987984,0.93027888550459,0.06894259087331972
0.1573495263547242,0.9803034495640847,0.04448175027319189
-0.3402005491335402,0.9733206473052736,0.02896821652186592
0.2853136509786061,0.9385354099363717,0.05636101528790652
-0.18662758763100878,0.9503567100665538,0.03984737120107911
0.32551511945827327,0.9503168954017372,0.055846485964483605
0.1451565274359757,0.9924005687815348,0.043985324744461894
-0.020341316277385845,0.9433295340261751,0.059979042270356595
9.882380783607744,0.5250749940831173,1.223163130491226
0.4681923439945118,0.9693025799931184,0.035163213889372893
0.27713610311227205,1.0,0.06768043750062208
-0.29738727425822736,0.9363631104917891,0.04812200783497076
0.034189545444257584,0.9542971719894173,0.07724123639551875
0.2270123159575629,0.9428166557266314,0.07220199688659362
0.050768421217915076,0.942870776443673,0.040436995911776324
-0.18538158895471818,0.9533184811325707,0.04308884077818268
8.926963752149364,0.4289922539193931,1.2955080993893264
-3.3198326791548594,0.491621780228549,0.9627427745951592
0.188112660769159,0.9064622093676022,0.007336752125374199
0.14607320597827786,0.933468625250698,0.07433957612012465
-0.3460201081517466,0.9150430691023865,0.07705754660893317
-0.18959952356993448,0.9248827168940839,0.09219073541152334
-0.017865814387281197,0.961648201642442,0.05821728401731438
-0.03801951862866729,0.9632752135275948,0.05735092674507867
0.2772829240038747,0.9894169826247616,0.065913783046275
-0.039235812454661345,0.9722006811080433,0.03530904184747009
0.0300137901942001,0.9828423544153918,0.0536717453708623
0.14371550262288624,0.927160448564558,0.054485352603150336
0.007684023168623905,0.9518811380030094,0.03658371924914814
0.015914278444108948,0.9607516474377792,0.06731156371908979
0.014430147589588617,0.9470343864917499,0.04449838893122575
-0.1293449269700114,0.9248628802520202,0.03842695703818355
-0.08202894370518926,0.9285425288775621,0.06393835572030586
0.1952340680541831,0.9944654977442766,0.02607738276736525
0.1893312614335375,0.9392854214178363,0.037691386205427495
0.227048925489636,0.9609135557456067,0.02657063337133778
-0.29779818557608345,0.946534845346083,0.040006103342277624
0.14325479000552516,0.9785514705104011,0.039903202299792134
-0.12759190521583272,0.9382584711601473,0.04671782850312105
2.0802989715372258,0.6851586747907787,1.3921261330054988
-0.056981824501402656,1.0,0.04523069576111374
0.12155104198554803,0.8949485595038318,0.037658975420202405
-10.77851761482357,0.4068838815986029,0.8744906923506537
-0.24759426207258015,0.925935509900868,0.06155142342437115
0.26415753307877643,0.9468601407583717,0.028315939766716553
0.11219254122418054,0.9504895369174764,0.07848698985425634
0.2156796016844692,0.9337903066433987,0.05646521457041219
-0.3103731484487815,0.9462970209093603,0.04866548685289426
-0.30691986616905154,0.9639979373502181,0.011685481139172817
0.08469857722644863,0.895155456151797,0.033601430889704145
-0.3221088129031213,0.915528403590285,0.016322996200322085
0.09131305819227267,0.9116910676857652,0.017007420383406656
-0.004155037845976266,0.9849805524319866,0.07488367238107416
0.10363055350805415,0.9834911191224517,0.0480354544693762
0.31626516963353335,1.0,0.05075305437225481
0.12249964938849639,0.9586894169451651,0.053377988995767234
0.09113186995096151,1.0,0.045827284610073175
0.02867212558691088,0.9601734595241114,0.07041379280885639
-0.14351397868657248,0.9688828977977378,0.06037264530611313
0.07491857968229713,0.9851580468396764,0.028632849658398497
0.4271697847658691,0.9698012833065561,0.06385852365480697
-0.027247702161425403,0.9499389403079808,0.03364542226841495
0.37273928553275737,0.9104376729416664,0.03630391799004496
0.03682201840474356,0.9242466804968517,0.04717735698540305
-0.09901966544776236,0.9464839894645801,0.03622460004897059
-0.012736530767794272,0.9893252385757939,0.031581048189516354
-0.1138114061700824,0.9659538489324526,0.04301848067471546
0.14091335098980914,0.9105297677015192,0.05329783776071995
-0.12385727996900459,0.943937153663873,0.02945924914154262
0.029090140939412125,0.9244937308186665,0.0369287475410018
0.5600111873448756,0.9195111073643464,0.06595776386404728
-0.23666749738546297,0.9240020649218786,0.006638029040456815
7.89045485736467,0.7841635208963526,0.6192835239907651
-0.08210322423010358,0.9004411085512765,0.050899305077860627
-10.568014885064311,0.7793005866819989,1.3402434527423137
-0.2944429183916442,0.9711025552298009,0.04450770700128954
-0.026000469093564932,0.9814022370248483,0.07036390564841852
0.12350276354762424,0.9907067445654041,0.06341023256655867
-0.13504502770712687,0.9385002794439289,0.057078967618782506
10.465296274016485,0.7522487905752241,1.3317049081177705
0.04256638851236409,0.9474410960277373,0.04415235735005086
0.2061240424392728,0.9128315829181255,0.07092437204234396
-0.07288669643820088,0.9329630223371392,0.0802403054877309
-0.10189502897602337,0.9128299385865385,0.053364964663581
0.20380090285776176,0.9473390823480009,0.05075568220962308
-0.27378375396300614,1.0,0.02663943810950058
-0.12138796612988385,1.0,0.03325842444206521
-0.38779438282867496,0.9276055194295426,0.07289029060249312
0.020053918644316996,0.8912862530975355,0.046905869514916466
0.39639336627421373,0.9564695011615952,0.0563167462457736
-0.06005538436406826,0.908147230830405,0.00797838129358626
-0.2477839216455629,0.969154288530377,0.029671454976333778
-0.21514611773882658,0.9020803054824469,0.032459677922979636
-0.10684135356945071,0.898985794537294,0.06421581460946595
-0.065860543733034,0.9904672752133492,0.038402661040963244
0.4021910271318673,0.9865983719196486,0.052752232915734415
-0.2438801985714162,0.9368683474812517,0.020456294631689655
-0.25290327087074965,0.9374128975029966,0.08784270388909626
-0.019633236198980813,0.9288849059552668,0.0211436762517367
-0.07099841999771515,0.9369289665548917,0.04899473336465133
-0.18076834310221968,0.9146749211660369,0.062342844622751276
-3.7413605691139016,0.7937534765472349,1.4034468956407087
-2.429371725202297,0.6795970037170838,0.9019102535129809
0.2652382963400001,0.905516313484071,0.03975755997539283
0.04281265820053745,0.9426368750948297,0.03890170378138189
0.15726746476851394,0.9260776885185303,0.06953656226148916
0.07112094617482853,0.9433439681956358,0.052281042962421566
0.5286950009406665,0.9322504059861998,0.07019975827235998
0.24995315589891823,0.9409203564726987,0.0419155470609516
0.22359718046560687,0.9936733952181005,0.045413917669014654
0.04824349583243269,0.9348188877352347,0.04470004482595762
-0.36017762490932215,0.9658457152960527,0.07365982482861085
0.0006946766786945502,0.9540796554828257,0.024584976175347682
-0.16177405630728178,0.9234525515327358,0.040216220173376976
-0.33887382098795316,0.929314852483887,0.0018451117036787507
-0.10226918908950773,1.0,0.029742928405116026
-0.17751298202335836,0.9670153141148512,0.06133436535486296
-0.16160237221287677,0.943303480901766,0.04600293504409439
-0.28388593977250637,0.9553946011581266,0.0316053243801353
-0.23537699981530752,0.943543210673367,0.050689964994949745
-0.16638142098399003,0.9600767615067578,0.06180446556314434
-0.11095219182562002,0.939372482711627,0.06076366255468003
-0.294608298538226,0.9927208777745411,0.08631850272860583
0.1901544238577942,0.982727343134592,0.044315425084073955
0.03966497935790947,0.9723875769075297,0.06872185974685209
-0.07128862594090242,0.9791301127341572,0.08596150047184928
-12.66229954542027,0.4364150607076179,1.152401604418102
-0.02637205353636037,0.9051218219093727,0.053268799977692634
0.011209572710422609,0.9635547233049466,0.030637039905742385
-0.012407814958352118,0.9080371882287248,0.027898241182998385
0.010696109027322744,0.9410246512826044,0.05474289914724437
-0.17484944526287424,0.9757442579596147,0.03271381134424817
0.13440454847047367,0.8970059223774748,0.06715448236346813
-0.03002483653639136,0.9334434736931976,0.02546405331060419
-0.4473486847873022,0.9517438505128556,0.05137935638610607
-0.17886968282879195,0.9831813293628147,0.038217270230900685
-0.13787362460770378,0.9663824854082315,0.08632756394665414
-0.040828492918389664,0.962917751767097,0.04390591793655677
-0.17633288369487185,0.9167186244053752,0.05472459733954924
0.03028221702382003,0.9101693345391958,0.0734672548220184
0.17704722653526297,0.950623404693931,0.05824371543540097
8.77156213873436,0.5589527623550524,0.6592584130450945
0.26128429609339116,0.9716276887848162,0.019736253528596162
0.18606811239479976,0.950437049490564,0.033621411009024854
-0.2799701468141129,0.97217775744502,0.06824802611788172
-0.04543177205216259,0.9635330090364485,0.047963769249166684
0.0484118786126327,0.9628856481357526,0.08498366331178153
0.3571820861294102,0.9570121633724936,0.053267754353200206
0.20351446722594035,0.8817477014562292,0.03561005956162666
0.036285437235344394,0.9442066746867691,0.05242010561268016
-0.15260092275388654,0.9434528742317172,0.056626688734577685
0.09398414082144525,0.9668870006855715,0.05279781658040791
0.053640084553820945,0.911178053235765,0.06108576117167241
0.39221405703135637,1.0,0.04182795609606739
-0.28061121462812877,0.9386242735249208,0.0201499997015589
0.09970804963589294,0.9731570110681301,0.05176335101623572
-0.7134976446764503,0.9466260362914717,0.08085587069245033
-0.17094536882333145,0.9922740040437584,0.03565920654111956
-0.2341655960876229,0.9467615157711462,0.05281484176873221
0.49567086376675845,0.9260675474714848,0.045256101322584966
0.09168626433601806,0.9078936755005916,0.051497679806660146
-0.14216928564225365,1.0,0.06919626254112196
7.870924045849305,0.6229279389995037,1.2589124533460967
0.06616836631762683,0.9718706331519174,0.03517694801811744
0.05036868648062903,0.9241605288035311,0.05723433335595705
0.1295689197267408,0.9785955848936961,0.06414132303320526
0.2649619160586423,0.9719314269920063,0.061058400000203704
-0.1723604769127901,0.9803902484866813,0.062052853813985266
0.011233845726044247,1.0,0.05092316140431227
-0.12351199547924703,0.9851943682134432,0.05852005651773273
-0.12407299920349,0.9397958047344728,0.04486596971360477
-0.11733660166427982,1.0,0.05267398593183442
-0.09292757635319636,0.9778133512187434,0.08568664596411238
-0.2516656287938361,0.9039495423172678,0.060035852437404655
-0.24630523064065857,0.9339541456699643,0.039287654625439
0.0038329017566635162,0.9462642709803695,0.03711542189300178
9.217507207113197,0.739887902356808,0.6170187175677229
0.0899975583059027,0.8874009293968121,0.02394955165933163
0.18531972303208896,0.9276625357900057,0.07766319632757966
-0.04248341259236191,0.9502888407763946,0.04640447317157019
-0.1199204484654926,0.9169633619253247,0.07092345763329769
0.17489248715117817,0.9485707160207982,0.04952306141376845
-0.1867418717245069,0.9114434264876332,0.06971286732412198
-0.03922090516837352,0.965802097987914,0.04071732541279088
0.1801653086231472,0.9773419741924224,0.058051606008848324
0.0764253469687405,0.913101929121931,0.08516721750146351
-0.07320813368043522,0.9240516748407162,0.0812765524387887
0.1677439631502434,0.9479444055680153,0.07542077945062424
-0.14486593334598014,0.9590245143089794,0.07030370409656442
0.05620132920433553,0.9647711876342395,0.05311403283990071
0.08996937186654819,0.9610058443867037,0.04333562385309999
0.092234052622286,0.9280899939876602,0.03703190038924665
-0.20821594252949455,0.9115302283403032,0.03622280733322119
-0.23522536944716688,0.9714645726808514,0.008955578357946865
0.0967656287470709,0.9781095892152746,0.034879269879377894
0.4374895405364135,0.9321819753585666,0.04638609409609736
-0.1569546103923145,0.959795967520345,0.04550162611392903
0.13902219905243404,0.9148643777978052,0.06094341595012337
0.031604809494895685,0.965365085019499,0.05742451553250579
0.22984294915671138,0.8912494694021896,0.05371876295131012
-0.17376554871195357,0.9292685575189576,0.06307968670223668
-0.24780549687614403,0.9623663371094902,0.0271182790434946
-0.539335533146354,0.9138686776768302,0.04262762606854938
0.2923951636379228,0.9552496174606786,0.006645878040200226
0.29844445730348246,0.9205695100535748,0.09234024354586565
0.4228699457863835,0.9406085753225014,0.05412539543561354
4.921107962069399,0.7097949111641387,1.060195623684275
-0.07290880976021046,0.9945878523790949,0.059128319258936385
-0.2199542629524555,0.9997577452328709,0.025333388787078047
0.2549462324027378,0.9576930621211674,0.04413065647453744
-0.2315282533504267,0.9360533471680574,0.07561867677516838
-0.32431030091084506,0.9408139235915216,0.07634091982590237
-0.006950602601312557,0.9388241305746544,0.04731731983356744
-0.016649493787498797,0.9087057318579643,0.049942973809880685
-0.1314011536959713,0.9417519667792891,0.06969393105396876
0.39896041162151424,0.938159696519159,0.08566991563463819
-0.046453760387130366,0.9518570861032771,0.02223125105354704
0.13768151140699064,0.9559215211015198,0.026311868923167427
-0.08085411524591807,0.9828841157355059,0.07405561287952168
-0.11527377053604637,0.9206144286400507,0.01765179015157741
-0.1564655831905445,0.9463113501383559,0.04571271474674162
0.0236476715231472,0.9283117466108556,0.06595373202520831
-0.039730765718318316,1.0,0.044214669343051335
-0.18623578387923737,0.9719276312939484,0.028769870094265862
-0.05122632381121078,0.9318992992697889,0.024231141365249727
0.0784842627302486,0.8980574744408419,0.04545992020079876
0.1871509351723178,0.9894138996371883,0.05998665923216253
-0.03776145406255795,0.9467760812576171,0.03921781988993335
-0.22862112180083707,0.9121695545101842,0.04516186736311295
-0.1336231787206151,0.9485999614927675,0.03177283092410951
0.2084606686743741,0.905404051820098,0.03181466900985554
-0.1549753031843476,0.911567793193443,0.06785626012407951
0.19136648847670826,0.9301614795256947,0.07902079036665625
-10.023553476860421,0.5148419026430919,1.447005711842921
0.6790710263336144,0.968752348170881,0.008206207614620827
-0.39185456540799196,0.9807668243356213,0.0651429223810249
0.05679609090158717,0.9225232848474189,0.04603074629973606
-0.05094860106930556,0.9652729982140611,0.04432075842887943
-0.3154635235543566,1.0,0.04485013399411276
-0.3764974634725863,0.9470812940006199,0.07252507509711398
0.2426714633524584,0.9504245563530885,0.04583126230690637
-0.0010310749568838518,0.9392731891184138,0.05345729699041602
-0.2018793955385749,0.9516340090930286,0.07286472293074234
-0.46002627032648297,0.9598272581540374,0.07523896010514629
0.17366321242322513,0.9598051589725369,0.05181541710811944
0.1276192234430862,0.9922781808001284,0.05123896355138849
0.3727946962247335,0.9831190503737306,0.05488718246044121
-0.17075639696399655,0.9398423343890369,0.060530888694363495
0.13467221232303675,0.9392131823633268,0.028315196040201968
0.12118660098255943,0.9753350973682463,0.03877618099041377
-0.06538503793573945,0.9505192181558105,0.029073576722947136
0.2677724707285333,0.9629492036661529,0.05091815447929485
-0.11683067002186698,0.9425260463611818,0.02806200326958731
3.6231668964996935,0.6848641663680153,1.0876447429505633
-0.4282715557164579,0.9751130256801203,0.04153220468100825
0.032497860616186654,0.934958893546476,0.0473370959794643
-0.3658800110680907,0.9443688966830496,0.06332625967690483
0.2420000239164126,0.9701142764270122,0.05233000705311534
0.20395485782924463,0.9639644865745555,0.055156358937783874
-0.4272373673288586,0.9127703324671288,0.05395024388661177
0.03552994968226616,0.9195910413500363,0.03598755919209781
0.2155534418722278,0.998001090919356,0.04054098093789596
0.47858977088965543,0.9631824897661726,-9.033257185921822e-05
-0.16877822837471643,0.9433001299111421,0.05797975304991436
0.24685501459064244,0.9420814487600945,0.0018850645940904215
-0.3706907309467106,0.9125851404768813,0.08317066126641337
-0.06752829605467701,0.9749326493835525,0.04461658409500593
-0.3613466314686414,0.9218417070877609,0.0663092826980182
-0.1693809786110172,0.9972887881869253,0.06648914410882632
0.07748013112296243,0.9284958052867603,0.02998432977098737
0.2923498983540384,0.897385313859899,0.029979523130395935
0.1922965244964765,0.9943719048733539,0.06504646853560171
-0.16298053148020705,0.9888684811146382,0.050176191249760485
-0.06694450859381837,0.9129290866564799,0.051066653651147806
0.11721312120486214,0.9783024325367866,0.049467604575450186
0.011001333807762557,0.9361590457732955,0.04945643236437405
-0.1471260899140836,0.9816852135204218,0.03831866130479177
-0.07135030528937056,0.9698615169559723,0.05458006289137679
0.21309836825411904,1.0,0.0778270003323197
0.010886058158930751,0.9525068714239437,0.06660244093454433
-0.4849184627888984,0.9715495917524732,0.035235732809150586
0.13162788387337443,0.9806998157887282,0.02900474141142861
-0.3889984468525833,0.8990639124020516,0.05758011765604919
0.0725210090987669,0.9271680612489897,0.06389255205678812
-0.014729336972891909,0.9738665599077757,0.05157918539466028
-0.1739817442410784,0.9843214387635109,0.07652316799219915
0.1093249772030138,0.969910003568972,0.08102053975377471
-0.0589076102074285,0.9649020196737386,0.02942524186063406
-0.10560075122840609,0.9609516357042954,0.04289240498479344
0.4338259069271156,0.9882883523966036,0.018781674566736063
0.011970852952594998,0.9977430041836016,-0.00660513828039639
0.010889765190160647,0.917031638839443,0.04248136167356897
0.019424509011643134,0.9427839304655181,0.03635645350315543
-0.15811173299130732,0.942523275500373,0.03541367196352816
-0.1376133344568387,0.9807117160336853,0.06075789305444187
0.4097088974953817,0.897364246799389,0.0738598668155031
-0.03880412578025209,0.9240927554039877,0.04537064512021503
0.27095727808164977,0.9396237892614253,0.005377971044288561
0.0958763066440019,0.9089583782630826,0.0574227907791074
-0.02278055105028147,0.925196211827703,0.06728867773371261
0.00032514689611085957,0.9625907547591794,0.026008894967687376
-0.131176556452741,0.9686691543207921,0.033730270157944844
0.17182221094460534,0.9296597512996423,0.04921705669868886
0.13285599557863467,0.989084577810392,0.05371710958845026
0.10297388232403393,0.9338336223794103,0.031593012255187305
0.1064384532757174,0.9525197078728777,0.07423819313006878
7.3146262291184945,0.6188825059219599,0.632015488261674
0.14096202403459604,0.962911369660389,0.030853953770066837
0.26061943325451237,0.9347382867463854,0.035643966092163235
0.3325369044003811,0.9847184853341026,0.03940765135855932
8.788446037573667,0.7434418569549389,0.6445816715527366
-0.16773402203104748,0.9591579377042134,0.037566856078611995
-0.07423497914165753,0.959543753406566,0.05181312528168778
-0.16713640995816653,1.0,0.05747718219002787
-0.17370370785921388,0.9560580103570006,0.04767050383857424
-0.22586043673396464,0.9297414459229161,0.04407782609486537
-0.13266472338926902,0.9348051044232115,0.009396861153001992
-0.14766589214516293,0.9242845409186339,-0.0027931441061457146
-0.01514189671461566,0.9571565872835587,0.05252129890003521
0.2819558844140103,0.9575395502037494,0.06042613037568695
-0.1262625472451907,0.9835750439746375,0.0448967819516164
0.06258419315425567,0.9199455068975692,0.03957378319323174
0.035110571159806654,0.9293776840645296,0.023388626478799038
-0.29807436568384654,0.9482578680020216,0.045981302262038164
0.012013433768577983,0.9913287723557499,0.10216135936032228
0.07395170795198973,0.9254743397795916,0.005649462646974357
10.796205879081455,0.47553683226950866,1.4682456728968938
-0.2724543857425072,0.8927296903055916,0.03651929737539426
0.1491077966197697,0.956036917685585,0.0474834775263953
-0.14630366253029506,1.0,0.04800947919606926
0.0008856680069576402,0.9233953544261015,0.001548833441982582
-0.31887114891423074,0.9371299215017764,0.04238969732661567
-0.11034420124371153,0.8914461602713717,0.047549645169638916
0.23859664616407616,1.0,0.05443443662107495
-0.07172068048397505,0.9812738926597739,0.012677260642008976
-0.07601247680583686,0.9589412711534306,-0.012192323474990802
0.2688750722417165,0.9379985183424154,0.07597643625663497
-0.23173311322728196,0.9501711547516676,0.04548859815259939
-0.06484674129164622,0.8804573921493529,0.06361453247448604
0.10099637396570063,0.9138205051144069,0.05947561338272321
-0.10840414464729398,0.9929154022447793,0.0675232974449143
0.0956493716210553,0.9503411216482089,0.07340481415959875
0.17901890603332227,0.9277486836074518,0.07039868255367555
-0.03757379134847606,0.929916828504945,0.05447379849165987
-0.1372913692168203,1.0,0.06893284341187846
-0.03580372911686538,0.8859510391990597,0.03941502049159588
0.027687142470378935,0.9778384495683885,0.05333604357009499
5.015073847706465,0.44188016439613853,0.5844057107564256
0.3034454361111427,0.9617858768952677,0.05208688393919475
-0.13735307955911658,0.9124441668263373,0.05399867509312637
0.12254822337400749,0.9868592738467881,0.021930382365240423
0.041137166185688245,0.9258046057413537,0.06693311783513574
0.21486368003093614,0.981390351484211,0.01872583866775758
-0.23004482135662607,0.9712716182314621,0.03435015229225476
0.18772488530822587,0.9001346630555112,0.049047983779957824
-0.03676457498805146,0.9349188566698357,0.05214667030361955
0.026024459348228335,0.9166725461827986,0.008552279030618469
-0.03623603025817098,0.9231237423732332,0.04375308067648857
-0.10567248943371524,0.9522152117392055,0.04060691421378097
-0.018876513082586747,0.912006973055435,0.043739790247017726
-9.482194474449392,0.601851368414965,1.2554793372351485
0.3769604298542146,0.9949205924207586,0.05489847417184817
0.032961042826171426,0.9456536269146402,0.08652865338592872
-0.2614975644007392,0.9762860601392338,0.048919699252398086
0.1313456618791111,0.9662854737426869,0.021643790421592216
-0.2832595375360193,0.9541663770176364,0.05950937357316866
0.059667040886250904,0.9494459406219365,0.047307039571412135
-0.12244062442295374,0.863187237685692,0.07731279102753968
-12.75466778458733,0.7110914216690489,0.9016336810191
0.16844036831662634,0.9546495063502618,0.04297892332503042
0.5704859179827216,0.9374262912127873,0.024216150392543424
0.08242165565407764,0.8906408163703574,0.039396216797311714
0.029302187341475695,0.9933246788348961,0.06547381301123077
0.03417894096784524,1.0,0.05965742020591834
-0.2265390799368571,0.9488500769985937,0.04116877840436303
0.15671972450642124,0.939996017910204,0.054447181416350035
-0.35262347457988696,0.9009586752425232,-0.0004791431126542067
-0.25818772359645176,0.9385415056391547,0.09957551066027603
0.36959200365593153,0.9476971522485343,0.07519455684284747
0.14166153759883138,0.9397469187090857,0.04276878990653615
-0.16342822976556237,0.9712361046123695,0.04468454339081815
-0.07251419121514383,0.9589219472494914,0.050513684295990735
-0.36081178690891025,0.9169461796650695,0.08923306462121951
0.23545797444296787,0.9326525830414216,0.04235097557320457
0.12042621446823334,1.0,0.0515319938311527
0.10012149850574288,1.0,0.06722645229636703
0.0049476374261728335,0.9268573864699503,0.02501605064624976
13.159320419276199,0.5700000542978806,1.228190065711254
0.15055063351144582,0.9179358558896604,0.039803984381554504
-0.06473041974716702,0.9362899779817833,0.05834836901701403
-0.1341374396091688,0.9216587537589329,0.038956944673877295
-0.16025757518806305,0.9636279662568425,0.03364808975761385
0.07385523689520238,0.946870777870452,0.04040236174198536
-0.043949775580385625,0.966587705368291,0.01869915258677747
0.06475367486820122,1.0,0.08530700090854514
-0.08678518890536494,0.9767927121300936,0.04542784007280672
12.006260498523424,0.7467134407212241,0.8950333625917706
-0.25709017389902517,0.90493169861088,0.052491645221319196
-0.18220391322121385,0.919437329222162,0.06385685694321476
-0.3774232518055355,0.9681962347598078,0.04261088257976472
0.5877532309389321,0.9188977316426798,0.05897644217689644
0.056079646211979674,0.9032702067510742,0.06041292716116935
0.3803533775125594,0.9466795771431528,0.061443132796446545
-0.46907161529856856,0.9590035997451003,0.04594345245281659
-0.07927632563427955,0.918698412601179,0.10088164355780109
0.06891228627134396,0.8937342321601282,0.04174150426542282
0.05693122491189987,0.9693713157696702,0.036367594508588806
0.3075759376933638,0.953036471703824,0.0680066280390074
-0.11896574889873411,0.9794175603219452,0.05197043066125136
0.14441539192002348,0.9164144179321189,0.06621677202638993
0.1293309910053958,0.8898164316742222,0.08091930278929865
0.1898743968776609,0.9705520369941631,0.05740011963976935
-0.08136172664118584,0.907103255527807,0.04864834631505015
0.3205601038608386,0.9243113309156434,0.08214300065943561
0.26699631916783145,0.9580048603372984,0.02695522565740029
0.30630783836001285,0.9429297564861308,0.0586955646349175
-0.27408985045163176,0.9878459872892106,0.027018848573506605
0.16390141550461346,0.9487325479023361,0.021950408559685986
-0.1719094654043126,0.9404444886395732,0.04881497123994227
0.28550818311380544,0.8873938605629931,0.05768657598602515
0.07224833823663983,0.947996448849551,0.07683313481188205
-0.27289572496908326,0.9676607971995702,0.03714090928057875
-0.2892877609205475,0.9604681333114277,0.06033551858662138
-0.331044338676477,0.9397220931735093,0.03434199150812434
0.12929840869840556,0.9233921124474167,0.04531038485698901
0.17453945050386427,0.9562405880887735,0.05039455120841044
-0.057959600905676326,0.9767714610548346,0.059578855316774204
0.003424941374811001,0.9598136969309066,0.0866416962990765
-0.04449680675745106,0.9202975915235894,0.06703073014851149
-0.10190798846975802,1.0,0.01865521784024625
0.4344158434927337,0.9584207874752112,0.08175157451563098
-0.187414946018452,0.9263037259144721,0.060286955335813144
-0.17442106312035155,0.9565419996289615,0.02437430841419103
0.058495196998289846,0.9684687348502672,0.039085626745690216
0.3853513179208834,0.9910622967600722,0.07034318275524304
0.049891208776199986,0.987106729986091,0.05794773702946584
-0.10468979029766645,0.9311367576195726,0.049460337018889446
0.11257899060821948,0.9498760079767486,0.0714070170975853
-0.1476760660850572,0.9539764326669413,0.017660917652311876
0.09857746805475248,0.9144222336070559,0.06316109121631924
0.2963000268361024,0.9529000964852821,0.03327872662256617
0.1076157621563783,0.9428812187766299,0.03743471911437586
-0.44583264721139537,0.9140297496943401,0.0453385964320516
-0.1797279678989812,0.9732615781509594,0.03585691791189082
0.28889170758452165,0.945795471952391,0.036385288933583684
0.024761521966939027,0.9859756357318753,0.008848639332015296
-0.2732711071772901,0.9748302847771214,0.064007099905799
0.2519439213073894,0.9192122955159339,0.06508938360952954
0.3429752253813281,0.9493389143894952,0.0595749426538962
0.09378560906707989,0.9757265033526118,0.043829267916046494
0.2783317713905768,0.9457587718890282,0.06368738804828425
0.16702447049333705,0.9491668292407102,0.08182182091746815
-0.11179246352073345,0.9383822072907309,0.06575187063147955
-0.08156880274738872,0.990856754277872,0.03768652145229419
-0.30320514394243336,0.9158360410874651,0.039150285290625954
0.40317972484386444,0.9978165250194543,0.06376459140334438
-0.13292480620206631,0.9590821863937813,0.0549894157153131
-9.485163590910226,0.5079555884537565,0.5731489730305818
8.216933757204576,0.6911388638595104,0.7693014979742013
-0.061436875414959624,0.958760639928652,0.06783884821329106
0.12827981486605572,0.9535275208920747,0.016830405550057326
-0.24971098656043558,0.9491694748606148,0.07965119956967472
-0.08607426623186863,0.9500138299368853,0.047828879386502605
0.007890337666205085,1.0,0.050296633024370596
0.037344495554478,0.9256282332714851,0.03604198318771475
0.2312344269308474,0.9037999552942695,0.05678589602751431
0.21261473398166159,0.9230198128047111,0.07179314301746885
-0.2680024011535146,0.9661690130981272,0.04238479008709179
0.05871444088601362,0.9528995305215561,0.033230267598122865
0.07750643528148599,0.9653778058363689,0.05086847873290629
0.06672559312909841,0.9828886757057773,0.011275198174698194
0.32345729906245535,0.9628555414769552,0.0314746384866879
0.12519054178068234,0.9322537159318839,0.04233200031651612
-0.033075134900767876,1.0,0.04702927452694728
0.06843249557821755,0.9149782134839632,0.07162566177640028
-0.054949050338529926,0.9453677472725893,0.05810936018059882
-0.3510145998095011,0.9616266838809748,0.0033171451963377244
-0.3580881221375709,0.9110763396623529,0.03935100384737953
0.13898347560962826,0.9782777738733951,0.03946888697676125
-0.3096193328085044,0.9457292527065537,0.032110004010977855
0.238521297633883,0.9741555137118105,0.05466816206440522
-0.02971518560904802,0.9176856952989219,0.054005305458536726
0.09396201143522784,0.92762790259383,0.045397223195915444
0.045652235832743054,0.9473065032882367,0.05193981490584193
-0.10140537256421558,0.9568778955086905,0.05124343730071258
0.16890696194488208,0.9465400862804182,0.05302742881061765
0.40352155417243507,0.9250801151199389,0.06787482272600018
-0.06414371695310023,0.9854974644759724,0.04786187835750509
-0.028257417220247584,0.9305478470868034,0.045910087826327994
0.35406062130767396,0.962000779902523,0.0672657617802016
0.12007920005521325,0.8960163097079192,0.03643060056000701
0.27881139422282003,0.9385398236643522,0.0338915622073408
-0.2010388596332438,0.9359940494928969,0.05803426654281928
-0.12058203033798619,0.921952237330905,0.06574778398072116
0.5621227354328121,0.9199496292744089,0.09707803552921236
0.29304912343326883,1.0,0.07539505642402694
0.16877973126664625,0.9424300052450103,-0.007901990657852305
8.830828116412984,0.7217923731852842,1.218476846101068
-0.09010628180669338,0.9304139049497573,0.07093632823192747
0.12006781575099013,0.9688057918946551,0.05293347851699783
-0.08549282718065118,0.982018647591397,0.04057957879141977
-0.2156257978349539,0.9579936574667863,0.04703954415784217
0.11199123394294444,0.9480559282014351,0.047707024729948505
0.24134167671989118,0.9501169846166391,0.02926758648256804
-0.08511122170444924,0.9832206777569229,0.018422181124370968
-0.1226285207919094,0.9105484331203744,0.05559924517848078
-0.08016313410820083,0.9173648958188548,0.04679436011765676
-0.2789484683825349,0.9849313319561994,0.06180318228312753
9.992891192815858,0.7048860503329084,0.5318273214244089
-0.06266318896718341,0.9360140169599507,0.02542387702500488
-0.19366776783025344,0.9628433049602416,0.055332792976134214
0.012197221649698857,0.8757439510355081,0.11404005122643837
-0.0029452410152258895,0.9800452032271847,0.050309666793364266
-0.3525630090266628,0.9028165718316338,0.03916623025157218
-0.029455732161116428,0.996983340806027,0.045035112714712416
-0.34218316671694904,0.8826804180842494,0.01615078213165163
-0.04102138584930926,0.918207403239754,0.07141519119530033
-0.2649857440308329,0.9200306086988126,0.07188070667061192
0.08120745344593905,0.9168212764874042,0.1085657895292909
0.06085034344042798,0.936526643112554,0.010037471995547047
-0.10006181229960542,0.9022302354248102,0.0654893457292164
-0.0022798078093334857,0.9879488005845941,0.05916601756395885
-0.41106933464027445,0.9143208014930526,0.06154251955234363
-0.1810408250429465,0.9823242570157886,0.01641928656831241
0.21935396546073074,0.9584838807686197,0.032179708075624244
0.26372753833445167,0.9508059795640869,0.036772540945226896
0.03334098815231949,0.9478651776448088,0.04947917375590091
0.1565144731533299,0.9210836246059764,0.0525017011463968
-0.2845330700320367,0.9431910395406009,0.053730552780714924
0.1889270392524492,1.0,0.06397895669088731
-0.31193189674086114,0.9838146473790311,0.0929884810787628
-0.04627284861995368,0.9713685463622616,0.008527488547263443
0.3274778774708962,0.9442271924067532,0.06231580392643102
0.11702342121047644,0.9835247813435983,0.06955273862055908
-0.09661642132878226,0.9330227232588203,0.04831879635787538
0.1610769571023198,0.9255515587598194,0.061092391691745546
0.34494994166860615,0.9558023386840621,0.04650356202274475
4.622163228532403,0.7526043137444427,0.8746155700784441
-0.22478545423464316,1.0,0.05142899768784376
0.3806633462943373,0.9673551662576108,0.040686570814644246
0.05167385454386125,0.9432488879533903,0.019146473856010343
-0.09413931868563574,0.99382681855379,0.09163285407886476
-0.029707190142716527,0.8928444668657692,0.012473089548013717
13.534809613815296,0.4355781325562404,0.7598267371403304
0.01348379004584406,0.9610057522211937,0.04845724980302549
0.23963772431817287,0.8944862682892469,0.039453625282771784
0.2977556688081961,0.9510732380581948,0.014976327021745305
-0.04127116228057438,0.9472827845534786,0.05452923460659725
0.22455993075271063,0.9402566276400706,0.09547111497052402
0.28780309924751285,0.948936871534727,0.0553462228400252
-0.1530500931595832,0.9659221951368887,0.05257744116479197
-0.11095730613915647,0.9640507214904128,0.010441395125263625
0.19194501192224284,0.9706369919462685,0.05865225655060184
-0.094670547337487,1.0,0.04721256220030501
-0.22712082225538063,0.9658565861088905,0.09047174458445884
0.22647991266461898,0.9275422944369364,0.03633288790918063
0.09484909014025579,0.928996176612069,0.0606249874613042
0.09104818124285646,0.9502535752177234,0.058655708522165985
-0.29746256209710625,0.9346727182653,0.05082221840101263
0.05215501291027874,0.9282342777376177,0.051212991937643754
0.07193694941944291,0.9487416778813611,0.03596684370660416
-0.17972636034221354,0.9548525244477355,0.060094668992491454
0.19026920281893056,0.955434903001931,0.07551539887504374
-0.25225261179160235,0.9302032364791072,0.04521820184854451
0.20544242556083192,0.9519251963131677,0.044464988182723375
-0.16917091980286472,0.9652915607545535,0.06553813105349858
0.001351857178374385,0.9178886888990344,0.08299498625418514
-0.21046736920584444,0.9359665243758817,0.08600200691857293
-0.08363899339905495,0.9054536142647792,0.03485229294058145
-0.11140922492311585,0.9867148241351372,0.07519832548952095
0.07739390185475763,0.9726413303437781,0.057201866213785243
-0.1776264671841023,0.9312048676079017,0.06887904717614317
-0.2300925211809267,0.9838603526231324,0.07973440409758455
0.03570638391450553,0.976894958053216,0.0423112546792398
-0.048658182798020394,0.9075783930626027,0.008058385021934872
-0.18798561737617234,0.9477590813364317,0.06520124369283782
0.25794867871268035,0.9223954167006712,0.0719829458148918
-0.41946842294381387,0.9465294335487635,0.05371087516641227
0.1610324235409829,0.9602028556004519,0.08059320502923917
-6.439224453315183,0.528503888106689,0.7673950891334619
-0.19787022835158063,0.9523301383881992,0.07567384536510914
10.876080978414107,0.6004987444782921,1.1183064071921414
-0.4081138558437948,0.9423864063243381,0.040951602774364146
-0.005723592977871742,0.9523097810990044,0.04312405303137238
-0.0543480098837679,0.8969069536250214,0.05628740911542806
0.07389637275365704,0.904593404512094,0.055119881134358666
-0.024862475433017613,0.9275073568571793,0.032706185871650015
-0.3611879537371977,0.9229326459985375,0.06139369197514941
0.4202053657306666,0.9987382995948246,0.02766152985903489
-0.3606346416852173,0.9354338118826654,0.04418101269926603
-0.045051499085533415,0.9460442299187803,0.08453169383856271
-0.05263509895671257,0.9760546011336456,0.01965444330467389
0.03880050649231667,0.9381287799682725,0.05804277599907521
0.03684057750127851,0.9505661636651895,0.03430184850867246
0.01694857575172137,0.9175636265135053,0.02556540926074892
-2.490210699422394,0.6460523631235928,1.1477721557881608
-0.7312243229186567,1.0,0.07622372634242353
0.2024942261991406,0.9246475802001756,0.060364012006142775
-0.08642766614589066,0.9819536548650967,0.07360446735023599
0.2843772739909209,1.0,0.026398770324826078
-0.13353923290646863,0.9022299699409253,0.07218274700750582
0.16090920554422095,0.9279981551531717,0.05899249926896531
9.699977866331075,0.5038701986357061,0.9380634820956114
0.09486365990307112,0.9329695536548125,0.0475264361149307
0.04242632618582716,0.959296116195496,0.0745902011771729
0.22513196208779848,0.9117938698806148,0.052315985780840735
-0.16465648338116676,0.9281793262471458,0.046585741037047844
-0.04642664308189688,0.9729655949312414,0.06965938197951577
-0.05270568273157648,0.9563988091783155,0.06409731203824562
-0.21008891717376416,0.95906139694036,0.038260954365228146
-0.0058999818806828915,0.9650776893128985,0.05755349420609091
-0.32064107711302026,1.0,0.051382171899400364
0.2198760206860577,0.9435055266135216,0.06857945639443895
0.17985242757411635,0.9432943535115621,0.0554267504622205
0.10494830581842059,0.9653962880459264,0.04483563478316033
-0.10518259546885247,0.9679599560789283,0.031583353318088994
-0.14095536622562366,0.9257384736752878,0.058386831880614345
-0.13183696574045609,0.9714924503667302,0.08251352714670074
11.224955524627878,0.783925594632792,0.8017147597908466
0.026948897430418624,0.9726896821092812,0.05141983672477012
-0.09105890820721713,0.9848533067503875,0.05150896012931443
0.24005756096105496,0.9446011662620518,0.05824032545786184
-0.3452985448733031,1.0,0.03064948429982745
-0.17400463979902386,0.9577314931010339,0.031206092782948378
-0.06767835622943968,0.916821224283881,0.05792444471315085
0.053176377700163105,0.9913470793399117,0.0057363471725591295
-0.15369063427554364,0.9957182227053298,0.03137871951672936
-0.1734098960963105,0.9939604389221866,-0.0005715225383879433
-0.2610693176942711,0.94103803428197,0.023745942624249772
-0.02153102213378656,0.94653669326599,0.08188373043353135
0.15408049635396268,0.9707674574869318,0.04226938789768023
0.012919194096983989,0.9841716775914984,0.05017648444229977
-0.04704593144709362,0.9020028513557273,0.04930324971966133
0.12108286090093245,0.9765536383827795,0.046129400359921253
0.02357691335065928,0.9917772503223548,0.06669619477421587
-0.3091744509780294,0.9097188090234696,0.02320922795584558
-0.3674315561877466,0.9678516059897496,0.060629920733522025
0.4321103426112616,0.8984662229433132,0.07688960988506584
0.19163101848594444,0.924086437399245,0.05298220098609528
0.3901629611811912,0.9902564800590895,0.04588114084307208
0.25771091719450195,0.9334338280923643,0.04563138946358432
-9.485474917937978,0.5817516504605573,0.7875706349282199
-0.11379728321564164,0.9776410157534058,0.06422876245411414
0.2738982741647149,0.9575634071703455,0.026336354324894635
-0.3315195599492754,0.901298822412267,0.04391903162066914
-0.03174015919617171,0.9300361841941117,0.042714274708056964
-0.3060869718904119,0.9103886872033619,0.0730033083358696
-11.40399651429378,0.7884641611348898,1.4825900939590841
0.47935765532387253,0.971844977195613,0.049894420680470085
-0.013989701165933038,1.0,0.051768711311582026
-0.03490979376042943,0.930616262780092,0.08635009164472437
0.017816178357514513,0.9136829446657482,0.05659392542282884
0.30503051637013046,0.9438799589932799,0.05457432486680999
-0.23337289317354123,0.9646826408370841,0.036592413633121115
0.0436378489674831,0.9412197347863217,0.026420085173442482
-0.33915187423847437,0.9781504883860878,0.08202361123691237
0.0932236507407801,0.9112376157081123,0.0637248607745318
0.06682280924686573,0.9105638375023635,0.03612734487868055
-0.3873300347701014,0.9246322291600304,0.04663172366123051
0.07002890194786945,0.9854899514905839,0.049870288757530135
0.1542041737085616,0.9344485660266466,0.04578423726611226
-0.1582890008106005,0.8828643101943774,0.05050224894733458
11.709578176756828,0.59362766778284,0.6420345612329075
-0.14915187695772233,0.9295831553094449,0.05535854092438514
0.024844590667179006,0.9534304699166282,0.04307795179344369
-0.3422145977554166,0.9305287955523849,0.05504491106082558
0.16703008421048887,0.9678681483624811,0.06109017481770973
-0.0677771806699627,0.917269629566579,0.04908427406920927
-0.032751690674624655,0.9916090349641181,0.06486023387851282
0.1314001248086265,0.989465289747225,0.05177196030992494
-0.11115086291911531,0.9606050520728467,0.021298631769587514
-8.80887247597433,0.4330690980235459,0.7544149133475484
-0.0013073627598688827,0.959579642756457,0.07727653280192448
-0.16288782387547263,0.9502993317355443,0.02180390857150223
-4.581396142098647,0.7655328880456896,0.5809810138398067
-0.05531009738724836,0.936439440686661,0.04323103087591021
-0.13956475460978954,0.9788481567139362,0.05529679385256343
0.13853036715654896,0.9556217686817065,0.05483631900695792
-0.04858971477864229,0.9048913689567422,0.028278262915461132
-0.11591290819993694,0.9728087345231862,0.039725189228695695
-0.18742792184613666,1.0,0.018943789538746595
-0.48567942645923856,0.9148897666893263,0.05443054183928629
-0.1269415573812013,0.9116281060077949,0.02764120357200042
0.09964736716809303,0.9687203291532388,0.0566138311315127
0.2500681119435563,0.9222864115138943,-0.019903906277519534
0.12144299791040394,0.9877012231211117,0.01384373987057888
-0.1298060157241237,0.9942491920556363,0.05024847857587705
0.14341668588123643,0.907584807596952,0.02350369550755272
0.11306293008502058,0.9965084266521534,0.051841505140475676
-0.10860356096833534,0.9654356860901102,0.0582768087106877
-0.0929010007095891,0.9631864743413181,0.039516180486304064
8.315744044363708,0.43648189137435844,0.5000833747429729
-0.2971693644334523,0.9397285344020864,0.08294513292070846
-0.10887996989783724,0.9747917078447096,0.06351045453185505
0.10434307457816792,0.9479065318270393,0.057438818586082616
-0.14746513574702,0.9235416658121466,0.029651271990015816
0.2582380258681612,0.9361469338298447,0.04836153591323734
-0.230772257541761,0.9453648440393903,0.04880790261816789
0.4837856155380144,0.9577636850761919,0.04221663552793125
-0.006687955388717014,0.9664951717317963,0.04033057951581569
0.028622443541709078,0.8997891588083876,0.06304557738656574
-0.15586153741304795,0.9286956142680838,0.05741275576081597
0.19250126566840423,0.8881854014859795,0.07591362689224364
0.13540154796584444,0.9441098613202537,0.03960573427021678
-0.05387941040937555,0.9071400942432009,0.0569803946458241
0.10695562279151734,0.9991593727102075,0.06521878986363511
-0.16001026888369213,0.9087808791267572,0.07029193887014806
-0.33083184253310377,0.9653880341867056,0.055883711987839306
0.005335309198844609,0.950679178750555,0.0641086291212335
-0.029761772330815967,0.9596893284254443,0.03288059084555009
-0.0010366316226927163,0.9096675739495708,0.014499871820745046
0.05146739319167996,0.9354262271534305,0.019573100723433965
0.48588085608146153,0.9743070218005364,0.029384065493923785
0.11579677435350802,0.9699519706398566,0.035161907875225586
-0.045648894048544914,0.921508183417875,0.014388015262744885
0.1356939110978943,0.9879772800236402,0.029547895251825346
0.2155533006203686,0.949521533411419,0.04612468116279142
0.1460469631959737,0.945529175377177,0.041648530343156576
0.43269709727537004,0.9028970779796456,0.025995527940379886
0.040520781890135416,0.9279063311100254,0.030262367576501876
0.31672449944767433,0.978554048407025,0.048022732995822215
-0.2076025567194063,0.8974932645159007,0.061854630509933305
-0.05179837924710602,0.9387255140109032,0.06526927676248043
0.08196093073067302,0.987569722752208,0.05540910306817653
-0.08067490364059923,0.9412161949405119,0.06746312938042623
-0.4361950578301347,0.9297414596422748,0.04743825705796304
-0.07122956193558518,0.9671721517660781,0.06500887129349321
0.08474371397817476,0.9431943513127106,0.04011506731661003
-0.12350995000506176,0.898504839938213,0.051592693677305554
-0.3531356421853875,0.988939742864327,0.04729273294129429
-0.2096666358341146,0.9418074419933642,0.045278990385297126
-0.09863257185345986,0.9747359096825996,0.069498616427415
0.08601320571311508,0.9347043295178384,0.08547282039508326
-0.06995573666137875,0.9456825993018535,0.05529785414062987
-0.3024214699318866,0.8938765627274671,0.04541071533785876
14.68205643165629,0.7438848919185769,0.8722872667446964
-0.016006014058584924,0.9267142154954005,0.05231330719268007
0.04475748705968668,0.9214971436668722,0.038616614101196434
0.24945579076399416,0.8911022713221337,0.07209012797004419
-0.27856156883702365,0.9769996239157074,0.044232190188683906
-0.1374025286058787,0.8956282775130622,0.04611967612986982
0.0032993074178176833,0.9518271427972524,0.05454281840786486
0.18997154812351869,0.8701751590116248,0.05246076992438282
0.1753729611614724,0.9980473346828791,0.05409138604683599
0.23645625404311602,0.9064231791331459,0.0373970821323249
0.14552568625774778,0.9756448371483567,0.05607077665791434
0.09345249794964905,0.9854547605495237,0.062266585145090744
-0.005521978676909591,0.9378672922759967,0.039191113531201846
-0.4087667216300445,0.8597293490400246,0.02058422457179845
0.04446571214924319,0.9094157301135004,0.08857191665275178
-0.09279229094719743,0.9069248297993796,0.055780222599139034
-0.31173704922978424,1.0,0.08591909614486205
-0.14027582917461145,0.9713009730209355,0.027159862525803977
0.14012337766320285,0.9735178984419337,0.01838005822897462
-0.20779306933123842,0.9185419509648111,0.04039399414290371
-0.28956285702957835,0.9574006785631003,0.07081568685665118
0.2342257564922631,0.8982993976653698,0.03433536175869578
0.08300408556148847,0.9441974835535258,0.037156513422918785
0.0052923225295323055,0.9358358019834274,0.06974125760097184
-0.01989647750318141,1.0,0.06182288696596826
-5.1617540517288365,0.632365079238773,0.5692946450423627
-0.10381042817869163,1.0,0.08060260831171401
-0.06517105259799932,0.9431833992716114,0.03936958266646759
-0.29253965713680347,1.0,0.03271424624110741
0.05021793285997672,0.9938956096426405,0.040571245985098606
0.06544041315821535,0.9519793573766466,0.07589096634069932
-0.15069958735089178,0.9549020249323071,0.05820981169662693
0.191444177084216,0.874536428568895,0.09162865173096169
0.05706788229085008,0.9689831855626441,0.07656745668579426
0.14197013913029113,0.9579637500884297,0.05192691023289399
-0.14953962888515668,0.8952428308285226,0.08363862398730854
-0.30630969769728006,0.9480651944009569,0.028317280988058056
-0.020840057691610625,0.9464790801248109,0.017548988507392935
-0.35100548743261273,0.9322668175101424,0.06910489924932574
-0.16422577607006558,0.8965034141186963,0.053688779101217055
0.17864759821008624,0.9190456443243348,0.05716778313882889
0.03389966299849627,0.9546128734674452,0.032427192060402926
0.27037567426189946,0.9679756771089022,0.06536499153472823
-0.2866813719457375,0.9381537510197739,0.035705766586224555
-0.18294906474180322,0.9576254476396322,0.04599198634513478
10.750432401419129,0.6757352802663645,0.7957800794770965
0.22784758151840923,0.8962312247019172,-0.015185010755425526
-0.1499839739388899,0.8989834503433465,0.04952783037296912
-0.002286697914882089,0.9641696911393847,0.035214186446432136
-0.15507108949205717,0.9570367508835007,0.02175640065099075
0.2770943409366592,0.954931052378542,0.03723150760289348
0.049778730162443996,0.9538139366756725,0.05283264933439248
-0.052167035739831724,0.8959670531079645,0.0638987455777181
-0.09243971613872552,0.9197197853256798,0.05250574208893316
-0.34069497820041617,0.9602848835942528,0.03981832390134498
0.0827148484940674,0.977865907495613,0.06510766811579458
0.5121229105647788,0.9606221036195978,0.06575364504453449
0.03274955153228316,0.9428020864185654,0.04897171795400626
-0.24565435068545055,0.9397988803222155,0.08065229217342722
-0.18543356827030757,0.9630217705487508,0.0652641282846746
0.03834218824508998,0.9474911825859105,0.05283216889014251
-0.27217899207712815,0.9777984411139119,0.07648337901100873
-0.100965672699955,0.9843238544957543,0.08287251655176997
-0.06072057095186937,0.8994763473985914,0.048060691952064624
0.12597435087320702,0.9610342156769524,0.0556055437040809
0.027494450961438356,0.9248279686242514,0.06149348434752187
-0.47141601131071953,0.9327135031208351,0.017213910279073853
0.15700652121928269,0.9896689574247512,0.04947328885394125
-0.15918170714758947,0.9401941100196479,0.0644921377484633
0.16505476807090214,0.9311140389978235,0.023162838337776347
0.48563728028480935,0.9623315048979095,0.045589195314542405
-0.14279071247566152,0.9639452203119774,0.07769593944695977
0.1785559664747547,0.9490769625781784,0.0572889878410179
-0.013663455397133921,0.9295396056525456,0.024234607455525563
-0.17772687958062233,0.946431005505775,0.08631386121577722
0.1068670440429807,0.9408063979139609,0.030211789411753787
-0.004049688451310055,0.9304096366985869,0.08829699120087248
0.07614334212133925,0.9766078211668647,0.0478659117170825
0.35113694185134103,0.965666515754295,0.03760254322295357
-0.038854670152902004,0.9713073313711384,0.07251882350189463
-0.19123552813060415,0.9519026123342398,0.04052477759928964
-0.01900327199547728,0.9392352819532053,0.004438067952341952
-0.2649797643714706,0.9237269957926166,0.03043691523397011
0.18316321940583272,0.9637613577370472,0.02962507293994866
-0.17990118512291361,0.9528365882608467,0.053107116931933686
0.23500612673618032,0.9542454823947063,0.048859398106675875
0.09220453835266539,0.9403273489555695,0.04864457686191532
0.10355786229629337,0.9646745096323337,0.032151870026393504
-0.199211706813565,0.9544562438989954,0.06014504908454468
-5.395899905834651,0.6597393866449967,0.881613265360518
-0.278230626091885,0.9560522228162673,0.06844018123995582
0.01870159098512965,0.9628903452097194,0.049245185082418055
0.08280315165815665,0.9182200487846608,0.03299080589543911
-0.2071961475263672,1.0,0.03146262585866842
-0.27171409225864435,0.9570134095456378,0.05622309378358294
-0.0877818967349987,0.9752420939406401,0.027410665483595043
-0.25187310387791234,0.9593469113484663,0.05043922063225865
-0.23928420125609456,0.9356930349937034,0.052192177063058766
0.26839512789716097,1.0,0.03376976875913903
-0.15708412480493184,0.9211377024703711,0.05803073260731532
-0.09407573266150462,1.0,0.04798563120906098
0.22989732928443934,0.9442515328459069,0.04917623329529552
0.00775721621749172,0.9824266077531799,0.050451274383853176
-0.11025848072017536,0.9806153582895147,0.03575957996834882
0.21592602686554888,0.903265432208696,0.04929871542203784
0.22973431800229505,0.9840620095485346,0.03718279072871415
0.022042999646328235,0.9897111903726513,0.04193242717781899
0.06649295903739685,1.0,0.0692178615732434
0.10188828468092626,0.9321024062808644,0.044364588100836023
0.19170839707036422,1.0,0.05206092766312013
0.35677395933692985,0.9247074411419628,0.057318531775486584
-0.2643371314899951,0.9304782145955659,0.02161382530952241
0.02035019053459339,0.9508637983110907,0.06560802380602009
0.15354988655975282,0.9338339294527267,0.03779252383768224
0.09923785004636877,0.9496612477479437,0.037711465427866825
-0.1821237535298757,0.9423268937366891,0.02484469391338873
0.07671607739357961,0.9509769754528158,0.03684822103880248
-0.006195183105342088,0.9458509555176324,0.08035539778475802
-0.07211704698536678,0.9480515174049122,0.0331822366728479
-0.07790668352532348,0.9612670653769425,0.032746183206920965
-0.06852573921061064,0.9333655002282372,0.05504426693762024
-0.1928624874187029,0.9374744585683096,0.06335667680386965
0.027332773992030032,0.9654665826738935,0.023003786369163927
-0.16674038229984137,0.9275723555870089,0.06447338828708912
-0.2953302776323065,0.9467870862231614,0.0356224225799169
-0.19121571254340214,0.9200399321930406,0.051073604758885165
-0.013823362035653234,0.9276523589385888,0.04688458112730815
-0.029193115416950046,0.977295381122335,0.027538599585608982
0.34068319141645675,0.975650315971883,0.06274298697768552
0.19517946539799452,0.9571283656354782,0.03810000387253343
0.14658358529496338,0.9417844050551841,0.07952005491428082
0.14982220359653692,0.9822669879961711,0.09393296678946486
5.484300713618531,0.5990966644025197,0.9967678326956042
0.18580851990265004,0.954216102003103,0.03551528568536883
-0.06826212284348775,0.9458142228080522,0.03286281504575057
-0.1240900678814742,0.9290144485955484,0.03981571200258753
-0.26150313722663654,0.9200048147106826,0.0665000140666501
0.01614497022321348,0.9689180814157188,0.07075069038744752
-0.0840531038260392,0.9662494529723804,0.03120254280473441
0.036856483580745,0.9547248902904285,0.06359605052688122
0.2557142118820848,0.9898310884061715,0.038678642201767824
0.13931636241949027,1.0,0.09092420285479653
0.19527386733911875,0.9774607940261606,0.02999965254605293
-0.0397971209286826,0.9970220723902962,0.08289677976302404
-2.118068777590495,0.4493290603892929,1.0385116601083086
-0.00847236808518626,0.9610951489007754,0.02735566688147347
-0.44907223185006145,0.9096489734088051,0.028842438458596673
0.26400586222545025,0.9432013031862655,0.06610140680567711
-0.02285282114608233,0.9559164891326993,0.05517075470768547
13.285448246062249,0.49948132891608177,0.6280670709291557
-0.09440984229120467,0.9700457864234355,0.07148695033101667
0.20556856980155042,0.9029096646614078,0.07384664553670231
0.0951062801439018,0.9364431727473729,0.04637772101202208
-0.14024200627396152,0.9097525242268502,0.013591648983657188
-0.07507740131503515,0.9351936475937661,0.009571821139861617
0.14183025871445626,0.9726379255242563,0.025107883698571982
0.5427785771102748,0.9473198228091253,0.028021015064126017
-0.14426986664917166,0.9853571650570278,0.047282760141315994
0.06821688130506724,0.9658560345214957,0.02764783034358988
0.2242125388451723,0.9551293801801051,0.07441391260062279
0.25399073430835434,0.9713250548707323,0.06220607954835666
-2.815469398795495,0.7402525268728635,0.5514080296947148
0.12880129169649643,0.9802164461837121,0.05330873181572772
-0.18121015218757122,0.9520950902915846,0.062240492767117
-0.013729754394385603,0.9843310601027061,0.059283253190834675
-0.04325980322788461,0.9301440571176597,0.028467898972777194
0.21072969350545523,0.9854048074457213,0.06129614977774096
0.02923182980729713,0.9492223669386273,0.038013453432241835
0.25795522296783074,0.9372748083082367,0.04794243201671881
-0.13989764566793958,0.9542148300618203,0.06780006646765672
0.10769847480859347,0.9644900041122136,0.045059295722978156
0.3237724555010832,0.9597217633945929,0.12826569226647883
0.24780198153619304,1.0,0.05493170058131003
-0.21176101590918003,0.9114816435747783,0.03237828080601646
-0.1036642377890694,0.9521811827530474,0.03960139760263105
-0.09570418747156674,1.0,0.09594138296848626
-0.1612586353614713,0.9660864658516177,0.09344434475476218
11.896355983810539,0.5443050854079832,1.0994049519348221
-0.03311873118327804,0.947050501922564,0.03618968041858055
-0.11705437510759187,0.9928599707491438,0.050453506589315196
-0.06616966436373714,0.9834074959539916,0.05785029322247872
-0.013936277009036355,0.9817289202399363,0.010437072155369313
0.029371101359481185,0.9123265263092846,0.04445492227135724
0.16671367195450948,0.9064231106169742,0.04809845579321614
-0.07545339164163634,0.9101416867921062,0.05156784148581475
0.10372297334945112,0.87871827322056,0.0698226904836958
-0.17075714917121995,0.9542459938093221,0.07472456370035446
0.07207193866466127,0.9505411562599512,0.04911925334508809
-0.25516689845223417,0.9699541018749597,0.05247276044800816
-0.08621426994982195,0.974909394965007,0.08002172596031835
0.04336049827442834,0.9894376673736273,0.04879424439493776
0.03142391976417644,0.9346576762521366,0.029964341312598043
0.3549884512413494,0.9560641478977947,0.029070783097070115
0.13939453320566184,0.9956304605117948,0.05303809721233256
-0.05639151903661043,0.9158678800748455,0.06266970005778835
0.0516923779102188,0.9800160228838264,0.07874223597590115
-0.1425391337274694,0.9657192453297836,0.07529071314999276
-0.13403623826139838,0.9172919387459638,0.02864384874555165
-0.258597128413857,0.9814437128910563,0.08078271511876324
0.08253919975403995,0.9756541020780315,0.04469895787914642
-0.17838517776732246,0.941923911801994,0.05023601468702
0.1582565814557626,1.0,0.056306451680963036
-0.5380998753328278,0.9515724731366977,0.04814070409425493
-0.1604558002643619,0.9299022816776067,0.07060372487944915
-0.09145209662163056,0.9748454333470449,0.057908236385940955
0.013429395947378629,0.9818245909259791,0.08010780970434031
0.016276575755879423,0.9247505993998307,0.027227962372898363
0.2797623457726413,0.9357709138456832,0.026233375196542154
-0.25032806440981425,0.9908500269049699,0.06109913453105883
-0.06813765124729707,0.9719968338848233,0.05509872818591171
-0.061099525666444165,0.9258047149281575,0.04918440092923968
0.00569095510625907,0.9866095456284124,0.0344465489795023
0.07680333985234455,0.9798582299733446,0.0389031143057151
-0.11936126743978728,0.9694268989126108,0.0638846746987069
-0.12443115586924687,0.9813477074851353,0.038850072075395745
0.09199297995404927,0.9089593616094815,0.025598748114822045
0.1587697635298637,0.9227732187040703,0.04828874290512365
-0.31698058607634794,0.9780558790787652,0.045767953206288174
-11.682436525229797,0.7321139474175711,0.9518586652752407
0.08427388728410819,0.9737694888983793,0.050154249144442005
0.15896911964215785,0.96193913722521,0.05486285378548727
0.09784048131807255,0.9859379723934469,0.03805912456558165
0.2717745566504358,0.9314957764145327,0.06795029222879224
-9.958611909928237,0.48661162838351535,0.9968275056089517
0.1595126673507845,0.9469059438249409,0.04220703680792802
0.23828009753988347,0.964278443059847,0.05698997300479176
0.14867801947856746,0.9420130817518657,0.05656281070190172
0.0735475201797318,0.9260261912922874,0.03225286978021863
0.026843583253759934,0.9334025531195326,0.06290401794749921
0.1774316791834279,0.9618277258592359,0.08475485863220346
-0.01222966976923555,0.9370789908420896,0.022622080639955303
0.1412204417570923,0.9999099545627615,0.03876816060512606
-0.11464493481233935,0.9828506246988424,0.08664249841655089
-0.16019348841859346,0.931030209608871,0.05039534585262713
-0.25488524331688794,1.0,0.06711076626480472
0.07049707860795461,0.9786037330916872,0.036647329451683266
-0.2280009352349055,0.9561022897015479,0.07241076884496603
-0.1855782884259966,0.9526187034889677,0.0375106406577588
0.17946355254662216,0.9040696625031733,0.02295548776068416
0.10212261445061399,0.9959439011326067,0.047436803088498
-0.2164422075781683,0.900845176992607,0.06806689346602576
0.5448280263779517,0.9483028277234632,0.05558502150445206
0.18819180114395945,0.9571866140609328,0.03795688606899243
0.23071184578823606,0.9349781245141172,0.03632027627151618
0.055797679231160136,0.907163903069307,0.04367894513522283
0.14431807031978947,0.9668170232321001,0.044614130655579134
-0.09097982385471665,0.9417060113288039,0.05511295740574845
-0.19422805570209498,0.9596489966638478,0.016333394293961634
0.12251689891858414,0.9545413823498841,0.017102148133239944
-0.09888731897808378,0.9343227537396079,0.013841706277648816
2.1516111313318453,0.6357296480654698,1.1042273526480346
0.047689485137338644,0.9822196959063404,0.021693327248795344
-0.21200823330089114,0.9488062017496736,0.08777149138559256
-0.36541248004598237,0.9780064349677214,0.038689549398735375
-0.09511435571126856,0.9916980098741518,0.04226354005021424
-0.15225483667043493,0.9419631956766507,0.046224188141601306
0.04712378242263138,0.9255877409235179,0.03638786538517536
-0.32164468276810115,0.9372370402448009,0.06540070355095084
-0.23152697448859982,0.9272199651589014,0.07981086808682977
0.14134124252940658,1.0,0.0710941609027895
-0.06280993865505692,0.9548774404107427,0.051679436696549105
-0.160569582786958,0.959895679052637,0.03094332842840339
-0.08574163689599756,0.9024178551522122,0.03208375153360995
0.13116679440181161,0.9212494686509511,0.05447951278669592
-0.1294120829881484,0.925022231123629,0.0719988984592689
-0.1482280289829588,0.9512852299521265,0.035060466806906304
0.3163185470007047,0.9148647039471697,0.0640424770777751
0.12777617156233254,1.0,0.06478131501350796
-0.1601665876486016,0.9571697500205,0.04237222268727137
-0.08920527289486485,0.9010770142396821,0.042364569601132454
0.026020749258042836,0.9325002255363078,0.09179739840019868
-0.08322854799747836,0.9735355680828564,0.060564775979471096
0.09587257524404365,1.0,0.03997475403795831
0.17188977341195658,0.935431942709089,0.05480057288535272
0.01290288133529593,0.9162961328686899,0.02362038031101374
-0.18430839579182773,0.9559319935096254,0.056149533785257714
0.451515916067471,0.912961944652937,0.03375374655144886
0.3372253361257358,0.9137881797640378,0.05467371717074833
-0.4199410779265912,0.9426886362232946,0.05954339848155249
-0.1798103777488234,0.9616274243377999,0.059798562357165394
-0.026778161801380658,0.9418361776408974,0.06465674591820329
0.10862582153564485,0.9690950548636084,0.0690886538762153
-0.1384557151289445,0.9319791014221142,0.07929892983564454
0.1383130872598972,0.9555489594927757,0.06798784918344436
-3.497538771569599,0.7585747853201457,0.8977666051142668
-3.53478964948273,0.4195809185775871,1.2515648517927174
0.4357499349835431,0.926117210239106,0.09392064633705105
-0.11640169678106074,0.9799346468736286,0.047631217999913614
0.21899828386947096,0.9514747917787686,0.07331716267048102
-0.008850187979243616,0.9049292016603866,0.053718771763340376
-0.45225882499900927,0.9425156271462157,0.041652823829700994
-0.1431391118692907,0.9451390081085208,0.07496677939004263
0.3110349011649933,0.9478216363571497,0.06572118336192609
0.08978605534120877,0.9782024942699463,0.05565189505278358
0.04963200305252465,0.9342494546490471,0.06824254019375221
0.06494427156767021,0.9092223443609433,0.0499904448257555
0.217295915942846,0.928876971933591,0.043301614338917604
-0.344280788091938,0.9411040809201329,0.049053664914968445
0.2472495856114204,0.970946996743403,0.050534847860455014
0.2724365844243157,0.9353510205419561,0.07013894454106238
0.11570977032349881,0.8990133396162473,0.036217742312072775
-0.14319225953454828,0.9490973753157298,0.04505603880280059
3.7395611979421566,0.6147011859940066,1.2832299610288125
0.28410572805428075,1.0,0.059854842538705225
0.0876623438579428,0.9513489625997309,0.05001184463529329
-0.3779683362935615,0.9188887598402848,0.05941476212925573
0.19672011158595604,0.9322945311482222,0.0563741063862871
-0.4830807444152126,0.9743396333129822,0.08370659990777467
0.2357584917939661,1.0,0.03986230829442252
0.41862796797619195,0.8961191512707718,0.03510616175268868
-0.15406686462255403,0.9510496028725204,0.026966547106443743
0.0035622058239927266,0.8943650530819802,0.04851736955179668
-0.1676929493116025,0.956964654670546,0.06666560393080696
0.03514975098011131,0.9305734131718965,0.07112889336196193
-0.019541421010656344,0.9398401721509706,0.049584691194928546
0.003133688189117061,0.8801015396048008,0.058381407033153074
-0.2292110554869888,0.973057333986462,0.08463191447225717
0.028664420093115074,0.899418693570627,0.03785518064119614
-0.42623691759914906,0.9135482269386233,0.025625303181701878
-0.09848232428674196,0.9675681628973217,0.04666663341176487
-0.10816563094941634,0.9552500664759822,0.02151804542746887
-0.3593412656967467,0.8611193041439388,0.0648193936926086
-0.1445086001974822,0.9829457435255812,0.04825692416437255
0.15426671608196407,0.9730039220236754,0.033234894119197986
-0.0035994417489991527,0.9523462799503261,0.049167402369599864
-0.1195854680635453,0.8622139532895372,0.060594893540392186
0.2058009463009678,0.9678507989108035,0.07511223174086963
0.4472099392390829,0.9312470674163886,0.03656085292080767
-0.12477319038529522,0.9415412444913176,0.045103434064736596
0.026169479312588513,0.977231981474224,0.046881120517691825
0.17197682187413996,0.9225922131429932,0.04610339877458682
0.21476944939279577,0.9508129635723267,0.03480744815607642
-0.0972557531624754,0.9806291711720467,0.05072508387302057
-0.1352446651450757,0.9381894329606454,0.05532708302870355
-0.2904383056809085,0.9281884266619245,0.03433859817453221
-0.06203652092216218,0.9387431823906369,0.06735627603317289
0.07975449077445168,0.9653173409376418,0.03530756918888229
-0.32574604976099875,0.9778320506015847,0.07800578443997391
12.355426473412876,0.4144955798435033,1.0483894999709689
0.12844310930603017,0.9593559846922962,0.05946170813906597
0.006810038351547927,0.9292841418431452,0.054280765717767514
0.04641697013111105,0.9363655275581406,0.07057503455973117
0.43921182909054113,0.9152621951197941,0.04358340918139682
-0.05675164143222235,0.9624465430005053,0.049567871430171224
0.02288633997911119,0.9234653523078258,0.04575293109014862
-0.5195692823449337,0.9433781055475956,0.07251168996490416
-0.0021008061873852017,0.9143899488863043,0.04472532354656891
-0.24407762766044303,0.9022092764218937,0.04647121872689685
0.031628000134372475,0.9631548204056647,0.054072802539693196
-0.09351026805337642,0.9380154225654991,0.06544782831783742
-0.1417241812847687,1.0,0.05948454030365001
-0.2389766334115322,0.9347059672415506,0.06458133061750565
-0.3797203070462175,0.9683183373585598,0.05958905835245809
0.04919358592369605,0.9993235955380813,0.041607681332014326
0.2434763951867215,0.9550594340602901,0.046125034994993194
-0.27881435280025524,0.943739091344697,0.06704766903782672
0.09623417921427128,0.9558501669986365,0.05517856872840218
0.04072433791670107,1.0,0.08289065258224128
0.29303823994724776,0.9535752764488344,0.06473332897537919
0.011674528332117462,0.9183793983620319,0.02172708664656078
0.002534054056912689,0.9288846297472381,0.01598300370566612
0.2036235485145288,0.9438711670293708,0.058487676894828436
0.28316532966195035,0.9608322526752014,0.09068909268944064
-0.05261917656181461,0.9782116855112736,0.028106628595024087
0.20445691861222529,0.9533141314339661,0.07446971676015704
0.30224156403599484,0.9628473281149735,0.07966877238304555
0.20179447505031206,0.9761538502389506,0.03906754050894767
-0.06339602048524534,0.9404532616572829,0.056715830590886966
0.17157981038365971,0.9784515005714645,0.05070018819352316
-0.237118943141747,0.958714180683015,0.041835606948184514
-0.02306159655004516,0.9650275445997767,0.03660259520457021
-0.48275978703443867,0.9115223150855435,0.03383991000725741
-0.2510659590181243,0.9418315249088849,0.036623753844730524
0.09122726634014315,0.9429303373127078,0.04912757972039806
-0.19822310594119,0.9810093833374817,0.04491224658895099
-0.1322964921508748,0.9389647793481241,0.044809431896541616
0.06969713257741783,0.9626771608848617,0.10103798240014529
0.24003826987489135,0.951074414716555,0.02751602879215551
0.11126764671041921,0.9715800239030491,0.05837088349281259
0.2694188909267698,0.9796100685976081,0.05068543961743741
0.07286610853639676,0.9606264808716211,0.05992146945423468
0.17248804124174444,0.9488952095722585,0.019275704119717837
0.309963672485675,0.9618301478396678,0.046182309582041565
0.2720436690292833,0.9409397173872297,0.022484553300270063
0.035979084699321914,1.0,0.06533189913766038
0.06113357732170156,0.9565459097297319,0.07080008646254633
0.17450786158552473,0.99969725617162,0.05176111862554928
0.2817614781202148,0.9578018246345742,0.06547728402496857
-12.23006398032251,0.4614102174881898,1.0910005949712407
0.1873423647561399,0.96511622245893,0.07714489746418066
0.017366977306419132,0.940452087395787,0.023007222879136324
-0.2222348087089474,0.9521108297960642,0.054033650905389856
-0.20820138867616636,0.9959938636879884,0.030682738709696556
-0.1861785975349417,0.9219360322332583,0.0598598728262723
-0.393940704003216,0.9537671123003554,0.03966272355380237
0.10997577133769328,0.9854831557075534,0.04717767547616453
-0.12028550229524618,0.9354560035739659,0.07422180399979492
0.08961667847968548,0.95715780103746,0.0480119035466843
0.18717923048764926,0.9082468617772387,0.050932481112094634
-0.06418412977046907,0.9258037526057213,0.050710373495761615
0.03268386160773293,0.9479251343469296,0.04567999889063609
-0.24500508225169965,1.0,0.059208896060058816
-7.606614920959203e-06,0.9534855845509899,0.08307195895741837
0.16076126252469916,0.9551572272196946,0.10437761184840089
-0.2812294195946908,0.9527111867290362,-0.00645240176619058
0.06059135810056733,0.9442423771242915,0.06616568022166838
-0.17129797106944775,0.9378648742445085,0.09130735360461992
-0.042748917736773445,0.9401742994710214,0.04025057708592941
-0.03092315543098821,0.96907440728554,0.05128765667995855
0.1796318566754261,1.0,0.05125701731648547
-0.1949280269627687,0.9543140410721928,0.04830030117197315
0.11822263003041014,0.9220411302107733,0.07952523255053405
0.46824192621851435,0.9076994789055328,0.05305723402013821
-0.055898086892883475,0.9580183101589217,0.053041097009630236
-0.09187195600275068,0.9705534833619623,0.05126061318348592
-0.1592662560237245,0.929615420789749,0.060789210421344435
-0.07119762145578216,0.9320363229979148,0.031439153726522374
-0.1348482874076228,0.9750497360030761,0.06188265117482379
0.3147784606941932,0.9130434995219752,0.05673629494099277
0.1882517233670318,0.9921916097386523,0.06552281972233864
0.05585209116933007,0.9036226113209155,0.06156149309215936
-0.21846636538183295,0.9800551415286949,0.0012183141184751445
-13.920900807748863,0.6970086573072666,0.636016137455719
-0.028415869008264268,0.963317795514336,0.04715895188670221
0.08283636165082957,1.0,0.036549032976919534
-0.14877421785595601,0.9615794103999309,0.04311227469572372
13.738430658622693,0.6913380330286827,0.9899193777592953
-0.04281752481917582,0.8661238242505602,0.05216808274100613
-0.16338418080167189,0.962926501359552,0.051164534157377414
-0.11047285993440753,0.9465194806659822,0.049636580681919826
0.12897045329020532,0.9676993764046353,0.052663561794631365
0.06255155966945417,0.9896431732432341,0.064018789245159
0.1980376922552564,0.9377176933302567,0.039405235681674186
-0.19714601230377016,0.9505840464229578,0.03734265160099633
0.23785112545198717,0.9455602696622851,0.05533829231996922
0.15368732401199736,0.9765521853015298,0.05924128998622244
-0.09309313927170047,0.9764288186894788,0.035441086454514645
9.56335996896247,0.6217395953813676,0.5251627132221973
-0.04334280691147794,0.9097098214819948,0.047313083125072666
-12.56444690119019,0.48814248127627313,0.523489956103337
-0.06245149300565708,0.9447316053135705,0.06456034187295827
14.40593451274156,0.5701818724084572,0.8751995782104004
0.0030915192176984192,0.9650845034304693,0.06734516903877952
-0.06937240938608871,0.9374497636654074,0.05142167464856801
0.07818049553167099,0.883321950421097,0.07778445766638067
-0.08310756340676474,0.9344134506368337,0.05863420204525366
-0.0792483998137088,0.955604895906283,0.043731686695167984
0.014845275947049642,0.9371809905777942,0.04179489473713544
0.38197253301389283,0.9727357943743941,0.03319311005672747
-0.15246814240504059,0.9250965473726342,0.050728844510697375
0.07483938881114409,0.9081121148974013,0.0317938281220677
-0.1517022032937178,0.9438221726547881,0.026380252086326616
-0.15685094666815913,0.927590783946568,0.04524888308259059
0.2557759176946707,0.9275031595294276,0.038486409976267594
0.10116172222110094,0.9223151560179269,0.03779945428449517
0.14536008099279604,0.955371684413217,0.03806841908722592
0.021135287218406712,0.9143731114018194,0.0201057046127382
0.30371699997132384,0.9292097613009892,0.06850563162712842
-0.016579221456931397,0.9428390832717423,0.025800102975333333
-0.27022164911976304,0.9361214448003496,0.02207831691994677
8.382334314087375,0.4964323164189349,1.1363475673317593
0.41807392880923094,0.9353361131625697,0.0557392775075641
0.29687813238794686,0.8662692618137882,0.0710025653966132
0.1703640417499252,0.9497914653413796,0.06277142940109427
-0.23327503672284242,0.9157725970966188,0.035276474709286534
0.04285142303248045,0.9531889875496563,0.050571353919877146
0.23988949163792916,0.9863180013837436,0.060833405775617765
-0.10613691976877733,0.9398688079058347,0.04991517952892959
0.09272174034937807,1.0,0.0036572704271144105
-0.05007111743344185,0.9591503272892187,0.03055008428605257
0.23567578155179741,0.9225961660119717,0.06286609251655138
0.13129923536320703,0.9395815657362142,0.06493882125091485
-0.005166281010466376,0.9806879764039993,0.026598452090552442
-0.1534462786037022,0.9633430053199978,0.033887304921212974
-10.351573251315582,0.516948177877524,1.3747930804188266
0.11482681944055438,0.9530190063369254,0.013866361142324805
0.31919377284994793,0.9877940025254877,0.04860882371983208
0.2574862177053001,0.9796640821376768,0.05282402771111109
-0.32966965991632935,0.9664922251662318,0.059070708080308974
-0.19718217850668004,0.9625376191987862,0.020649728208839205
-0.15556152228018705,0.928658617715544,0.029840700252730962
0.17994131939194496,0.9543858153524127,0.049724353027992614
0.35209533831512646,0.8983233060406856,0.06484322837045772
-0.34885237462421,0.8879034511658622,0.05465292722758009
0.012583590781189664,0.9914940930627538,0.06300810175775166
0.1215549016580466,0.9508891900511028,0.027850013856853862
0.12983028021874246,0.9905724040940438,0.07856137159193068
-5.8667470497620915,0.5858466185688341,0.6164309544243368
0.4559290643926674,0.9511141639704245,0.07220330039239278
0.4696726982328839,0.9553939608884382,0.04432662868113197
0.42482050513133474,0.940699934374452,0.046722874609220366
0.15615230203112856,0.9560023256126032,0.02308192491115659
-0.01993273685453251,0.9435638301624796,0.04499206909734803
0.17972585075769926,0.9905208631777411,0.03741766836733648
-0.34308454121718845,0.9165558184493212,0.012141461721151964
-0.10478141094971256,0.9422328749690819,0.050532142975289525
-0.17035658827370406,0.9736489532858238,0.05907821225403535
-0.07236665770507485,0.915534308941688,0.02861432392766898
14.33520015462837,0.47380474801982014,1.1032021531747787
-0.06578480752215957,0.924339309961924,0.04602956405679043
0.2781677070108471,0.9199914712636136,0.06367319500007407
0.05813721700318145,0.9426217620782493,0.02698787707998915
-0.07824529861220596,0.9139455604439441,0.04251506004759263
0.30090342921296637,0.9448046224659772,0.06418279724867998
0.04129850356177506,0.9846898315970504,0.03871835875296999
0.1940813951406124,0.9190600383060443,0.024160496987596484
0.17054281315725,0.9571776509838686,0.04346366074312419
-0.04018801717357288,1.0,0.059028197987870186
-0.31362033793427707,0.9668155078481715,0.0234423621725831
-0.050830375627849124,0.9108513455276614,0.04406422010330323
-0.11577491254412675,0.995918769537611,0.0301217532377072
-0.09603344517093819,0.976279827310664,0.03748240811723922
-0.04365179223007871,0.941903033596091,0.047812011596408105
0.5527602625628866,0.9746115583488264,0.08001643919237525
0.3955100071326523,0.8908943513943297,0.05494557623858788
-0.21204305289943762,0.9779632515296708,0.061344532459282675
0.028016177430793994,0.947758726993738,0.024002900529110624
-0.32074436727618405,0.9975858286320161,0.06521952945439555
-0.14379558494271583,0.9407191784951918,0.050247055647893085
-4.1155654904424015,0.6163718384522061,0.8821799429464598
0.19948417602980786,0.9384494265766964,0.020868037506664244
0.20064836763310467,0.9469260394399677,0.03982590845266433
0.5703496054270609,0.9701788011072556,0.053912518528875616
-0.3009282199600191,0.8978559935382391,0.06811794537865547
-0.061052241527906295,0.9508671770067082,0.03948277910281397
-0.02683965985039685,0.9277269443833756,0.053719744558328654
-0.17789594243722476,0.967456323954175,0.07976858355179839
0.0072219887561057435,0.9292318791101747,0.026149618644548057
0.24744457206210205,1.0,0.061663142295468064
0.07982115967796556,0.9773158495727174,0.08465575671539799
0.06890854472350548,0.966216308398976,0.06107245521795758
0.32739003766893365,0.9340923233577704,0.03308142118312901
0.04092798199978442,0.9441112845048528,0.05957954094050764
0.22913842302320542,0.9462280519232574,0.027225694650294535
0.057347139050108,0.9303551959771278,0.12140487363481602
0.24766336076296588,0.9069608053182159,0.07280617930405016
0.1359753813665721,0.9075019767548554,0.06475589228021561
-0.07198257992788064,0.9632393748675105,0.006832279541277471
-5.767904613255176,0.5832063224457771,1.1844776866091784
0.2184646493268852,0.942578694390904,0.06188566008816945
-0.2314421420268151,0.937051618895478,0.05365658861577419
-0.15111711331208288,0.9621727001015354,0.05241517220807476
-0.09393339787098029,0.9953760943323878,0.005860310998288494
0.03789513153730568,0.9035887559787055,0.04794340114769327
-0.14180269151626979,0.9427113397481286,0.06157252742515017
0.2475187823329641,1.0,0.04206236981639325
0.03023358788389821,0.9460229432059776,0.06044477509410124
-0.26696847607222146,0.9197854845381337,0.09114182674226279
-0.08811402103432694,0.9552791291014517,0.0396663589874249
0.28458268733309766,0.913352268116243,0.03886323196496739
0.0184592981381882,0.9401710432763799,0.03743949195154965
0.06883977160727855,0.949323716253649,0.0466356490027855
-0.06163724435652232,0.9617307688403908,0.032484074837692445
-0.09461641602640952,0.9648591700186439,0.04978845017912682
-0.18934441655762624,0.9544093509562356,0.04011173868217178
0.24995955847955656,0.9483503598211037,-0.001692957592010956
0.04939489758890708,1.0,0.028403934626740485
0.2503873565980529,0.9995401092591247,0.04364776086603223
-0.21796151128201463,0.9869320845184971,0.059710127310085424
0.13821065759715295,0.979813736378729,0.040422556530829164
0.1562307855579697,0.9395125396938977,0.09010163092746679
-0.20711082088277455,0.9126785883096236,0.058713645727133175
0.01980899511134221,0.9715093733240704,0.05613306287997455
-0.09221866042978547,1.0,0.04235972976562781
-0.2498011986686713,1.0,0.04372265961877962
0.12049351866860113,0.9211879236829068,0.0724119735124688
0.19400192059576193,0.967762509916111,0.04628941875567714
-0.6275203705166265,0.9793148430748575,0.046143430012287295
0.009888001136513903,0.9777554289935552,0.055330858918987286
0.40536508230042884,0.9380948781521926,0.06828624854572822
0.28162083039930685,0.9301612891887898,0.09005473760418128
-0.021485972882836685,0.949576476067342,0.05122373388135819
0.25396630042889373,0.985314264299226,0.08251256393324641
-0.464933914723382,0.9192737254136437,0.05246637020302819
0.2627468588474943,0.9796219125204809,0.039026835888907714
0.10384558773963011,0.9706335846160606,0.06742413625246797
-0.14599835148529547,0.9209508695610147,0.06643377459076599
0.19527469005998283,0.9413008572976318,0.07237630200492987
-0.07903012963914209,0.9984664012026103,0.03227694823225036
0.018819615875375166,1.0,0.06522882191728271
-0.12154165066967984,0.9546421428149764,0.04607071971663789
0.11081571706123686,0.9215566902752583,0.042291795598171686
-0.20925093701492245,0.9755079541986351,0.07494062881799801
-0.38794069235042095,0.9686998858564694,0.09931163475361453
0.23606758227102934,0.9228805656862029,0.03532579472688822
0.11498719078508196,0.9317849148134898,0.056270439347726416
-0.05749328401217854,0.9389969932312079,0.026253567745699636
0.025395020092279005,1.0,0.05506420641011529
-0.04930767069725195,0.9861522392018682,0.08496512273812264
0.10749937368264047,0.9845882125403719,0.042055233319959605
-0.07780142716973341,0.9453045716499132,0.044010933777486806
0.11876992982425093,1.0,0.07073358342814567
0.13456271376556003,0.9712310367346555,0.02674803979015586
-0.08724922356180231,0.8787151781941014,0.06446814985032522
-0.025736501749374054,0.9076681383980229,0.017549304019650554
0.10191588509862029,1.0,0.06796410042475168
0.3264249542345642,0.9279721178136064,0.06198480772264238
-0.40391960746252553,0.9680348810824343,0.04724467214112486
-0.2851834861561084,0.9663607950680638,0.07128203371834395
-0.06219527229366692,0.9547889065021989,0.0744946860405818
0.2347797301292531,0.9669792496629168,0.06536573897452114
0.26308870780721116,0.991644090156828,0.04228920656185789
0.024094735251931065,0.9761214889182669,0.028779956977553194
-0.15217541764755646,0.9658447467949052,0.05431283257522858
-0.1527868850564955,0.922519150041931,0.0743800882987136
-0.14575436665038183,0.8745073019073795,0.04900082822516183
-0.40076193653899655,0.945196403776201,0.059131631144620445
0.004807149386298994,0.9502185659144804,0.05872838473037195
0.3550301926287642,0.9733986508932895,0.0454280995480382
-0.3984509324735654,0.916787338295917,0.06460918484500139
-0.06509498359221495,0.9033372985414565,0.004182176676905201
0.16669096021397956,0.9776035007326621,0.026207473950469976
-0.1333250763919493,0.9691837796732523,0.05751128192078469
-0.19528019817182232,0.9330509359340159,0.04443946002386395
-0.028888787131789502,0.9231683047919514,0.060736370873545484
0.2173532487783005,1.0,0.05346835784919021
-0.3057310793398806,0.9161219001661729,0.049775711366059974
0.15327862258877661,0.9351361586047982,0.06835154185958532
-0.013324000198786393,0.9420719613178474,0.0157304571542473
-0.40935712349302045,0.9533435942456704,0.02562783167127622
7.793936928886599,0.5758959425346629,1.3965595273994489
0.1603840287120903,0.9920874050864246,0.03516939623076837
-0.11796078150258094,0.9653653451712274,0.07518848523563985
0.2297089585425273,0.9969973247202112,0.01554377244985302
-0.09297154548608477,0.9781462735298458,0.05268406925363321
0.1731663725421134,0.9304373767276889,0.05866117529461676
-0.054633444465182514,1.0,0.05359923577376466
0.1522803259059924,0.9455674983630422,0.05743879910176336
0.24488783210754034,0.9824421880871396,0.06490473159791657
-0.00946077186900502,0.9325811421416916,0.05431643182105182
0.1227855767914205,0.9024167634963404,0.07513953108807343
0.21588759588815565,1.0,0.05918851859068788
-14.304456722705448,0.752854397083632,0.7877700826340804
-0.1789240511289416,0.9766266545881225,0.02963045866467853
-0.13091744972593586,0.9854383976445422,0.05064835898758142
-0.12752936045974536,0.9030967781874454,0.055220694327640776
-0.0718449883515826,0.9458040025026773,0.047818723915032786
-0.20484420829742733,0.9336407465119245,0.018989655847794135
-0.36288954041876376,0.9128062623706716,0.06311095083829153
-0.18439374044141651,0.983658724442738,0.08746398023954788
0.11201425621106838,0.9472571766348099,0.05752371267469636
-5.351631776861399,0.5306993613243841,1.0402969029478868
-8.12289161344509,0.5426061769435367,0.7376432670129845
-0.12692677783181744,0.9686129875510228,0.048203770464713136
11.303413669716969,0.6909175637585895,1.445658052418414
0.21937132268937246,1.0,0.044371815705759404
-0.060148843198301986,1.0,0.025701849754448017
-0.35559235453689775,0.9266826545691356,0.03660017108463439
0.2257571397505884,0.917429227934102,0.04942412086655683
-0.19428055499533858,0.9577988093378516,0.04822023683299936
-0.10860262435900528,0.9418997628624161,0.056286497581024095
-0.03856192121458391,1.0,0.05031653973135935
-0.04469056129226947,0.9837543889419449,0.06165389743319952
-0.1819790432763725,0.9309284689287891,0.032654035757474525
-0.057684381627302765,0.9234965864551775,0.045767882382210794
0.1349351896420052,0.9032545425423713,0.060030616004001496
-0.047289994404900934,0.953545500300902,0.06569949155078061
-6.130134905366116,0.421294093921218,0.7537209163849602
-0.06685665426008829,0.9536566066047,0.02777866239780458
0.22878764019558223,0.9161923233139678,0.05115395311318653
-0.177867538174118,0.8700633919537376,0.050106076437407464
-0.2032511448895499,0.9993511972719564,0.0653070261139623
0.5782843417371378,0.9348634452902914,0.029355920017115275
-0.05825604875137622,0.9710828844870018,0.05847515439182537
0.011422996531663636,0.9534818374290008,0.049298082064111404
-0.218248297802313,0.9315720078899231,0.047616431052982564
0.05692981001710284,0.9484185017352519,0.058799214997968086
-0.1732949236587639,0.9804366235273151,0.03381430591215699
-0.006390987885319586,0.9282708819717133,0.036791321036174225
0.02701966797064047,0.9181741582065315,0.05697475981431791
-0.0956107138443271,0.9539038253237951,0.04967588818685654
-0.35984687341365196,0.9647594002187031,0.04309012326781284
0.3144008271669154,0.943227819269334,0.08804831630022089
0.057928591065343586,0.9359751482195479,0.027249177797737476
0.07904416262525918,1.0,0.06847838130900472
-0.2825158577122267,0.9711934174475364,0.04582508725963177
0.05736842780652221,0.9780497715273813,0.05257079025026159
-0.41173240555258456,0.9124885791548701,0.013341661466762939
-0.029936338276585886,0.9363506562701196,0.06228277262307044
-0.11982100685623616,0.9605474149785729,0.03207280107036268
0.144121549249264,0.953018172062851,0.06598722592805883
-0.167245086342323,0.9157526927239167,0.05437137983610171
-0.20463265815703996,1.0,0.044675081884741966
0.3360348854604182,0.9386352415160458,0.05850838870400078
-0.12105130911752233,0.9196525079217792,0.06471238939029056
0.11766373984316947,0.9511898981147714,0.03535977588568717
-0.08564080010093322,0.9626872262059457,0.06769982573203429
-0.2740338709402034,0.9639971910061692,0.06767527954079877
0.004450338677969572,0.959127053818225,0.021229316872496157
-0.27462362366516424,0.9342601741848285,0.034914843601236666
0.14803173473585662,0.9660146334389477,0.037878668379253064
0.0580043506427991,0.9546065120621194,0.08289500617734025
0.19777888071789498,0.9260159479845211,0.08877167426935467
0.123208816233715,0.9196691914724167,0.06779565241070774
-0.04527555088874371,0.9191866220123309,0.06060136124001163
0.28634249569826603,0.9456363496773323,0.0629278712359116
0.057652575662899996,1.0,0.05544888713177546
0.09941817252691132,0.9922441797448561,0.02961005441995497
-0.06901392862780985,0.9012934900526085,0.051920993419692994
-0.06383256706667279,0.9111752336609689,0.04123876883202085
-0.28945894209758055,0.9427110179946784,0.055750869217387373
-0.11218561418269242,1.0,0.0541297822152313
0.01927882225312841,0.9441907187164205,0.04648884817235071
-0.2884599626307249,0.9536287676074026,0.04243579789481884
12.220175685574118,0.788915436421409,1.4510000885121164
-0.2711073871959393,0.9160871452981446,0.05102318885340665
-0.1251502996277903,0.9316534748039802,0.0379031248314389
-0.09459984409953076,0.901578482951451,0.06483434640711255
-0.023267994491372374,0.9771379787031964,0.056617202077487015
0.3921862878538758,0.925124370225724,0.04015893674060039
-14.169473529887537,0.751862908680965,1.1830522598500388
-0.18517074611981343,0.933076902195062,0.0410979825608832
-8.445239677592857,0.4090894089374268,0.7977485766592536
0.026983948535722946,0.9109878338825801,0.07881714333996953
7.213897600673499,0.7056685727743346,0.7815946376497297
-0.026611252094174583,1.0,0.07146485775485742
-0.12487127601975644,0.9192422068253036,0.03843559043193483
-0.17640342183357138,0.9066305428928388,0.04650498580350354
0.16272110521961805,0.9835217092317902,0.03207878774137701
0.21128490353768667,0.9223267673861951,0.07818910668028119
-0.3680709187826963,0.9733436455045785,0.04762421481385012
0.22878338270237683,0.9599520149577426,0.03174125587677399
0.11093622451170045,0.9405754768382798,0.025614228675872923
-0.345018003913153,0.9469933364223231,0.027732563900550688
-0.24258121974711044,0.9771264415665702,0.02947687988750595
-0.03187031018586125,0.9752277705453833,0.040517704360218135
0.3611523398496201,0.9253726794300896,0.04270931958203697
0.051686029337340726,0.9209446412174999,0.04688118882702807
0.22032080928875813,0.9370685517207807,0.06257786838916156
-0.07577375441592218,0.9354051501703488,0.03061146122741007
-0.3092362233941065,0.9693629842794902,0.016657937648312297
-0.0006123629937600242,0.9464123595942713,0.0320708546741903
-0.371246060692888,0.9090174300227434,0.03907027255078465
-0.0694770479553683,0.9375083071653515,0.014031362229849131
0.13176920985045543,0.9818744144135774,0.06798334593963601
0.3486512859052382,0.9521694140140134,0.0520908451507094
0.5273501003605618,0.9226481404685974,0.025637023838580235
0.002078358733539718,0.9043802498777945,0.07767284333131907
5.6405835385396585,0.711167136276899,1.2968909897798782
-0.028593923528504362,0.8807372565240038,0.04158697101905515
0.19986663170692243,0.8955419931014652,0.01373760514866934
-0.24863097882872853,0.981544250098811,0.08900509032733281
-0.3855889491316644,0.9303260977302638,0.06155162026404982
0.2223815728826163,0.9229735210421324,0.05008696835966082
-0.029037222030652662,0.9389794312567963,0.07887093150616728
0.33942408413979724,0.934951509494113,0.04991368381695869
0.055350959123310145,0.9273458014053135,0.028588572001328968
-0.3575123082360133,0.9091288611564233,0.037693553068113644
-0.06625200963216114,0.9164081088206614,0.052954870106015746
0.15785572494058944,0.9242777062546992,0.05795921369317533
-0.2518696937633751,0.9791751884597836,0.0683311972649588
0.2261974770259324,0.9158429206798326,0.044442780996307205
14.633282636750701,0.7247405843273733,1.1888007731656027
0.3823553606129759,0.9970293163227554,0.04108936512716803
-0.04790834063706944,0.943222493877518,0.05155290085624529
-0.1474546533796725,0.9047888098653852,0.032780204988908504
-0.20737092549567904,0.932491442620503,0.06268133314143626
0.0022411854675937273,0.9800394349306466,0.04744944705430139
-0.35234051674488887,0.9728354199771243,0.07586725427911283
-0.10925554923640056,0.8798183910085916,0.07216011390620208
-0.026241306451243764,0.9438553645336926,0.04166895707109634
0.08618120451110922,0.9701857410736088,0.04656983340667264
-0.1074105842959519,0.957139092377458,0.0643991881507395
0.11275697416287533,0.9510525997321436,0.03898085202354605
0.15701843440773292,0.9967867752836106,0.021744629425186762
0.2496860027762287,0.9263282875222307,0.03934700472740608
-0.0784933175173837,0.9325867931516307,0.04422178219704991
0.259843878869301,0.9624334999636192,0.04613083257846888
-4.566146554477703,0.6891424114339826,1.3579653563027478
3.3233631435730295,0.7686258687486272,1.4567475991783851
-0.06226500332921273,0.9684394992381735,0.050454057709098436
0.15490900927269957,0.9981700841487857,0.059994814708225847
0.015210414772507614,0.985405848082553,0.034671737747847244
-0.3191746076779837,0.9414655502062587,0.04371656255976117
-0.3125087224371621,0.940533783957534,0.03011636616348162
-0.0379348599386389,0.9919625760282947,0.04562922365190434
-0.31315394967563787,0.9312755557175563,0.028673225270935063
-0.1178427289565469,0.968658009783878,0.09326423527971774
-0.16269302542198838,0.9760569122064111,0.06054528746464145
0.15202757028197628,0.9361078703823166,0.020149418929686514
-0.1638151156869713,0.887542445734966,0.044460941157888706
-0.17450456121765445,0.9794666319648717,0.06931959610269284
-14.146841554095774,0.4735159081848804,1.1713518741757007
-10.783349487737013,0.5033640662029852,0.7383780274129864
0.41768262812307894,0.9578140710499082,0.053014097155787365
-0.05359099798072147,0.9697572595936859,0.08889567847651983
0.09022453594122276,0.9762321706493446,0.04182209725644108
-0.17663035630649004,0.9428089145392402,0.05723499800442448
-0.006734896743489576,0.932092455895592,0.042167900033262797
-0.27866487697593073,0.8816156515687695,0.00030925349213649367
0.4479854565832988,0.9131154516648213,0.0658847952604028
-0.025963409522974587,0.9460592994628235,0.08456149494535867
0.04896698989971986,0.9364988592706808,0.014502001822659719
13.506396146407475,0.681228177674863,0.8486764393595145
0.26047136864450426,0.9223585951280814,0.0568978727242708
-0.26363301895519337,0.9159075375235259,0.05525699288918132
0.4243944303878271,0.961522643827539,0.04003516063857406
0.07265274917130475,0.9535147485083717,0.08035206286981464
-0.19022459552587725,0.9705944375033441,0.0641966599268194
-14.105963746086823,0.4775558695734736,0.8790426723798656
0.1280652931304162,0.9372406449124975,0.05737150035921965
9.27971098487097,0.754486377067253,0.8235946726049582
0.06881868514145377,0.9225695677946222,0.04328989614761632
0.23999883982634992,0.9726373518438078,0.054018935238613765
-0.13257068485310192,0.989858482090518,0.09536297099409179
0.19013956520818667,0.9921366810381698,0.07757860701815786
-0.06219871662863402,0.9588407573959322,0.06374772656110304
0.08339479364356017,0.9601271098313093,0.0634794077807762
0.377532622217426,0.9409208895706133,0.08122015507642558
-0.170956165764128,0.9882764882259735,0.038840519690480274
-0.0065022315406509205,0.9401920480597286,0.04447124464866724
0.2207054022086184,0.9513063539761982,0.028689552488806457
0.09301745754281808,0.9500648539307033,0.05413284777823067
-0.45319447457327683,0.9923026597814804,0.0615120440114681
-0.014109361788333009,0.890603084990528,0.02364277892673438
-0.060275990561175996,0.9383934020551643,0.041038570031901284
-0.11800339936713973,0.9114027331237755,0.023048648280965325
-0.31099168855784276,0.9228169486614419,0.045392929119697056
-0.02512352409340069,0.9356123623699563,0.016767554665766356
-0.10264651075626308,0.900620933696255,0.011546883316800018
0.3300076474201058,0.9238647306445793,0.030142369114033882
0.06907128654443322,0.936178357837506,0.05795343827347119
-0.09009284172695287,0.9485168663230156,0.07766880357980584
0.33839076802642,0.9588382763504294,0.053278297768242174
0.25137515735544697,0.9321043251662076,0.0674139247417774
0.0028819842296466994,0.9681499864864321,0.03507237821323925
-0.04105173401910853,0.944003349246467,0.04345151312594192
0.03012966728973698,0.9354610619582432,0.09426718360410824
-0.26342157388484827,0.9582980873481611,0.04214895159732889
-0.16480407345971312,0.9546597347538062,0.062321496590603716
-0.08141629729274488,0.9636294699910195,0.028973288011642024
0.22481973288565565,0.9168913520691934,0.04512947966302802
0.13573571376532514,0.9614193875030146,0.05093496946474265
0.26507184363720004,0.9480642036748961,0.023315246314960184
-0.014780040520741167,0.9381780124728624,0.06721544308810079
-6.554636965815916,0.7810363609214911,0.845789310069429
0.2560273600774236,0.9925106671028636,0.06932636303138216
-0.23303368437534366,0.9354917983091171,0.028916549084469733
0.2579962765301886,0.9283270934078562,0.06446566062628131
0.1954086347243802,0.9154842874176363,0.02686466775534776
0.1354644520770941,0.9711820082639144,0.06382802631130144
0.02085687720613485,0.9122907147504461,0.029354815643049453
0.13762116136146615,0.9787961243206569,0.042721741599590614
0.03789338665811834,0.9480253631327636,0.07808331589279145
-0.10079980649780239,0.8838428886558217,0.08295428070317862
0.008229989522056752,0.9325108889082572,0.051842156825774165
0.11281181240345106,0.91507697354022,0.0355387131727177
0.15685766125231404,0.9598014184272852,0.06353005591609577
0.04068551644783057,0.9363353225655815,0.07764542507776631
-0.10374862315028083,0.9454467943174363,0.04701407091084937
-0.08628170148762318,0.9585554799945882,0.07932309716607218
0.1388210754110438,0.9532571214954921,0.03772031666904749
0.0026544838062488724,0.9455833535022415,0.0497101884508488
0.06489472405818034,0.9589905121962577,0.041782322123259864
0.17426279942541648,0.9832159060658636,0.07231118408394045
-7.991905115907161,0.43629953534956883,0.5982671590616643
-0.1975391155652274,0.9708210550932919,0.06156454965911274
0.5202775946038493,0.9351119843029481,0.017520811236583077
-0.08999231941254525,0.9593561311221881,0.03664213627783016
0.30567095013358203,0.9335074709134996,0.032423781411049714
-0.09115374620706718,0.9380119765331913,0.04804963265540241
0.19726059726127054,0.9308377379087079,0.05054051679608111
-5.702364407378315,0.5613401595421731,0.5652569466970458
0.04616434875021511,0.9247252353043919,0.03708221264450768
0.1900038543744471,0.9657831788867814,0.07450724953576258
0.17932133860260163,0.9886903361638968,0.07519711941495269
-0.21650334605257596,0.9734075075617205,0.045500448700445076
0.4480485864662372,0.9216977980521305,0.025905547380705482
-0.04065476433404869,0.9295043534257759,0.05683198734026196
-0.02998988421960008,0.9588502991346245,0.02766110557036064
0.12555051919522692,0.9418816293353559,0.05602923769386747
-0.11889578203732752,0.9527641340447943,0.006318713746261646
-0.3370866591353112,0.8864549501166876,0.05955119654521207
-0.045665500312398216,0.9906107201161807,0.05184703795789029
0.22339240497667834,0.9318403367983751,0.033470118320011566
-12.05715430155867,0.5142331882353095,0.6264989889123384
-0.015540081226668282,0.9181425247373955,0.04982933302450246
0.043316930378919066,1.0,0.06977863470551028
-0.044824780031562594,0.9367445098684254,0.045103864467899844
0.1637613257438969,0.9653880154388099,0.05685900472763863
-0.05011602679548754,0.964902171118031,0.035049708235506696
-0.019161846340696412,0.9638270059891136,0.024406247126211332
-0.01700744846210718,0.917416329829921,0.05545353470044364
0.1020480144923483,0.9423964450561833,0.08180858300030455
-0.07901478695989328,1.0,0.08480146596837543
-0.003883427231688752,0.9218461468336026,0.020580705069121238
-0.11771135480528948,0.9343207685019889,0.04656594887200627
0.31065279040292654,0.9180146705560684,0.05877734993341157
-0.08599703642964537,0.9622362728064399,0.04297597060653058
0.014585773399346523,0.9792901737847785,0.047289130897596454
-0.04324182730075357,0.9588222863836046,0.04483555701285856
0.19977240644400843,0.925073033435125,0.05022025056559657
-0.1253388814529948,0.9152285057288979,0.10814651958318312
-0.3000426513589718,0.9717498327806476,0.06445549779850183
-0.006814354151878275,1.0,0.06747562336725697
0.007132654060591848,0.950729903884177,0.05673814959969081
-0.06220802660042353,0.9632260763615134,0.026454379586717446
-0.07783928996205063,0.9666516683339051,0.06019796547450829
-0.11575088160270489,0.9565677933458605,0.034315733126020834
0.06978131071345724,0.9247908968165415,0.07657649047426301
-0.14971525053329257,0.9382797723928481,0.06055026127108801
-0.1934207608431674,0.9404334256349072,0.03529115619562339
0.004124288319859483,0.8911379693028066,0.021339501832870592
-0.3213451746661411,0.9505378602089204,0.04185187153907741
-0.10725626049934918,0.9530938832773704,0.04443751272134853
0.08879368372006598,0.9675644285319382,0.057330215972424506
-0.26710857094932305,1.0,0.06279351932687378
-0.021935709405012885,0.9457526833130423,0.08973287967969734
0.1265426651782134,0.9933436653274805,0.03271866332787171
0.18717375037553557,0.9049227749803374,0.03967086408068741
0.31316485423983514,0.9572053620170832,0.048544611737744645
0.04693645350335565,0.9312922700461278,0.07611376050023494
-0.015514129781332903,0.9631841705554895,0.07081749012832195
13.036062353853492,0.6793724039880342,1.4738002513880737
0.04282318983478305,0.9333636338242459,0.07255391880464476
-0.29060349984083267,0.9211891839501294,0.065451162017075
0.29404952591057676,0.9494787295593086,0.041560720250348654
-0.012261640535325533,0.9161241573030654,0.04221394054339943
-0.04271113474852106,0.9705601654774204,0.03439827865056859
0.29412154898257376,0.9618453866684193,0.04055036229368473
0.10118378358707039,0.8900547116093953,0.06647327378976277
-0.052524519267819515,0.9325460725154587,0.04716771844537475
0.1076702318238634,0.9420021131703207,0.04892478197688336
-0.0662438537230755,0.9530142580790248,0.06943627721538101
-0.20102445052178394,0.9278754820600964,0.036910955172179634
-0.16967987358742348,0.9760017381858629,0.0822280751479729
-0.16914364187371422,0.9451230751287792,0.05568943781358293
0.03849995867651709,0.9311376712131026,0.03892926142308995
-0.2101612835640909,0.9748504952940978,0.06503304552824896
0.04337518030376047,0.9606702328424469,0.08672242824579057
-0.14253309766652625,0.9488850474432055,0.014570160022682063
0.10591752560245138,0.9032090248347747,0.02955923925355536
-0.024889184595439706,0.9100966794867795,0.04465835937624416
0.2162892960924876,0.9069225916065289,0.026296889935493305
0.24683065768446186,0.9787048929148068,0.029237041636832935
0.11699625965322001,0.9665007945298747,0.020279716910143023
-0.036779286699930656,0.9371452125887348,0.0610326310243975
0.07333278190622532,0.9431267096078843,0.060325988157189134
-0.25872698696473173,0.9487894159120809,0.04981020901913839
-0.15381836607887797,0.9952165204453995,0.07486184093556736
-0.07868503579437396,0.9906682388851362,0.022354516035842903
0.19309966749540997,0.9421282118550784,0.05696939549943495
0.03245814600434501,0.8841161722371302,0.057716123067004896
0.010958412591121803,1.0,0.053641523977754166
-5.059164589957634,0.6612803126259599,1.1911111787141095
-0.06336093992706816,0.9647700480421209,0.0670760064456852
-0.33624709181696555,0.9529859702798614,0.03161590748988715
0.26364776364001796,0.9823151799681441,0.05405042528708916
0.15462174721388508,0.9616133230457521,0.058263433578597305
0.24003773807253245,0.9319801299935384,0.041270543893083975
0.19111900942029922,0.963765478389796,0.03781242306391508
-0.027822152150647844,0.9271370109433023,0.034937388258339926
0.1782975299451217,0.9760004190634897,0.06070046204480939
-0.050669710419300996,0.9435433612913887,0.07975519347863973
0.09199696609820739,0.9540024601515126,0.055982389288666216
7.906858839626982,0.4261034805580967,0.7556542310319319
0.17417101986744954,0.9202252070724825,0.05011824781428428
-0.059855370071815066,0.9522546851160123,0.0766278792873607
-0.012038034132963907,0.9282507463191096,0.010167620907727597
-0.13441231798727113,0.9175401554180878,0.05866210382644563
-0.13376485443677674,0.9658999277525347,0.0411412200130302
-0.1881480163420471,0.9550089322676334,0.02815582088964802
-0.15047205741882996,0.9832682099838346,0.03940608570215891
0.03264622937853966,0.9524100019232681,0.045784910969870675
0.32409292132017625,0.9518325054128854,0.09101870784120153
-0.18826313012755694,0.9422042684331982,0.039705425960086985
-0.03977351863843829,0.9164887527984216,0.07193324864595069
0.13647172082542106,0.9514976415030502,0.04271115532107207
-0.005250130859986194,0.9590729572117639,0.061068359767701474
0.06442396630953127,0.9543022926526438,0.03512956740844994
0.019067413908814834,0.9350713517157356,0.061219143754732405
0.08259519357557706,0.9595108773638,0.013714470511835199
-0.14542372289001618,0.9140479121021976,0.04283556557076601
-0.18006756797086806,0.9851928066760873,0.05039655044800913
-0.09002017875861325,0.9810679084053759,0.06391925387463054
-0.09193620063702929,0.9421875457711332,0.057251839203212064
-0.02329941580534626,0.9490620431102742,0.07572999771648059
-0.12596614342188395,0.9070514131828509,0.018977480494886227
-0.13958281735231415,0.99155175620888,0.08704170622746214
-0.0802366196502609,0.9975865431008135,0.025173552218714843
-0.04252156044820894,0.9459043175057832,0.031394794609537736
-0.18379928259406994,0.9911057672858418,0.06932468457726776
-0.04377258833616693,0.9729391908415971,0.05169019239519291
0.12162787199033501,0.9465635725615424,0.10470412659574274
0.24651344409623968,0.9412987967788438,0.029326339393171637
0.461997310124195,0.9813387712924602,0.04828901183125611
-0.2861924428819828,0.9987104290289057,0.07106868900256516
-0.1644200850498295,0.9399538502339952,0.050911449169466015
0.1754878966758948,0.9217980518699602,0.06108153696505713
-0.25173215623036804,0.9383514135966513,0.04479053651074826
0.20947213205391987,0.9709107854446183,0.07590418934393375
-0.07124390901773288,0.9632201248398146,0.04075474541094164
-0.12361529292619272,0.9898325738585327,0.050126282651190325
-0.3790105949691833,0.9627990611426033,0.07102179005523268
-0.2083732355596899,0.90930493329546,0.046571163345753855
-0.15402848546836184,0.9532192851680262,0.05898597273408049
0.2247891052091372,0.9294135883116478,0.038685201959823334
-0.3178287266870037,0.9323717991108591,0.0335488481934241
0.17265206839262626,0.9980812705857637,0.03565129877534213
0.00721962678543081,0.884788183741425,0.06813866095930679
0.15371062321271978,0.9629934401059616,0.05677624355360805
-0.16551306393999293,0.9320690102020223,0.08792975453507583
-0.073870948448581,0.9656588911359019,0.01207906541578508
0.0019180944038845516,0.9550212928089935,0.06116358192741876
0.16824075700383329,0.9711561419045099,0.0352567325651703
0.09700386709466424,0.9728741424397566,0.046004784960761824
0.05123065197881219,0.9519046911615979,0.07068721725327651
-0.26351503452936037,0.9812009974027771,0.05422557534950239
-0.023475027868326837,0.94788152014819,0.054713549235319826
-0.09496444818676213,0.9365456979361629,0.04495441152136166
-0.13393118725570094,0.9769589213994235,0.02872831986571099
-0.24693473242191089,0.9645702422566534,0.08427651298420183
0.07608858199044713,0.9933861184700687,0.05752900503756521
0.0647513564258107,0.9405532376773446,0.056574478266576085
0.08895244656318264,0.9558427385069457,0.045100435833296315
-0.16419652269799823,0.9558018057360271,0.038383360291531936
-0.11331260244360418,1.0,0.0653167299072707
-0.3678236319287606,0.9577916857860375,0.019503990837939564
0.1261267036113582,0.9758712924748654,0.016081062294615846
0.10848799812018405,1.0,0.06285066967528563
0.1685667294960505,0.9407535670742674,0.029588450426340025
0.11419844238926691,0.9529818755192601,0.045556880400991366
0.09800627803070415,0.9161798154225739,0.023986971426286516
-0.17270324923285574,0.897175848027559,0.01617106528934105
-0.13455509082473982,1.0,0.04765852757327239
0.12257142856695016,0.9613668557516788,0.056155412461671134
-0.20031624512032686,0.9408504545982698,0.08959984723277825
0.2838666862148439,0.9205104619064088,0.06404550744637662
-0.2649797625189611,0.9577677798617695,0.028086607848791884
-0.2685833985843255,0.9199646608726247,0.06889713779605051
-0.2784085269553764,0.9536102451746908,0.04510131277005162
0.15926211909886812,0.965295420648878,0.06021964527150778
-0.30160749170113205,0.9689816947974754,0.022340249473674495
0.1923676179226187,0.9522532824805837,0.07668038971122415
0.13763488257855724,0.9615492844910802,0.021543694069580444
-0.3312154371893339,0.9387635777920637,0.04522939933132812
0.01163624273501563,0.9504500358253313,0.04482405811326442
0.21542559237012646,0.9489716536296665,0.04556352238846151
-0.0075429555899649385,0.9103727915345364,0.06722475274341805
0.4027897794520115,0.9430929966027739,0.05284565171675417
-0.33107873089955225,0.9685055438038123,0.0839305929838619
-0.07840475014532061,0.9733056089456162,0.0702543849727913
-0.07160189526180262,0.98135655163242,0.03574482317186396
0.30700584776808004,0.9408678020207091,0.04901776019653863
0.02588475423788037,0.986755367974532,0.0491052709884275
0.012104304304291859,0.8842228972216767,0.00431942031498176
-0.11862455961681465,1.0,0.05632613424101518
0.044493223904509785,0.9603934715288649,0.04473136478507912
-0.1628987575405108,1.0,0.04785968945751312
0.18152344884229518,0.9516738785185046,0.004908191164825389
-0.014336294841000581,0.9831662509547602,0.06548773610268704
0.47318346174002884,0.9709737028437238,0.05496703178260903
0.011430249805542903,0.9115892947288536,0.07269207577230777
0.3151950225726552,0.9472369040432415,0.0033330987637714346
0.180493304422106,0.9427978335099005,0.030406275480220762
-0.33323631778895035,0.978102597536218,0.0930978085705453
-0.06375411504574593,0.9154555297254936,0.085868437090727
-0.12071382861602531,0.9857981171675652,0.021163974868094758
-0.0774185963410346,0.9678600858427535,0.08138441545928611
0.25227794120525243,0.9611828811273234,0.0913045279049747
-0.1290156971771925,0.9323667519253773,0.05479399034575767
0.12087201521529203,0.95506686004155,0.05775569147425226
-0.14370387851451846,0.9104961308490347,0.02310172944159704
-0.03241526805194938,0.956801904377315,0.05830469539624816
-0.08436819183612959,1.0,0.033999312196110375
0.058276784522189956,0.9849522738723621,0.043386131283741
0.0018159184672455757,0.8967946141724175,0.06491410942152417
-0.013069590387793468,0.9245766979507408,0.0392765558140526
0.29621864614153565,0.9747313737944648,0.06701174558933098
0.1562365629896051,0.953383190844899,0.024074159150371244
-0.32271344373619704,0.9434924508232745,0.059715554716957386
0.20141606506821869,1.0,0.034393408626074574
-0.1902780872717502,0.9034396416554115,0.04532069275887401
0.09110486239433283,0.9837404284297387,0.06566985621878879
13.99591845670599,0.4371095839858206,1.1271551514910543
4.590205806793291,0.5691486427879482,1.4513413725034419
0.010713264144210163,1.0,0.0302604907857606
-0.06239938727005101,0.9966443180265574,0.046300170421401186
0.03168389310162783,0.9613790398706037,0.019476872559529006
-0.32495364116910547,1.0,0.049506972928575435
-0.23050642330739485,0.919664465933896,0.06651622083396885
-0.11424164587490507,0.9562965295877187,0.03793855152171481
-0.08130343413097443,0.9169033243772358,0.08558653916861664
0.04598710943368132,0.9693859472841204,0.05883298010045414
0.31634539538698103,0.9466974608996557,0.05365115829608939
0.05890423850558135,0.9831106972029388,0.0842356271324957
-0.15305998370138751,0.9547471925190919,0.02765199440313587
2.4153456177223784,0.4890923681622663,1.3310209973426899
0.09226589654720306,0.9111519861245738,0.07302661120946342
0.1722412590669006,0.9673785417126487,0.055453020143186496
0.14191955838901113,0.933881643499156,0.07672742770331856
-0.03825754258200823,0.9896215003638094,0.015873447592077802
-0.037881435216909905,0.9560949983559285,0.06497290210581005
0.2334015598224931,0.9384250446574139,0.04951464597727136
-0.09411176189391031,0.9758527313643162,0.04258579890651412
0.17377582099751343,0.9216007232430544,0.09147151164407202
0.07348466187556388,1.0,0.08551075271684827
-0.2575552692460095,0.9894300117427683,0.05835441592635717
0.11018216425160571,0.918396691824202,0.050489803220990524
0.15418711036134403,0.9685002042291505,0.05904372891479815
-0.2511357410419115,0.9796966210221923,0.04395878267649738
0.20831313133246337,0.9483422157286691,0.04903898940357173
0.17101325399347633,0.9475162689706581,0.05072454964518082
-0.1047844559680231,0.99232868708747,0.04507705082752049
0.20378928116490244,1.0,0.0389181535825166
0.10953631396567115,0.9322305631697191,0.05538208732229223
-0.02270655685804725,0.9493137064380961,0.03302139773378454
-0.1877146295891396,0.9191926510515495,0.11636934167629154
0.24500999207180474,0.9648864226945835,0.08532643473339943
0.024006588615207294,0.9483247538481491,0.03605976899446792
-0.04757900963633888,0.9125137981618487,0.05510191241374976
2.404564701399267,0.5245200362865089,1.4585245425770381
-0.08171119245362303,0.9558741251599708,0.04138077475354839
0.028112184523849004,0.9415148395858423,0.04092700251227763
0.20756381434342336,0.9780073128016188,0.01230843399133049
-0.006248767681125571,0.9108587332644769,0.06807786599460197
-0.1631750045969253,0.9408330258775596,0.04568882744236754
0.15900407770189426,1.0,0.03198355249082623
-0.026788391315770717,0.9323042502743519,0.03016998212945138
-0.25374521295084124,0.9670029167650335,0.060015563876180775
0.3718749557184716,0.9622211519086011,0.049521397383413754
-0.24569189963137172,0.9627036234644508,0.02860578593481125
-0.4006964002701084,0.9460339947737473,0.061586070542391125
-0.4875627332547284,0.9124103294111586,0.05403985560705264
-0.14001276205499774,0.968188335132717,0.0529384849857856
0.020885381585605215,0.9277719610218418,0.03926663193719034
10.696604205195653,0.7479901778273153,1.356556816172254
-0.24900342186482327,0.9372718234699798,0.042661448886242265
-0.07324318992733952,0.9485692017719649,0.046944410247467774
0.15973556785363302,0.9313239013184357,0.06772326965708361
0.05312309023134827,0.9366286387639314,0.03230977099248979
-0.047494601471599916,0.9399568314310608,0.05938354865045602
-0.09223869014380669,0.933575184140586,0.05644742481114094
0.05082749844255705,0.9677565148685414,0.06861659974464654
0.2284011571766066,1.0,0.051620159561579636
0.0821674257875731,0.927425151894004,0.02660727306465516
-0.0010189440243897464,0.9351979269301397,0.0356648318130634
0.04536506405966151,0.9601217274252545,0.05108510464867677
0.0479866323838395,0.9914583622922634,0.04295725378387505
-0.18401907639292525,0.8966402106737607,0.059769190745907086
-0.037918162277308404,0.973129175228774,0.05029760163087512
-0.5479564558364227,0.9665475266472874,0.06741287440807618
0.05849449739878714,0.9696117354759645,0.0740424207487138
-0.13651773127174013,0.9926153195317554,0.11088694451934947
-9.402855600538299,0.6094283002740072,1.0393877488996426
-0.04240788267366314,0.9649043521066283,0.039673962171150406
0.49054529080708476,0.9665408148663763,0.03310549769882015
0.3267587332058051,0.9286124046675495,0.04682836814053057
-0.041417908644674206,0.953375785281654,0.051308695606741256
-0.10819247103267977,0.9506447213680672,0.04751354512205849
0.36142669901845537,0.9666768393428837,0.015388055595795813
0.260338330691622,0.9313857905749259,0.03771442324447671
0.15875651755421974,0.9456440054719453,0.05172960436244821
-4.194081920806598,0.7443448371438031,1.4882065237419455
0.13014529907762007,0.9521109282644231,0.04767667387733792
11.035685826029088,0.4005500907046566,0.8782410015804057
-0.03101027704760668,0.973832873205365,0.05706391983758549
-0.21672666643628258,0.9550941255160236,0.04379904172599869
-0.19256954758686576,0.9686855729574941,0.059125904702570994
5.839045141155761,0.563552100320432,0.9631733372346725
-0.10299957092281034,0.9970017112900585,0.029106220845021652
0.14644685088271542,0.9494649070214759,0.04335927088223136
0.13697159749831853,0.9873269769982855,0.04371641068218667
-0.20669808946698565,0.9373883485025432,0.062267793585988
-0.21981692569201883,0.8968912813554759,0.04255759115752993
-0.09140413498431958,0.9219961270389145,0.0439065163173438
0.4101128059934368,1.0,0.05427912124795231
7.14132826895101,0.6643803991660411,0.9614028226340596
-0.1622400420245606,0.9482350986298851,0.04742961781099108
-0.20277405608704552,0.9766892942075329,0.07120581598339967
-0.3334974018925528,0.9333604989858618,0.05876689305069149
0.15196833914628394,0.9541173568911234,0.04620825895808859
-0.022451197631726177,0.9077598296042972,0.0425264989423995
-0.07623127267177465,0.9204348911183382,0.0556085552554771
-0.04842779934473073,0.9475183400111866,0.01332351466650429
-0.126819375027989,0.9400754514067275,0.05976337960223075
-0.2659125855125259,0.9507854462363186,0.07334969135539787
0.15910658448542614,0.9420509650484951,0.0798441024695145
0.40039911352229796,0.9398202508629415,0.05649619282963118
0.005726777007292089,0.9373978055686887,0.03734696124621341
-0.3608066740650866,0.9331165782542917,0.019501288496281594
0.15233983769582599,0.9352802820221946,0.05311614912401628
-0.3699691888556278,0.9328889922045097,0.07398093539318906
0.3656334669498897,0.9461413007732773,0.01842499899556533
-0.3244808788335098,0.957181379401511,0.04398866821414741
0.12238633102519417,0.9463370760676731,0.04879752133320978
-0.36508597812869054,0.9451799405413801,0.07440946770846948
-0.06750330669669123,0.961050270477685,0.07088833008662793
-0.1000474618063053,0.934034037297377,0.007219278256807363
0.21001274720052338,0.9276324378566737,0.05109890875156751
0.21727481209124866,0.9619674510425944,0.07553203741788772
-0.23548635901091855,0.9657269807387211,0.07774526216643274
0.22165896617329578,0.9166514989611121,0.0727392601004697
0.10560349223241242,0.9131320037632786,0.06307854855461424
0.2743551572248169,0.9332294233279798,0.034621909079531506
0.45197931366731714,0.9433805517850545,0.08463135214939498
0.11217066933103187,0.939158085075423,0.03905882648491101
-0.2901034144064318,1.0,0.08973546894159617
-4.208828829522892,0.6500150999453307,0.7413402783237307
6.182900496432161,0.7396634363536257,0.8652536059404439
0.16920668061355798,0.9654082998506739,0.07931016778890726
0.2507016436621962,0.9779782098713651,0.06877770480482412
-0.1732733665895667,0.9248516757108334,0.0715970347803233
-0.30915329333016217,1.0,0.025821129743365933
0.09408516077398987,0.9481015583985051,0.061869421590747216
-0.11502365311859215,0.9341391375024092,0.033858760318050865
-0.39865712235626505,0.9483118249238677,0.05211938184747548
-0.25129201455255057,0.9615832472197717,0.017180143102828067
0.007972586827852082,0.9032926058291202,0.05993279579164956
0.027723720819029296,0.9523511722022703,0.041528624289158364
-0.17645677856882852,0.9608009056192177,0.06886917533165024
-0.1355252848877009,0.9097922238615159,0.04721638577074967
-0.023759085545821092,0.9680399590034969,0.058856715551929
-0.008889407524271349,0.959042849507145,0.05811121748668444
0.23266127439069262,0.9569040709656714,0.0394090510035608
0.007238452014726561,0.9300991394873882,0.03734411116761599
-0.2469483776248861,0.961086301238806,0.0456079186454759
-0.15395588190821116,0.9303610895908018,0.03397782428699164
-0.187986981422694,0.918632923141538,0.05252346661142093
0.2044781933825667,0.9910549282648878,0.05941545778555098
0.02154044107544234,0.9158193614662045,0.045681617170513486
-0.08558768592505743,0.9590337157078458,0.05295461956037102
-0.1222129511318661,0.9728216069633296,0.04988566979805348
-0.3542879667934906,0.9497346506141863,0.055640561451174006
-0.17660878250008008,0.9398526286846651,0.03195701746263674
0.2506499803314942,0.9425921150766543,0.03970151794159819
0.27589096567923516,0.9488326792624584,0.04939452701966916
-0.15549386452808267,0.9650129181822735,0.05009496223430947
0.035026385718431266,0.9875448444383245,0.051902889694467214
0.17794840330276585,0.9508524714539786,0.04958256710936945
-0.1227056095709197,0.9157696606532922,0.041966642036839
0.1585633652110593,0.962944631991189,0.06387683262807277
-0.045191765083466645,0.9294401504879385,0.07691710346509051
-0.052703543956207966,0.9539922858305395,0.06314928758617805
0.18293113709603726,0.9652066477170189,0.08378632856076715
-0.13916818930048155,0.9067815284043088,0.042709252160056124
-0.20165279656368146,0.965877312220314,0.042285079372007976
-0.2679866255753402,0.9224823731846973,0.05052170123370589
-0.17892190916661932,0.9382857083081938,0.052449499593878235
-0.13679050953399605,0.9279040367365492,0.014861758736628351
-0.31830675268403147,0.996655880531023,0.06807099589093461
-10.625670575267135,0.7608402495186125,0.913018082446713
-0.42339574895073623,0.9300369358496036,0.007602057195358065
0.24676570355341043,0.9098515740715345,0.06886509103688303
0.11157948396136395,1.0,0.04280342892165667
0.2591218199606132,0.9292053102323815,0.039519032050936535
0.5194442772770931,0.9495882606251939,0.08924257509041926
0.031061401776610143,0.9293852350832715,0.05282447723178771
0.12431386828709381,0.9395496500529182,0.05211518562001323
0.09417905625543066,0.9659866037340569,0.06269366829480201
0.05948129437017427,0.9237182088336037,0.045035639763883396
-0.06461429593044787,0.9558674949914189,0.03249656746346331
-0.060370065793217055,0.9222149384430222,0.03231177760755203
0.21943496331865361,0.9481191598633391,0.08310824466922163
0.16120268148380373,0.9872251992990813,0.06171843374979992
0.12080066141031871,0.9138211678856681,0.06854220825663054
-0.35916413398776564,0.9296222788724076,0.028636628758102557
0.24921442433955307,0.9166893366617174,0.08108576770396377
0.26620300364566385,0.9586811819657445,0.07039132027064521
0.17903834939514696,1.0,0.059316435073967035
0.06314747350440078,0.9183487170085446,0.10267409557550371
-0.5297322450786587,0.9463537002383188,0.09329688164782365
-8.286405585824694,0.4240283732303294,0.9199746063948976
0.010970158858103998,0.9867516422799933,0.07143670749553468
-0.1368585511441224,0.9436345669568524,0.06309921543399037
-0.2749875294126973,0.9393378981022901,0.06436929440910198
0.1373624562482689,0.969750370027227,0.031242003576601843
-0.1901340449637148,0.9654072832251378,0.07704733611071561
0.08036487167183715,0.9298205287169687,0.024454559072043386
-0.24998220714603747,0.9386244148005032,0.013802397051363983
-0.06046002189120189,0.9062709050560293,0.053105299058558667
-0.16691387343545636,0.88653582344634,0.02912667409477195
-0.05813444765370204,0.9197496180541989,0.036666254102002895
0.12194863122924003,0.978622374530788,0.049777103372369735
-0.06934849305816869,0.9425562594113717,0.05094020918324147
-0.25151685869128837,0.9881301904736528,0.08759672435016085
0.08484233935436679,0.9598294727626209,0.05882096427830988
0.11554159793470985,0.928777861027711,0.04874737154361105
-0.19444591447428416,0.9320016634257314,0.015928735393123707
-0.11233631106790783,0.9300265202541935,0.06020927300825109
-0.04279363503942853,0.950415718300658,0.034961146475983584
-0.19846983287394201,0.9277994480971271,0.05135453847458669
-0.035782766195978165,0.9607557841757521,0.028930561155495683
-0.15961799228124973,0.9699742655352882,0.048991818439077836
-0.04306982120568419,0.9438111822339994,0.04862597551709975
0.016699326495378454,0.9284823775126364,0.024792155717919085
0.09936248159581541,0.8953242480704284,0.06403572305043645
-0.3515715103878923,0.9541352682300057,0.08875912792343241
4.483713180217475,0.5411091222425979,1.0959684378765715
0.15345114073672952,0.9817959178693623,0.05747660822455873
-0.23193403508989652,0.974988706188138,0.016143893254551032
10.143983402192946,0.6188796186648468,1.2946612996380917
-0.3287754674770525,0.9658127735535224,0.07491275661898465
-0.04978866589976962,0.9452329519088551,-0.003809566035888154
-0.2297967708294415,0.9076827501859781,0.031994587596711005
-0.07884393052015384,0.9767333012561576,0.02852137980813495
0.210898834754875,0.932379591415267,0.05988551742679188
0.09383933688863355,0.9344442339057893,0.0484251615899669
7.32138796916209,0.4349419621015301,1.0158635387734505
0.15911250262218612,0.91091383125532,0.03855431813187439
-0.3367076471473363,0.9733603791016977,0.05291074364475998
-0.03426326910862149,0.9590509860986977,0.0380855160806254
0.03173050450661206,0.977162247851296,0.04642933333636533
5.986295635064003,0.5621538220470771,1.471964703116495
-0.03524551944431089,0.9181385819574734,0.05360390964215608
0.19757934293751206,0.9567765712110826,0.031527540796341055
-0.14666805703920455,0.933265460428595,0.0560006273705921
0.032006799981836254,0.8837351911185924,0.036339041544798056
0.1338360849743587,0.956013048335326,0.026218958463437626
0.008820310995971884,0.895356215022959,0.05496157251867732
-0.16723929099293494,0.905629894718312,0.08335066752780862
0.03927199690087246,0.9138838243930058,0.0631164126066822
0.311741648889382,0.958832692069354,0.044635611737127476
-0.08134581156416607,0.9873879746423732,0.03218479758673061
0.1032052951953373,0.959731985833348,0.03551334872216197
0.3082865780820173,0.9467514983322531,0.03644374451676502
-0.0697996711133974,0.9528051989438928,0.06342930252202633
-0.23104784206603074,1.0,0.06799559179956634
0.13621474263137698,0.9746600840191871,0.03957620236067322
-0.14563629775871348,0.9037543189447463,0.04408608641098282
-0.15115704801309027,0.938216464218525,0.06194566332050268
0.20308895159385298,0.9574296472680687,0.05329160827612925
0.07670191875258325,0.9240563385798221,0.024686540685437925
-0.006972313791573929,0.9760991968238426,0.023072381396924788
8.392861988354664,0.7118313517556598,1.0680050445651115
0.22990377715142182,0.9990717674781354,0.05965786255277861
-0.07035839809260484,0.9704770123136108,0.02666747325878488
-0.1455725139128434,0.9377761194526704,0.055758515486212065
0.2520428914970655,0.9393995007878179,0.0482748172087906
0.18571420023725768,0.9319406610108457,0.02772884718625684
-12.950923366235786,0.5037456771972799,1.3881405708377512
-0.14825512012929348,0.9606604529813655,0.03774811137540841
0.20535480771943082,0.996703877690869,0.05445961352922387
0.448779574930698,0.9597202413733403,0.03130977691825312
0.12012711105832825,0.9257522745347091,0.07870059947257683
0.11479413637292116,0.9636884349138518,0.07109319241456843
-0.19792058129958362,0.939231639011981,0.043857718230018126
-0.15469875402761474,1.0,0.02060950571127279
0.06800353603559071,0.9728838919073701,0.07156937946335139
0.12967223481080836,0.9621913994822069,0.06908447979010715
0.16644758680715963,0.959114173643834,0.06667985426321071
-0.10139631139740657,0.9500244431132389,0.01679762191732078
0.19677180721325482,0.9847718219778876,0.05268369938361549
-0.07166116540788597,0.9593076308859846,0.06760203218674768
0.3772380382196754,0.926569680073942,0.04242280324153621
0.1872943711182442,1.0,0.03631196850914986
-0.13103284530685327,0.9755921051626132,0.060900578444944155
0.029441870163801766,0.9404081833933873,0.0585907111249093
0.03667512802841646,0.9945090539987825,0.060521469530204
0.013996068378939939,0.92362698960109,0.048850422611679795
0.11744802339985412,0.9404271013332802,0.04285079061073833
-0.06503203941980634,0.9838150051530078,0.02071026067581536
0.18753580561468045,0.9873468721187186,0.04490833292400171
0.12290617157772826,0.9578557507169807,0.07151310478530247
0.23581681881117,0.9480152301041945,0.06381700369222314
-0.10607586613243443,0.9290132537317162,0.04030297696550402
0.24095107570118557,0.8792383690419224,0.04078634217619159
-0.08275454799597678,0.9021187223726002,0.05969187111876266
-0.23718929897854282,0.9725567925549905,0.048193772065325054
-0.02904368648455113,0.9878325003252335,0.06089254892402919
0.005126137901010036,0.9363159871800828,0.0385623689090951
0.13184345201715011,0.9356292497116427,0.05772703212149774
-0.25720395879539154,0.9863727637572338,0.06249392331110896
-0.03326217657004168,0.9205291782513587,0.06646595486442988
0.3308715603977628,0.9682266577133127,0.026542066774768107
-0.1049915954571939,0.9744401567832911,0.042983675280243216
-0.08751511191253483,0.9279987842429971,0.028181536029368643
11.357641966912189,0.7575521336484782,0.8441681497389237
0.24060564153821928,0.9860825371546972,0.04655398796441102
-0.0511640686740128,0.9295103364919879,0.021396864838111547
-0.023022501963876164,0.9660167606325184,0.08925316787421861
0.08381812032650945,0.8917466138718656,0.045884142610240077
0.031459782494845136,0.9274613135655216,0.02966324802071462
-0.21609013657751586,0.9547231936800987,0.06642801082001211
-0.1676097824591128,0.9482302913864669,0.04417006694358921
-5.728339526274331,0.6472922588331473,1.116667930335383
-0.23253285727272585,0.9386375721882088,0.037764898520072004
-0.2339435389425209,0.960353652581869,0.005795574888497988
0.3859409004613039,1.0,0.08787776959249066
-0.08794912065788293,0.9658755496987822,0.042370406128758704
0.021002594322334825,0.9417555549817753,0.06080835497900737
-0.06837832832702054,0.9283882908449987,0.04481816164957615
-0.07751612557667725,0.9369573031628434,0.055599218762023644
0.14704871744583306,0.9223351949355352,0.01537973921704771
0.24192846407543822,0.9915280525430518,0.05883217619208518
-0.24180151562043048,0.9847535759933697,0.08335603431124758
-0.017197923293601237,0.9367917256562037,0.03404194422692869
-0.06141334656029745,0.9646405443683009,0.051679543772195816
0.07591920146289152,0.9350580312280734,0.046551727345588136
0.24320717241584228,0.9261743572473727,0.03660683595574449
0.11058632069086548,0.9665280165999888,0.044060757509558464
0.12479588728972045,0.915472978871554,0.03897614909330151
0.25709329977448836,0.9569844220523832,0.02382931219413379
0.017390488429730972,0.9687702958795177,0.05367028424777691
0.10043647473513156,0.9359379862648258,0.04845928993032175
-0.09692791441637974,0.9699080694592541,0.06506209011364304
0.27981423947303646,0.9328388898190461,0.03016586418281914
-0.3576824041272961,0.9363189743538827,0.010626993274291396
0.12784756863033286,1.0,0.024503990018117514
-0.21364023530541223,0.9568840924619109,0.05574369490138607
0.15722978955234126,0.9650506028575964,0.03340938542264038
-0.06316450172080494,0.9286910760920447,0.054414002825300956
0.1191822553430429,0.9644715777048363,0.08239558201519573
-0.10089604722644425,0.9257888605250996,0.03587544190182576
0.09874536351904117,0.9078085799816193,0.031053391388332248
0.09160462632459936,0.9337364443432805,0.06888771124655149
0.10099885972459205,0.8961652800258612,0.0630431356418084
0.10724265341222683,0.9317301872062312,0.058260557934890086
-0.04684969573933619,0.9224322061875739,0.04528498871593599
-0.038164780702197365,0.9956676204820669,0.05130874394456962
0.258615704210761,0.9674731207672226,0.032396046572977594
-0.027187785023564365,0.9703135808950978,0.0709267390567965
0.21479466643188846,0.9291865618211984,0.05016681151609264
-0.1220968951108709,0.9450815494169682,0.043552335124381863
-0.1573247493648458,0.9237635509464626,0.0605389360134293
0.09711409071922789,0.9855311505836198,0.032140347895664015
9.958331807290524,0.7380047386423274,0.643453761325925
-0.02877939661334949,0.9686733884117359,0.019663732029904738
-0.036463013075297986,0.9462675776687423,0.07006558553722135
-0.007404445086301731,0.963709471270908,0.03718014988373134
-0.046797770162614244,0.9100774935297328,0.05628878264642662
-0.11875556663427621,0.9222021023235879,0.067308205608361
-0.11891338731782093,0.942332866447198,0.0455409979077666
0.0927577717207819,0.9356996872569043,0.02049871086392274
0.4827427887156379,0.9581041973111484,0.05047042796242938
-0.28871274266037633,0.9835543559726255,0.07601798748894532
-0.012360380930056005,0.9657573092212661,0.09205899884965804
0.09487009375430332,0.9268443464710329,0.04341212798319515
-0.2541915714686302,0.9815015725061933,0.025828964427417035
-0.0061250112454873,0.931120620523185,0.06199504339979738
-0.044568192273131406,0.9468624044348308,0.05596105749287758
0.03719287974032242,0.9543619703831282,0.04437154161817384
0.10603153075324068,0.9365917448052935,0.03770694875998739
5.138035424663702,0.4597641987006926,1.019170388714965
4.694142778498441,0.5309911897399302,0.820317711882658
0.22313612340859637,1.0,0.05991373346847552
0.11232487404313402,0.9907458924438792,0.0555261083782257
-0.09572622845508054,0.9436221072042169,0.07413435794314317
-0.28095769941530796,0.9112792262139348,0.06363114854411565
-0.049285543050097136,0.9393514961311292,0.03826859346880522
-0.1261498060681587,0.967638983789191,0.07202315170741944
-0.05601735059170923,0.9526532378961077,0.03515066370747201
0.03862289688836456,0.9294421991265159,0.052106249413816204
-8.576633453284675,0.6774969992171174,0.8039004879131691
-0.10239630431023,0.9379573383061782,0.02166471551677062
0.252161517658245,0.9884313954197875,0.04709980920420033
8.948433393085942,0.6910324197962265,0.804212546082851
-0.034341896660947516,0.9568814477552148,0.03289490215976741
0.15742878907701685,0.9657610733855536,0.043350585969456325
0.11771718356933102,0.9525913467346584,0.0575225162528666
2.539889015174551,0.6116944123555308,0.9206653928408812
-0.2147824169986103,0.9148580278877652,0.04123229610024383
-0.05294772618059556,0.9362044136615406,0.06312685906638452
-0.1173875106310976,0.9456116857376862,0.007882201473416471
-0.2267503688228809,0.9626085756896664,0.09737747478133583
-0.2290456809221766,0.9634189348777117,0.023374937077413074
-11.289694666747788,0.447685617712163,0.9333282593930785
-0.17040274829523366,0.9513900778391369,0.06232307860896533
-0.10562235901596373,0.9540090986827772,-0.014114386075521415
-0.21576110639146756,0.930704159874558,0.03458840674382518
0.11158607094476734,0.9619084562644151,0.030824799816431728
0.13834524025776643,0.929032919051418,0.0451178325804502
-0.18454609074155132,0.947281976556953,0.0446115008178181
-0.049789198043185406,1.0,0.030217324328097168
0.022209485232485646,0.9178424458312501,0.05062762677172017
-0.0998734436531887,0.9977757354648611,0.0456337018118289
-8.320964313922584,0.401725729879496,0.5517562336503485
-0.10044334617381619,0.9638414204108716,0.03867475081942834
-0.027161724980366366,0.9253055903325805,0.04802468089656293
-0.12086631878021788,0.9995034506492889,0.035484966512952174
-0.06549800864042996,0.99786290988455,0.03896723096690396
0.28765892722296776,0.9360700331920442,0.02933071551312337
-0.24176464647982457,0.9453173105725773,0.05725943269866056
0.14984815997840037,0.9670274942905345,0.017746466180416837
-0.017456337115027556,1.0,0.07776723790926206
-0.24716763840796016,0.9648831594315674,0.007390507256497793
0.0017512146625237428,0.9709303686613349,0.06853470824341773
0.12651663946410832,0.9492404195880008,0.06607147013897344
-0.33659266186170433,0.9034010873624548,0.030529533080311443
-0.18804280767043066,0.9286383358825918,0.020235119731282485
0.26701806107964887,0.9387908189466745,0.05854251282286842
-0.156940884668457,0.859601881805181,0.067857965704769
0.05441340532044714,0.9530635570692509,0.03850429735693899
0.052808108971727635,0.9752538415379433,0.05065696557057119
-0.06396778296370091,0.9846227001316914,0.04509476946776017
11.365466073323343,0.6924337761303082,1.0649820117052053
0.01458928927969424,0.9253786106590426,0.06502274406979099
-0.0620036789811944,0.9282714002194461,0.02611994976299374
-0.3358379422719025,0.9278161617511181,0.08108128479836846
-0.05139801018702997,0.9626668926643119,0.030805331910721604
0.467094598234392,0.9534377722951243,0.044383583479528234
0.20375749850449681,0.965400258317739,0.04003921415496664
0.17865005650222252,0.9744283606606813,0.11181939240870598
-0.04482258349824396,0.9566896157679422,0.05178046566130625
-0.10987768967817482,0.9896854121126655,0.04676599768342018
-0.2789750495397109,0.9304543609409537,0.07227673606340371
-0.08009753502906158,0.9305126430398625,0.029585083875473657
-0.40730862768891635,0.9338488363811652,0.01530451167220545
0.17246071821095887,0.9526890239017006,0.045420247273562905
0.1671230157716609,0.9937689456280644,0.010954410778778297
0.23876611612166726,0.9694436990736999,0.03948398446334229
0.3967446261590614,0.950333704206666,0.06137109087483959
0.045038695384117845,0.984987462896179,0.04907226892825084
-0.010457283475666091,0.9562826350731489,0.034974877922820585
-0.27000722670973437,0.9143344186188211,0.07195947738365946
-0.364330481876657,0.9378373226735374,0.022080640652012946
-0.15194314114552532,0.9918832495429384,0.024242546994688367
-0.2125874756785792,0.966156766575133,0.06724861757725203
0.09360876712010326,0.935991786279213,0.037909682248187096
-0.2840207598268617,0.9616871287165343,0.04523909226174825
0.2403936451542543,0.967149307425596,0.0746481917635487
-0.03764933508285987,0.9393593773739359,0.034746757649006185
-0.2781882089741274,0.9726553151735382,0.05398398183895707
5.968122195167165,0.4731109553755878,0.7491312029999716
0.3591889803977568,0.9061219617946629,0.04699299901486258
-0.13779157402542758,0.9740281186525734,0.04512888416765518
-0.044304270788214896,0.9364277246279448,0.029332649950611016
-0.34362981668717907,0.9103938507878371,0.050434512236776016
0.09439332694332676,0.8973355282395838,0.05390693171246598
0.25566857720590896,0.950281657708823,0.05971515962110886
-0.20380291616542903,0.9680513566708111,0.07183446443085745
-0.09472145400620846,0.9056447942269035,0.08138908972914032
0.11531835948490535,0.9559876883786116,0.014676142358824647
-0.18972154422777085,0.9568183105372584,0.013185034164358275
0.057876094450228566,0.950345683538146,0.05307410767285509
-0.376268178330643,0.9480341441089659,0.02269063536542003
-0.04549444042456157,0.9714596793325543,0.04047410245609563
-0.05964242611994193,0.9413493928445537,0.05146593136816452
-0.03175386151047037,0.9842739253489454,0.05721335553353215
0.011456754162291242,0.946944382451217,0.06793185575232268
-13.211796926502892,0.47296832419483853,0.7162007339415103
-0.15648241028611315,0.9398311639396791,0.08543629969204064
0.01828758514045903,0.9178696652289943,0.05398439159560195
0.12782317049936312,0.9528299621279473,0.06941238840196265
-0.18802040871529865,0.9786385424960244,0.08477719264063482
-0.01859990680984528,0.8657578173195358,0.052605631710307944
-0.307720277639735,0.9600977552475969,0.035236147144691886
-0.18884306477255208,0.9529353822443636,0.02286331217383785
-0.27204845802282135,0.9586446263209132,0.06627430226945698
0.02209584021933758,0.9183755665554512,0.03459135579588937
0.10205356607362948,1.0,0.06839299016697643
0.3721242400666325,1.0,0.04792126710911137
0.0501624963989379,0.9921593790672856,0.06297411106707479
0.3965760156503055,0.9509036046674024,0.02116496932105606
-0.11369382451572388,0.9721998777033768,0.07823329904230925
0.040779017192362293,0.9273219320932877,0.03709068855702834
0.15328825874337282,0.9203795843847862,0.05383431481715058
-0.4761806523696249,0.9688182440733302,0.040565778993351356
0.11141334706547489,0.9453480287122706,0.027178345809350933
-0.09024402243165702,0.9011304131708173,0.07598060846982298
0.10423537688123206,0.9683245277561008,0.009891405698593606
-0.16880418848544826,0.952937192852892,0.04058407090612092
-8.346668168639344,0.45041931385343575,1.3812881209463326
0.08740991565486216,0.9699216397114965,0.0877942269870451
0.01759929128895472,0.9710199658875903,0.04083729396140745
0.11250760085530723,0.9823082531310532,0.059143096621700454
-0.3026239520907458,0.9517819495960111,0.041187530712299955
0.1557364284067019,0.9157381602103719,0.04680428518965408
0.1258885983162508,0.9641621908089549,0.07808206352018364
0.09800834661078354,0.9715205299256905,0.07174104604114544
-0.20763253821644478,0.9380686382028601,0.021106017159363385
-0.31159909663004903,0.9321562265387016,0.04324545714830215
0.30799019259671345,0.9304262323368145,0.030832212797679785
0.2473395168972349,0.9551626942845038,0.053022809665787964
0.1468891744180902,0.9630269325097551,0.057321968757656855
-0.18332522138725943,0.9624196246524891,0.08075387800427344
-0.0725440166329066,0.9470488063354092,0.05840409413129817
0.23743223028185534,0.9009522046612018,0.05454966581151765
-0.1698850511892053,0.9735289713197417,0.11004307702481092
0.1386240144923061,0.9212749505238094,0.05999856274320621
0.11857750108360941,0.9447028746632583,0.06325862105197533
5.413489937797001,0.5670337048346135,0.7130536140604259
0.30213731567339386,0.9730961060184624,0.048767372015831076
-0.20426822640267694,0.9724212884615403,0.03355763823652619
-0.11378720682188559,0.8977078126679725,0.03384088808948147
0.28760393399729384,0.9392684609743961,0.016892106753273052
0.09632581625573183,0.9941528321134769,0.0897358606300411
0.060445180540297565,0.9416872259812892,0.053413571514267996
0.6082901227626389,0.9654291921022061,0.08239334208307617
0.02093418217401869,0.922547498832312,0.034649264181668096
0.0728698040053751,0.9485319903687724,0.06324844799053124
0.032017142218269165,0.997430248678544,0.05502961208327437
0.21058205849593029,1.0,0.024470826248056417
0.17239276750208893,0.9483080544782947,0.03772152160980742
-0.010894950874163745,0.9447794291822973,0.023683998457477082
-0.1676931060168836,0.9741694165452063,0.010310826696719178
-0.024650026578240034,0.9328817487117901,0.0365941887243938
-0.32316756478645614,0.946126902748083,0.015394677725494264
0.15164280417377504,0.9303129652267172,0.028899679373194275
0.15476310801137216,0.9636386899348293,0.041657670839958555
0.051492935092174535,0.8944103120731092,0.03386110194178583
0.2696640709907198,0.9935049538529415,0.046379734507361645
0.022894410664799338,0.8979713762536089,0.04920243892528299
0.26488564032336503,0.9132421876550484,0.04122300161520934
0.06283601505501864,0.9437232149372566,0.0812625620763966
0.07035490726203673,0.9505390325609854,0.04636764195292189
0.2421801654517528,0.857245302495639,0.05254023636532161
-0.3486043713592414,0.9787321362666044,0.06225968877015345
-0.022518366645365166,0.9643521556507686,0.06195707783041017
0.13747137800386772,0.8520528197125231,0.06539578682162334
0.2255238335022156,0.9492080485283974,0.0711939597508026
-0.1610478831999031,0.9532467051678882,0.025195390063746315
-0.3289269270995572,0.9255404512959059,0.06893542855361567
-0.2861347330626207,0.9429227400220459,0.03620597686948307
-0.10796768305221659,0.9251398199832688,-0.019689752573071068
0.2341880163083716,0.9066231161085974,0.023682208389940517
0.03729384790206697,0.9320376727881906,0.02932473531523818
-0.10591194514518072,1.0,0.032034031072594144
-0.259394975018845,0.9286534247887104,0.05117935078399251
-0.06529823797302087,0.9770651058545431,0.05678278053895613
-0.24428162419015476,0.9448919099116361,0.07402567639176429
-0.13057499229047503,0.9624609920364543,0.059576872827759156
0.46823210469081566,0.9045341702682934,0.045290031040017734
-0.28017873819633654,0.9525661054638358,0.08536762548060693
-0.011241888713271208,0.9085339267328884,0.031770782846398685
-0.14944581031861487,0.9900001554675928,0.05552715542551189
0.46154685976879767,0.9672662578651234,0.08049536126034422
-0.12214322190149117,0.9429813896560677,0.0804018098394022
-9.649717215090076,0.4899133118274246,1.3420526604603293
-0.12914308925278803,0.9580202400819937,0.045471884093532304
0.13412257598834904,0.979264009130444,0.056477423067668474
-0.29773198217704505,0.9398677518171452,0.040686112454123756
0.007087020156676173,0.9657771062306653,0.05585463977859619
0.02879700036699754,0.9973527791905331,0.04299451644963733
0.07989223686184581,0.9229612047734853,0.07070925513166515
0.11550166081478275,0.950460592676503,0.02861842386853138
0.17909891996698657,0.9077654354774679,0.06806568250079068
-0.20932326701763515,0.9765657657623632,0.03923607187899989
0.03289160281743518,0.956787857061912,0.006783751965903008
0.08895298146726968,0.9583953707723466,0.06999632781202174
-0.14496379784984015,0.9575842392682197,0.02872448510818963
-0.022588538522768344,0.9648767531065843,0.04542467330509119
-0.2669400052703241,0.9346203290416571,0.06398425163221727
0.17952859220757617,0.9103362221647981,0.035689729398620536
0.031046242350317874,0.9522184779642149,0.06981212400622393
-0.17640789681140265,0.9604106097919148,0.039364610830451605
-0.38176470724261174,0.92904629920208,0.0469693546395735
-0.03520181585387234,0.9411157389981852,0.055367543244967975
-0.019331944852473727,0.9108066223422491,0.06025026287850871
-0.025793080624144288,0.963486846718339,0.06857170652313774
-0.1499227320445606,0.9957930277968627,0.04349393394398559
-0.12441070416653932,1.0,0.06224089567395964
0.1383783595713389,0.948242318385977,0.05245211753134575
-0.3196665959420894,0.9469871283393655,0.07286637237596132
0.14011979605007627,0.9432163585307372,0.03347747971263594
-0.008481835248353086,0.912492125270838,0.030992149100532072
-0.06592867713150385,0.9685350202879333,0.024538278499126015
-0.10861213101906553,0.981982123078136,0.04935938039455611
0.16818467628050127,1.0,0.01577966535648953
-0.06651202323629618,0.9238066766508667,0.0442141650170395
0.05043955441695435,0.9982958373689708,0.06442771762904495
-0.2103874174203727,0.9494031153624486,0.054739608490975276
-0.12371237619567527,0.9043655104759921,-0.005572753773082563
0.10387245800154583,0.944476493016828,0.07011069491196706
-0.27986531170055123,0.9898853385921174,0.06159487323480705
-0.04125807099526322,0.8940157599341044,0.06748315062274364
-0.45907339994933394,0.9137127316197678,0.046820377347144976
0.19943504497344153,0.9920742588288624,0.05727081354858155
0.08727238924706367,0.9882373642046363,0.0412633594914555
4.986668387196527,0.5811328916385833,1.3475773425971536
0.23660018916179304,0.9106611396657269,0.08889685604023798
0.28986677782204107,0.9262276533849276,0.0624781367258061
-0.47430711493817007,0.9503431407994409,0.05549150422392732
-0.10919631033603404,0.9696786870909976,0.05632165914054138
-0.12838745251699443,1.0,0.07080252697784589
-0.14913498934025296,0.9235789954541135,0.07059938006553163
0.046400723020949504,0.9359454764338302,0.06102027061233884
0.021559114898325543,0.963650213138397,0.057791323547806604
-0.029807619410034805,0.9823981354419099,0.09899114642336439
0.30396178531181023,0.9714418429249141,0.057888103464010465
0.2136396538167351,0.957301953542789,0.024515359128071016
0.032971837934097185,0.9854371427017815,0.05949942757345059
-0.3791001629156355,0.9485481686663907,0.0014962923487520513
-0.02163524175207118,0.9658396927919825,0.01945201939796396
-0.27810711146962697,0.9703519881650456,0.06502224121036983
0.058401846071044365,0.9680441928459784,0.06271626736876358
0.1444895582282169,0.9039105963489655,0.04787003081195788
0.4218928832798972,0.947372159815133,0.046246826678089194
-0.05226232541467886,0.9381499642075966,0.03714262935809637
0.024479037862430726,0.9350013482387148,0.07415105449865808
0.09934953707643399,1.0,0.09205682713538685
-0.06655958843356034,0.9242995627609121,0.058166067424792814
-0.20742711176468165,0.9163644692314061,0.04117670370635651
-0.21554022634399086,0.895649060115201,0.0736053465405679
-0.1328756189065268,0.9098782647260946,0.06189127465393756
-0.06357313515966516,0.9406066712371638,0.04439836395852847
-0.12065761883071294,0.9890516359900895,0.05523690593226098
-0.06211752711988429,0.9295364417113149,0.0655679425678243
0.3076509553701946,1.0,0.09015251939172639
0.216724682239908,0.9872362390551047,0.019219360248642115
0.02013013898628648,0.938850418482064,0.01677301756409342
-0.24646853500828023,0.9706224140450737,0.05359249868368408
0.20321838708144516,0.9682396089712977,0.04088686528059893
-0.014612262552306778,0.9572524333637125,0.0759768491169351
0.21661334513888586,0.9084871090034112,0.008327586103374626
-0.11157233729728151,0.989585041384805,0.043269249313969166
-0.2438601275891105,0.9289248953343594,0.008648516034143704
0.08657973819655694,0.9114501391288619,0.02856674853442733
-0.5096967556504135,0.935292588727605,0.049162993623556424
-0.15695032040372198,0.9625900879865805,0.04962601383920205
-0.09347788149717844,0.955452443566213,0.04063761620440006
4.397415828691102,0.6277445416914178,0.6790518086836462
0.2630872438941268,0.8905163881729921,0.03678227252962521
-0.14229371478811595,0.9784326614866639,0.06829335950247988
-0.3685319864559471,0.9622876015333979,0.0428620606411111
0.05363562480186562,0.9988873186465239,0.07751179173109982
-3.77579750124363,0.6811841697171857,0.9994108581395589
0.34409727559959546,0.9188574018657638,0.08590359486621554
-5.830327933679231,0.5085403538578382,0.7037435595429583
-0.13082688535414932,0.9767194418636257,0.05953890972875639
0.11341698346321863,0.9156474218904824,0.034893378797825614
0.46718241761991175,0.9628815258181853,0.0852507038752042
0.03479997118377118,0.9318521518477576,0.0566283472151852
0.06110853986024131,0.8901763528405966,0.054685169553424666
0.07419044350324559,0.9503826171890378,0.059463428808222425
-0.07277150172405557,0.9134549507553003,0.03915823474055104
-0.1476768496863942,1.0,0.04755677736186462
0.036583173783422046,0.9460404363551097,0.08233753385445175
-0.1429734230175114,1.0,0.05639891348996719
0.06867128606056296,0.9734918641708495,0.046710087335809676
-0.08822485605164147,0.9568947881437802,0.061796785674501385
0.03713736296440425,0.9535476114238253,0.06207651522291159
6.189818367171145,0.40241168320954657,0.5834512923355564
-0.2152647963501536,0.9496266487867354,0.059968766267233964
-0.47369891894458444,0.9144362483087588,0.05134047578428906
0.01619393069531667,0.9688182933602808,0.04050007586820678
-7.5090368584748575,0.6341113642644791,1.2579805841312002
-0.2938225201948754,0.9420267087402082,0.028280662855665894
-0.18038519735607939,0.9539011183871794,0.010935633849819312
-0.07331799508918048,0.879757088349116,0.03700156208025083
-0.0744161413234642,0.9407633512880815,0.059191554610001314
-0.01903463970952586,0.9558571813310944,0.029276478007111008
-0.5057042091640123,0.965012570968671,0.045556113855809294
-0.09725393554869614,0.9511412529445505,0.05326530063604505
-0.06620806270179178,0.93795981788481,0.05466280332330473
0.21596828654340663,0.9475208964140109,0.07843697161050081
0.09434345304738444,0.9514723262271988,0.0735549003523618
0.05946033951211959,0.9125403130716327,0.040378387388921654
-0.04482741700846729,0.9350704882377661,0.025484291888164482
0.0507925428532708,0.9546208178094492,0.03545401811176706
0.3722044471127012,0.9563406025823947,0.041948751207833125
0.17077012617536513,0.9614810488494137,0.06310680325553553
0.11602706336510751,0.967938389503303,0.030508066861400288
4.696321801738842,0.7551175775059428,1.0882298694836947
-0.21486105485034945,0.8883031150506344,0.07274512720336249
-0.1335946718739712,0.9305471960106223,0.025620948298140867
0.1494613255595785,0.947196729203981,0.01454734262244367
-0.28842741201257976,0.9978634122407526,0.0372961923896232
0.19078615865714413,0.9721859437809892,0.05562299734122473
-0.21395110021908056,0.9368020906935137,0.04618234458373422
0.26952806710082355,0.9255153204033436,0.045102817416845735
-0.04335382887727554,0.9527672360238986,0.03324056574099602
0.07274096201471256,0.9257847675620906,0.06935026613518484
-0.2518507553735216,0.9232085965479684,0.07732503621076743
13.88593821065903,0.7834737012199112,0.9594035419035779
-0.028463027981882435,0.9672208216556643,0.054731759006377584
0.28320850569864203,0.9670380956503506,0.07003456022467416
0.08323876316791656,0.9654507455287629,0.029299999235809716
0.10333924383229634,0.9186553479225132,0.07410015710850411
-0.18003004550526924,0.9416985110413127,0.06485527794696933
0.04211716245025491,0.9135505482304778,0.07669888943893198
-0.24523716537983523,0.9686614768006946,0.060172883254489065
0.09380641066028358,0.9792683575847543,0.032104430003901376
0.1056793732285327,0.9205807255888133,0.05362858395104043
-0.4142032333836656,0.9755612291633224,0.023114658001331154
0.09056183366569108,0.8960647063526846,0.0630505020355656
-0.0900425441653082,0.9110200263105148,0.07245747029602834
0.15555243213240996,0.9637422710273686,0.0416362518048771
-0.016093061437160622,0.9157566552839913,0.051636890413112424
0.04141491020493393,0.9398241368164255,0.03597590327017024
0.11893964210784824,0.9710968494943204,0.04058659662675837
-0.09487342382346156,1.0,0.04700977739631262
0.35785184241748347,0.9653722047545716,0.04869187356293381
0.08456332853042164,0.9938177444410291,0.07500611639470926
-0.25893354614812447,0.9394199230195914,0.059461783698443516
0.14102471661465216,0.9865361964330297,0.055549448791360555
0.04605771134494868,0.9748477154461501,0.06021937210306472
0.26463183859852035,0.9161496540434173,0.04157581918711124
0.20400197971299253,0.9122008266547935,0.056011237225774696
-0.04562589006343017,0.9519765254754807,0.04568093829355012
0.24918061687918797,0.948440819595885,0.04447405101418785
0.21394661130214213,0.926852803293402,0.04214133388581005
0.016404860048510016,0.9606176338526653,0.030604817397235827
-0.020661789832690083,0.9904908510967741,0.04249341397262754
-0.050669215458769006,0.9829518027094635,0.015050491360826312
0.40885792076707106,0.9577028096581376,0.09249931740501152
11.164516299881775,0.6482158087729247,0.5763409547980216
0.5822667586976683,0.9498856003289069,0.03929742642891322
-0.0037808045634759157,0.902118046450197,0.07661829377029983
0.09109706280074474,0.8917612291126691,0.05352406359394273
-6.01266297482508,0.7598253300607034,0.6613462872696972
-0.1853949045075325,0.9190047878988816,0.07728295089219414
-0.07994838654888689,0.969413295616712,0.027207838482630992
0.040215932104875965,0.9495608177068825,0.056225349335218604
0.1714738836817458,0.904763802680092,0.03142064741509444
0.10106677969714857,0.9072993780019124,0.07339306993234201
0.023655939261998733,0.9459232847202597,0.04509957115206913
0.23350270541971546,0.9728110659435277,0.06927243012695682
0.23137082555949817,0.9668652169385478,0.015484510426612363
0.10962746990873157,0.9308053780961566,0.07844545396854224
0.33275732414804204,0.9558918818174906,0.08452304697061724
-0.03647925844976503,0.935094587488166,0.06350995589877077
-0.3296061446262937,1.0,0.0797337462217229
-0.0018149226910178019,0.9439110716806413,0.05322757444951546
-0.2651103526503766,0.9671900374749978,0.06211386442375882
0.5446068823412993,0.9749563582830932,0.056175039011860106
-0.18672951114278546,0.8766267058184394,0.07455132243637647
0.21870279194781111,0.8990011208365593,0.04529555984706422
-0.07040743156960387,0.9465080542476538,0.02920843114913556
-0.12391276172949227,0.9839021243585555,0.07264984298181909
0.21265467116534978,0.98543477919544,0.00471326509451328
-0.12243934310990406,0.9880183734349716,0.0659017400291593
-14.295443970102774,0.5251774932133809,1.2766137469099363
-0.008840670383317204,0.9625591365869709,0.05735900074531128
0.03838246619786459,0.9489941651530591,0.026022993158795985
0.10578312389151585,0.9396493489227746,0.056443984118909274
0.07832824142372385,0.9650655186337755,0.039586093031853356
-0.1542899162528201,0.9074657220901222,0.057155921447961
-0.06287381389525466,0.9582315104988185,0.047744967651856846
-0.07951339333359035,0.9324633291385953,0.04324095377885336
0.00795248328985071,0.9457136110299986,0.018843838217586423
-0.31304537659418075,0.9511114251842816,0.06459103649609775
0.11765372314603187,0.979015208918298,0.06098381892455769
-0.20024894321699446,0.9598800052411186,0.06841723783359582
-0.13633158895089914,0.9899150165783189,0.05252928016542151
-0.41669827564381845,0.9583423152939642,0.102557767771076
0.3732473279361771,1.0,0.0969840997478333
0.2813826103373837,0.991532824102333,0.08031063121893248
0.03925123868808378,0.940650882638834,0.0553413634905546
-0.04475997321627871,0.9413144547408493,0.05539795963594527
-0.37388026130764146,0.9743102805936976,0.04022113932067328
-12.865923297434131,0.6181594466958071,1.3721835418425001
0.16155031694350422,0.9299371946068015,0.04520569327927624
-0.004376175976788448,0.9483191533738884,0.028015423152588113
0.287417834388113,0.9867339701610018,0.053067983105220456
-0.24349735857199373,0.9106394182151117,0.021679888208442105
-0.001259313106148103,0.9326225269940789,0.06161435164042659
0.2369094640110829,0.9287001972570882,0.0344685784255101
0.12879179219824377,0.9232522659855724,0.05163537606787572
-0.11426478435928306,0.9255104155433719,0.041566335020424866
-0.03712681730767722,0.9512648740958279,0.05164215242778873
-0.24037218570246288,0.9841218001852432,0.06759137594867207
0.02976551182836358,0.9422585360305658,0.07703374574195572
-0.4660300008006593,0.8687126980075616,0.04270432137393677
-0.2398361219006271,0.9918960022658572,0.058725756368406504
0.07939139490535775,0.9868899373368928,0.042963782760949504
0.18229717384311905,0.9025372319859893,0.06638534614096454
0.0002913116532521356,0.9641144156877559,0.07444238655855151
0.23439067575011038,0.9951278083567091,0.036051854474860555
-14.142146860503146,0.41539630916118586,0.8160692898029964
-0.04642755166778152,0.9639989921259724,0.058212538400854566
0.32345108359047714,0.9597994535545527,0.05870020138484763
0.1277251050905204,0.9354245056380851,0.016869377402632064
0.5470087253196297,0.926207804052949,0.02865517178073247
0.28619206020811155,1.0,0.05251880294546438
0.046131893086716905,0.9967477768417977,0.0528400093819673
0.03680610365506734,0.9430517481662974,0.0755387244696177
0.02499344062610639,0.9531640506098652,0.05785900425652126
-0.06803409387681968,0.93268071867623,0.050105976604096575
0.06902411586960837,0.916743593610639,0.032537487522019515
0.15289300551642265,0.9816474555965367,0.05501734577539441
0.18677345683376834,0.9604801854934961,0.04773019929998922
0.07466119661964951,0.9919141721153827,0.027386635184696674
0.015290372979439793,0.9664249978229364,0.0324226874681741
0.23359617039984193,0.9285621589619311,0.03599155324111948
-0.04666141550520007,0.9533344014834751,0.056468948209028855
0.26494829139231935,0.9581162461936837,0.10434428283938665
0.15035672915041606,0.9428045501489236,0.025784909631632092
-0.05214241731866322,0.961759013692978,0.040703568525183566
-0.29719739889164176,0.9399357136768864,0.06836577879629332
0.07647911967932917,0.9563246673371217,0.01875293733778772
-0.28279695690876205,0.9566028307767621,0.06511239379670489
-0.43942380609231774,0.988711469714304,0.09019936860244479
-0.0849776653809786,0.9702159881261514,0.06480102598338686
-0.2587447287031579,0.9355409815341702,0.06668388805592373
0.15299107107337306,0.9598353549116044,0.050413778553617554
-0.17657172106690663,0.9987445260547364,0.06578441129136417
-0.3555290274541641,0.9837780179799872,0.028388436475610446
-0.1361524282000149,0.9376614469462583,0.03590720994781126
0.11677741592539681,0.8896680584809306,0.06493218375079056
0.03813518941116579,0.93493199072102,0.04232544213174119
0.3013209849742108,0.9647948966619512,0.0029320757539707115
-0.19393106487704836,0.961187189811322,0.05463482036929618
0.15845994893280327,0.960323630907064,0.03575157308589221
-0.20401732438089581,0.903087396347176,0.04591694516420244
0.3814250685185134,0.9430805976301622,0.033551927442223684
-0.10333457352069648,0.9656197097433664,0.009270339294461617
0.06317983332633903,0.944463321283298,0.05222804758600419
-0.06618494692866154,0.8689621975202545,0.039326570760142704
-0.36086774787223713,0.9779410419428846,0.04207832161703602
-0.11831618597613121,0.948888531048084,0.049538409857180284
-6.687491145536643,0.7571890397866919,0.6753517976044676
0.034362901444552806,0.9804807728814968,0.04686700926472498
-0.2674613500874392,0.9577382621594085,0.007946158650797105
-0.24985819824491276,0.9304494992206269,0.06769248866963909
-0.12895145435623012,0.9658469854005881,0.03197202262616966
-0.07747313031328557,0.9215665278651075,0.03135715016360615
0.03828145257543642,0.8974024787289352,0.04652262719215472
-0.04768916729172866,0.9698618054261029,0.020238528149722587
-0.38114938435166135,0.8778697792788281,0.028800955742081646
-0.20747145586549315,0.9557210490423115,0.0618652286588761
0.04149345993090312,0.9790678863218711,0.04527921664443069
0.30762259892871024,0.9855307436595976,0.02284662120245529
0.12784942518364692,0.8755406001708167,0.07292423160857578
-0.3475638543502683,0.9226234596210782,0.04962626310938399
0.1061112650209156,0.978873516321217,0.07089530127313132
-0.06441138935523698,0.9455757654815427,0.0543239698091754
0.18906776348054333,0.9639145641461667,0.09285819157106356
0.07762443248365611,0.926049177943375,0.04668472830001803
0.03764108350229437,0.99390972409072,0.03658086277729291
0.1917002588049585,0.9672449501945178,0.046892733788646605
0.14260167954510639,0.9288648677824152,0.05422599062254564
-0.07657477221765407,0.9788176413644059,0.0651610935908915
11.400401322521024,0.6048391931348646,1.1245663810611934
-0.03413817588589394,0.9422328547832741,0.04363306295936641
0.29429666921658687,0.9686942726631779,0.05416150463077717
0.23554639510805986,0.9785359631986921,0.04498961795317279
0.17661407131110618,0.9416303746834975,0.0386125193523275
-0.21247346922673588,0.9303532049220326,0.06050952222133618
-0.037648287133085656,0.9595397780756779,0.025057833172572555
-0.16173773509486822,0.972293267287309,0.059252227190652915
7.0390914236450435,0.7132941249752655,0.9903163036304387
0.07130115467719177,0.9065515534024491,0.06191478601671502
-0.07185034073942091,0.9332667006426921,0.04281334831868967
0.14700873734711395,0.9076021269101532,0.05997976304585205
0.27264112292322384,0.9203218458752273,0.009280209957716883
-0.022633959766702346,0.9411172215409517,0.052661447083983313
0.19202192058024053,0.9213170173288223,0.062351159456876526
0.16229717780321426,0.9144409264806238,0.05182694445647481
0.12214157478627169,0.9077461085763566,0.05734447103578112
-0.006488191301883806,0.9349881858909741,0.05228798716769988
0.04283704097219479,0.9672042421588531,0.055942702214723895
-0.33802589694614427,0.9337153155633747,0.05528219548921118
-0.038294181327706504,0.9145210199882817,0.06004931051657186
-0.08681391418335443,0.9224766226016426,0.03206370734687444
-0.12105153906795688,0.930916939892969,0.07548958607564847
0.10779170226769536,0.9483099583212803,0.07625240431524552
0.059973526545304634,0.932043966177069,0.05854776936857232
-0.019875824570876287,0.8998848711193328,0.0609582986092984
0.13744893930200636,0.9494343994884283,0.011203874162799388
-0.23959428222224985,0.942533621166558,0.0362275539825378
-0.08576022955832313,0.9750434870269403,0.042818484688938875
0.0923130293016725,0.9041288174535235,0.04149945654807049
0.12352246833141356,0.9983268428247078,0.044863396125519574
0.06457778969157534,0.9663374617971835,0.050664662320400844
-0.0420004840201002,0.9213833526457924,0.07724224567099174
0.395582403894235,0.9634338261838838,0.048025698567306804
3.7776299774884605,0.7766473354949116,1.3237445281922906
2.694478158506759,0.7291770435206487,0.9121888249131527
0.02452842755649244,0.9180369953300832,0.062348808290384694
0.24025606695181467,0.9350686328266543,0.021798577682142037
0.013635455269328432,1.0,0.0746348938177781
-9.184057419078389,0.5907295189887769,1.2217210410517163
0.2180284492026816,0.9404914362959559,0.09264748049956167
0.10432779851231039,0.9356457644952173,0.06283719580722952
0.22087691966387746,0.9436117622170413,0.030110062058196666
0.08019086222325934,0.9711319857048574,0.02550162879921963
-0.12070590682466793,0.9800296809435702,0.09938823481900293
0.2799179531166817,0.9626842392589259,0.045147116200298106
-0.38044792183735865,0.9232931419674555,0.06418473370601828
0.04478452184948101,0.9721639091354407,0.07929338532285708
-0.18999322753175954,0.9767956044716041,0.026264891348020392
0.035468009329392695,0.9563931645240888,0.029585119280962614
-0.06240632114998676,0.9725964896283678,0.08006482971171773
0.22462715509805348,0.9648257639372892,0.050306917977054715
0.1383892450176851,0.9162096649007886,0.0873893660483142
-0.15163922160572735,0.9151165763822079,0.06726589987456473
0.01643806674605801,0.9633499611396454,0.043905500122557374
-0.10054027254210894,0.989204424314306,0.041791559916456014
-0.2492771181267487,0.9722816998244712,0.03371654080704449
-0.27892680589715907,0.9270166984097689,0.06222399977124459
0.1887302129799002,0.934024269218853,0.04566694594345707
-0.205461958363911,0.9548777221705671,0.02551069956826593
-0.034564923004785225,0.9679791629293804,0.02146665592433406
-0.36386710797367655,0.9318277314027065,0.0737401886500451
-0.25294753464585373,0.992091003516135,0.04786481543473122
0.233057929844611,0.9555369414685043,0.019080754177772455
0.007660304583709181,0.977034923506274,0.0034969421528334085
0.15255356232973089,0.938367689417411,0.02886940171181803
-0.2615687813864149,0.8902749801512979,0.04101914912497884
-0.2937107698212551,0.912362283376674,0.03933528576042439
-0.07795397578261742,0.9709316781792977,0.03653633750211906
0.3950869691833093,0.9598828700073271,0.04115403120168471
-0.10172261573156792,0.964728278544009,0.04261478741710089
-8.398578887549494,0.5632273367944112,1.0405031764996449
0.262157135114438,0.9451640102843649,0.035577860872809355
0.12873372467018593,1.0,0.05990433716095749
-0.1741779783548684,1.0,0.03840728589724336
0.46351371653726237,0.9131283167702278,0.020523524996803596
-0.24652329287434518,0.9451395773741389,0.09648884485864173
0.15871266961482866,0.9884347497691068,0.06708704993102664
0.16659565903425047,0.9620439635703579,0.07792801044757754
-0.20847141784182652,0.9378161820186887,0.004787315987876982
0.01618883048328802,0.982322130020893,0.04487957420023673
-0.26769628367889703,0.9796859833209259,0.04755184269244683
0.09289331411006488,0.9099249187164361,0.06667841152891338
-0.3593735160401225,0.9252548532360151,0.08795223021845877
-0.11193596308077779,0.9370406860565968,0.06086422329444403
0.31562173561671897,0.9358148354782387,0.022095739125634083
-0.10589450751507226,0.9355690582936432,0.055237853266708624
-0.27570366373492344,0.9835436656442448,0.06725400293434099
-0.08066398272753122,0.958129784673125,0.04476204852789595
-0.2952466387750054,0.9278253615503713,0.08066419314826319
3.401211743027493,0.5453350528501009,1.0751954936268868
-0.02654939676579863,0.9993827009052357,0.03654163791499786
0.0380468211835967,0.842913187652091,0.06720883879780933
0.2412640591838683,0.9527306352820153,0.022432998591507117
-0.1401536624001841,0.9161567695977975,0.031447198574173885
0.044777511356929756,0.9466631233602335,0.06793259700204063
9.53967219034577,0.7364117942432842,1.4994348880407646
0.1773908283647161,0.9592599089932861,0.03795326176994264
-0.03286589063648423,0.9396840849103896,0.06460919427193795
-0.05015662034129434,0.9393395354208651,0.0326257221732999
0.2807985628354984,0.9724413375202081,0.034614522854593266
0.3790388459027779,0.9947552495684474,0.06237969307344135
0.1803839322678096,0.9299693997648463,0.04017483142279853
0.03605154518868783,0.9150237998102245,0.0371463049168413
0.2755690327195257,0.9921563763803682,0.03626802453110936
-0.38474912704436526,0.9389809493052863,0.028575268953758223
0.05270601805040359,0.9382173261163639,0.06247266110635419
0.07889080215081164,0.9500107821540474,0.028482875685002924
0.18139085530903543,0.9490733442247226,0.030137672168013673
0.0843867024260519,0.9672314840546253,0.015372118761648977
0.09560091123161485,0.984951310516144,0.060926531782595654
0.15844004883129,0.9547264489110071,0.054000511831693666
0.14476771371854252,0.9199087330771901,0.031464548843596396
0.2014880289312679,0.9155700846120602,0.0832821594520548
-0.3005944358820848,0.9578105616722,0.047823492693259764
0.2327140223314595,0.9685123235221502,0.05443637154910601
0.14637176381892167,0.9475053026245743,0.05429518021102191
-0.022306675668159366,0.9491895157675344,0.06406999249347171
0.04723064251982087,0.9375903312977163,0.05752888755995363
-0.052115613885097924,0.9829495214352995,0.04994464765439848
0.012131623461410546,0.9360313932280175,0.07140361406264656
0.006439091376689052,0.9205050506691513,0.0565134476063166
-0.1244343053656752,0.9351945702889329,0.010168149813357202
-0.1222040277232423,0.9462789053127675,0.06836348829153407
-0.1237917461825344,1.0,0.07255495276999864
-0.1158553507724308,0.9238880108276185,0.09886714527782378
0.38089124979214406,0.9851216240266724,0.051853889066313316
0.39143081214575215,0.9768577948364982,0.03145912739511421
-0.012930580732911834,0.965856473159984,0.02863964531087797
-0.08295785775178696,0.9348923047900489,0.04973693226267658
0.3322901585766642,0.9388931441413085,0.06463885423046956
0.023087169645567,0.9774043468634905,0.09365730561946903
-0.11765711455759398,0.925336816437578,0.061909812452034654
0.4544224715158127,0.9604043622882132,0.036973922444182475
-0.01225504485737377,0.9505780817938861,0.043069268735222356
0.2768720107426458,0.9645647409865455,0.04250076464715028
-0.1655072485089138,0.9272863477392461,0.07993870734764337
0.09062585146285151,0.9785642051464049,0.05825085631623186
-0.09282670495239637,0.9535667017273817,0.04312607852515867
0.03555519528797832,0.9643093836676051,0.06383249903272112
-0.12630067403338152,0.9340987723668548,0.01085892117055079
-0.2920150091940336,0.9187349352428156,0.05124935728466888
12.041963845165963,0.4512718336944239,0.6199216137118312
-0.01759348954067293,0.9859333253299292,0.02336261001146992
-0.38848520082088445,0.9261106849880248,0.05147873142896926
-0.1535014092524685,0.9659211985589888,0.05639727081373104
0.004789993970920868,0.9528782907838215,0.031625539900875854
0.08253792000561415,0.9593651785242088,0.05152268136098723
-0.2308809240963539,0.8889817906356,0.041914995419631174
-0.24379571232420913,0.9871740205305627,0.026314118789610534
-0.05514568717295714,0.9344873912002112,0.06286297322431819
0.002540693444138268,0.9264649600936976,0.06637315407082299
-0.056393142498687654,0.9605608273084311,0.04262179638483601
-0.267763358145751,0.9952025959079114,0.05007522672499751
0.06294982036033607,0.9105736327598309,0.03776948070765858
-0.03427921595982557,0.9843681855231389,0.04729638827053918
0.07589866831765835,0.9198934717394931,0.042952334194188965
0.408287273046361,0.9625313200606839,0.026561439823187774
-0.007062668478907468,0.951227332175749,0.05095441745833535
-0.3009929934915421,0.9621520508128717,0.08006558374252384
0.2508764218519916,0.9104335144982775,0.05364567492114256
-0.1467682328808261,0.9477046602903012,0.03468312098596979
-0.10904170940096916,0.9246521530534623,0.04105149778701935
-0.11190754389258623,0.9629039783743818,0.04499765079567959
-0.31223758277754243,0.9289946473112467,0.05162185753126002
-0.14568085349380452,0.9708122413941332,0.04795221187806557
-0.2799058614374428,0.9399933700152615,0.0515829731821061
-0.0032261675324995924,0.9420733268436903,0.0414425465291297
0.3096101240680756,0.9665647632363737,0.0356938291554606
-0.5303769660325098,0.9938461465328082,0.05121036886032354
-0.004452791421599109,0.9319108015129609,-0.009122608944241523
0.12213692832984163,0.9685206245616447,-0.008774995403376847
-0.04206272024903839,0.9624652849445435,0.06812564106457204
9.808899257353321,0.6644242839305974,1.0097914799156298
-0.5780918903064266,0.9543863248612356,0.044673367796050925
0.1605147723306079,0.991901557017794,0.06212414547500552
-0.3442511578150176,0.9719012255601553,0.039963381405730886
0.2199986691167625,0.9303849662190498,0.08251573933228135
-0.04167214867389199,0.9301151295639,0.04932342976426253
-3.217085243763482,0.48987819551079226,1.4365404676249185
-0.01895149886262024,0.9193914803832862,0.019531750438283858
-0.27516950593936634,0.8807499628321622,0.06691077742390143
0.10569136072326618,0.9396974173481357,0.04590683213774379
0.24315405786329222,0.9499053205327518,0.03966008557138011
-0.31748706312552955,0.9207327754984893,0.024244240191706706
-0.08444138710515822,0.9526583988355367,0.03590697689328961
0.2620379746973009,0.9492253083624584,0.06033741451827765
0.08780068446847529,0.9969517189281325,0.02797626907684649
-0.20299889518524658,0.9776646229763077,0.0537424686435814
0.0686943261440991,0.9324138994936331,0.048592845066430974
0.23846038054990878,0.9332771124531207,0.030225964095151804
0.13419561665871743,0.9775545328695833,0.05037802417279245
0.10188635705654109,0.9953436949172622,0.023257205981430575
-5.451424491009279,0.753053302332972,1.137862998316982
0.14506204873617465,0.964473412625354,0.03616424698897386
-0.1432007408789558,0.9695654543185089,0.051051547117678425
0.17188917487494906,0.9610911923488735,0.061664449195007895
-0.03796160844026837,0.9544401876431736,0.018876946103255007
-0.04759404074616098,0.9792173444908369,0.06523776227792323
0.05887650753823544,0.9355343347137002,0.039354068263665304
-0.10529308731436036,0.942203402307719,0.05629136854274103
0.36030310721339,0.9868411364500318,0.047055231350454675
-0.16472150874563302,1.0,0.04398741565222785
-0.04343309632170282,0.9490931502130066,0.030322221949677562
0.1296165100858422,0.9887279191139007,0.01862020157375633
0.08097894943610427,0.935379287850284,0.061977254800692536
0.35084748570733404,0.9653390541244503,0.03895700467033248
0.15081934782117906,0.9142446076136451,0.0475476148301311
-0.3211224409911474,1.0,0.03563232906042675
0.16255353174484674,0.9626203900066235,0.0718261765369181
-0.060172642596599414,0.982766120178592,0.056872173564417365
-0.2376022480634656,1.0,0.034374927817404734
0.11668722715933462,1.0,0.012640389147785064
0.16860099890647606,0.9146316769665245,0.04442639058995942
0.3628801278591343,0.991396504262672,0.03269786281152155
-0.21649786829619316,0.9564657717338699,0.07307049291145595
-0.4918433735184528,0.9877017222234327,0.06720238537298606
0.05636608441684268,0.9545590625258283,0.048593013807483654
0.1957133756870032,0.9631739879930507,0.015487984320599217
0.029052317797256078,0.9382527015334777,0.04507439104847979
0.007782412116784619,0.930716903871159,0.04340752047313925
-0.09734172842326433,0.9240731655746252,0.07680192608006828
0.16038582288494616,0.9442923844088976,0.03521950568435714
-0.1474935469437007,0.9349014012413515,0.07321679776816638
-0.013033278445251088,0.9741409770407204,0.049058433258160915
-0.18930473588926658,0.9586894325553187,0.06282312230192204
0.005089769200566685,0.9857020138094508,0.043683199738935655
0.07604008822737261,0.8897663585790279,0.06633648117695705
0.29433487348222803,0.9695916078495324,0.04158583776995192
-0.12940650506263982,0.9417711538839199,0.07616696770574671
0.026911228474870194,0.9807631832118621,0.04977751690748745
-0.044302908893596143,0.8971944838990085,0.05873165585485109
0.14340023944842273,0.9389757336248298,0.08066499101798597
-0.33537214235267543,0.9551668806739965,0.061539906447189506
0.3724533880813604,0.948377625561594,0.021656855006357376
0.11593817031609983,0.9562703243666711,0.029009396328317446
0.0700258032804856,0.8756313180481451,0.0443119880806238
0.006696172632338804,0.9644982021954301,0.0399227605755202
0.10937492396208329,0.8961712666757068,0.021895874427514027
0.3327982910202074,0.9786962209130374,0.09136378270456187
0.1561984871290549,0.951214030759757,0.01928988422689483
-0.27732249537470455,1.0,0.04519607711288538
-0.22078378078869068,0.9452860202903253,0.07936090445032078
0.0445486338244689,0.9368047539508967,0.032723285752038755
-0.22469887246379636,0.9027684130942955,0.05523268707658904
-6.419456716413633,0.6328073120066415,1.2920606815190312
3.427347629826742,0.7721755950235428,1.4361936673321898
-4.292639282530178,0.42587247559927666,1.4505606255726078
0.05860693658150498,0.9828395749358886,0.06644779704474015
-0.128864177050677,0.9457807091703133,0.021395601210635676
0.2760466739642321,0.8957373496999605,0.005656707338188786
0.10775595580175233,0.9405789951186443,0.05402777851579128
0.07313400584400742,0.9390172273235536,0.04507908404965794
0.1758056496272327,0.8659138567249016,0.05260757825313693
-0.1374689910867456,0.9136842986172176,0.0444351054976116
-0.2123127652227161,0.9225424268863393,0.027372837623438097
0.048386889740665746,0.9605575755976596,0.009785391506083825
0.006223571486141992,0.9310841721408043,0.05571651898023666
-0.05218971801494363,0.9557809918558889,0.04386112812985954
0.14903290960287474,0.9121984638328405,0.03677239954851634
-0.07940096315109599,0.9457158497250945,0.04325188783591648
0.03831920842456366,0.9237280553746157,0.06592853128548402
0.1689643070091329,0.9226506507350871,0.05814011829550148
-0.22089346488721714,0.9731700713441681,0.07564274602413446
-0.09290597109976084,0.9710828235894794,0.04011846872647591
-0.056350819315677994,0.9378185805931027,0.05711077286640798
0.13682392083974312,0.9506633832399467,0.04766574614374884
-0.1400253950667057,0.9067647773028976,0.058060026456545795
0.24711824391302561,0.9293006047997687,0.05158447572628725
0.17837451013364689,0.9976256761047011,0.037000622524695215
-0.2637905666407728,0.9625369453149942,0.04693763074740996
0.006845731619864497,0.9192156316950966,0.006717754052337786
-0.17887876599700972,0.9661625212275908,0.044796587680079984
0.21359797221888732,0.9535089134168105,0.0736425112118471
-0.19727141929711334,0.881969423980241,0.05708560144740517
0.029994014571520195,0.9836435626176809,0.05642096076812589
-0.08481492977631014,0.9536958731657439,0.0900276435201911
0.529669815045822,0.9612827735432121,0.09098208368095811
-0.21562693110414607,0.9532874870820529,0.043261266657451385
0.14651943452086247,0.8985375347303158,0.04885550441450799
-0.05795440254585124,0.9195561052001171,0.0717163679826123
-0.10914068459992841,0.9392116521730135,0.04134042841930857
0.22122102224821338,0.9536744951144172,0.07226448298257641
0.022849098945140856,0.9389575546451259,0.05527125310603794
-0.1931417024352928,0.9547420275700694,0.036785491243108634
-0.06426407304650493,0.929173519324391,0.050106316978996875
0.17167727249334122,0.9875700732458532,0.04577246013485908
0.039288535426013814,0.9623595325830541,0.03592596991359741
-0.20043815072727367,0.9607771500492961,0.025569617786855032
-0.32675376090181807,0.9140875404116339,0.03359509270264101
10.548187879522413,0.4728321450673154,0.6501513463739687
-0.44053518154460464,0.8597080454403645,0.08880042718877104
-0.3279909036012,0.9805961837276648,0.02307668549323656
0.17206603786882196,0.9789589613441332,0.04099557343552265
0.2933723047416599,0.9826944419158535,0.05618635933565885
-0.329255830608062,0.964585299149925,0.054001924095906664
0.028880655017602116,0.9713986953350896,0.07465251944010284
0.048934792358487876,0.9811978762591098,0.01836097680642306
-0.402554722150412,0.9647745291232426,0.049597226537143595
7.349838420443662,0.6037834607644589,0.6031199807784622
0.01387338957814008,0.9793672507524182,0.07877539707844394
0.3601820521225197,0.9751102069482578,0.0196462075732792
0.030190440851948955,0.9571284010042406,0.010450134721512322
-0.15584495003780396,0.9532581661942227,0.011852272775014758
-0.051204344566803645,0.9560476978025362,0.05672063822174323
0.09715452035749443,0.8912274688606956,0.03495704350935953
0.24010429552396936,0.9539193280968153,0.06352529739908638
-0.20836208908541165,0.9252321622499048,0.05072582902870911
-0.15715338404682158,0.9643718735677368,0.06707784803605278
0.054434942813874926,0.8998533302426441,0.04476480002717756
-8.38441017900226,0.5399899710354295,1.0963525349205576
-0.13006223001434333,0.9762556099154052,0.0908427522884813
-0.10578942858084837,0.9503775485058317,0.07664822492839027
0.23762979109524066,0.9898457057949,0.07009824159723677
-0.05270636465725388,0.9389972524688049,0.045102680163959845
0.09766160834123007,0.9217607387534149,0.08333280404035404
-0.10768258182792892,1.0,0.05261122796460951
0.3094235865137071,0.9788939680588683,0.06742004635056176
0.3151584761487269,0.9217282192765276,0.07446774880608709
-0.09326734882449872,0.9696843642433116,0.06639713163767995
0.06879883140752235,0.9429557970171207,0.0643249908447791
0.1721041062327775,0.9080388821066759,0.04610952413453972
0.08356176112052502,0.9405156183901352,0.04781408405543281
0.35473151188726304,1.0,0.03933442667607623
0.03978707760869995,0.9298859848557562,0.0423460613153625
0.10757205328295522,0.9319890732857866,0.056338041692395105
-0.09654501642090041,0.9054906387925498,0.0697080939845973
-0.06654387746766828,0.8810943248239363,0.04268516551505567
-0.16841335909183028,0.9991398789017116,0.012096754809840043
-0.06040021432827158,0.9579829695151078,0.013133830649484195
-0.4427366472229114,0.935759670529368,0.03758701321042213
0.1793569283949307,0.9589342980029457,0.03675253139647017
-0.08669837394476325,0.9256976701205467,0.03499519450794099
-0.05606025150004345,0.9728656038626076,0.07292095385377487
-0.0708967101138866,0.9414998623074723,0.06592902063132229
0.2732073725691228,0.8932971845260571,0.02541056969675787
0.05915152756241332,0.9301753100936907,0.040380845468522525
0.1556210472220663,0.9843575962042035,0.04847465066193373
-0.08529517873527016,0.8899967035652306,0.043909625033364506
0.20526865160346378,0.9183294332282529,0.032551453004378506
-0.3511621473961738,0.905493583652363,0.06595579112384806
-8.844525779527,0.660815924008499,1.014797306274736
-0.09923278699067324,0.9736404400288475,0.05140386601519386
0.1665234099064973,0.9624647677923781,0.05116155133442562
-0.1288129023020504,0.9389083856403931,0.07510118146505201
0.09812490027184274,0.9903444648009074,0.022859955537939493
-0.026686596367246487,0.9654394968750358,0.02123124125575554
0.20723729930903168,0.9615585820739576,0.03874583973782479
0.30157266376078246,0.9790357054571276,0.04805539277193634
0.2830831823689416,0.9702044562899426,0.04025008997193623
-0.1044579475741599,0.9469722258951883,0.03928887431891334
-0.2823706606855971,0.9485122399892773,0.029139628592331553
0.002029479970870259,0.9672047117158912,0.03310363486088459
0.03651860366948173,0.9690138645182519,0.04140244987773829
-0.5559779555786559,0.9291452363689976,0.04862073354070011
0.0668939210040033,0.9408887450080642,0.023960354913986005
0.23868157684053998,0.9459914787111384,0.058003892741336965
-0.07995621190278066,0.9353997076887652,0.0403669436701872
-0.26693575238633077,0.919505452059155,0.08636573612829047
0.07252722069915149,0.9821773203686104,0.028229517017640978
-0.11093037736802291,0.9595584332569621,0.07404170766025898
0.29839969738514505,0.9495057100637808,0.06532296869017318
-0.2627896568777022,0.9313093494119742,0.07022088211061477
0.31949921844138973,0.9269321664201524,0.03152534113895471
0.17792037731117394,1.0,0.056713341874905225
14.691155226411723,0.713388631215396,0.7349667204676218
-0.05929713121726981,0.9658487034968509,0.030305473606324664
-0.2721199683720354,0.8857980579905673,0.027263556530661787
0.30510259406996154,0.966739217701051,0.049091195386394955
-0.18174214998152588,0.9354147418504416,0.03216077536826133
2.1584094128858684,0.43669004250318755,1.4047382304931593
0.015766799103520468,0.8964226302408049,0.028464754288159744
0.1979946863641995,0.939945163227107,0.08070755530844552
0.31580773397144307,0.9486105441764522,0.035963436481455724
0.1476030769423373,0.9039755466866772,0.06138091793394407
-0.6236345639791796,0.9173287230950409,0.05596181168024221
-0.2516582506036342,0.9467042489606995,0.06187396409356439
0.45577192273426004,0.9962354187455774,0.05311997314258288
0.23462281621241454,0.9671006526195546,0.04115943513079698
-0.04129001799220162,0.9219356906894904,0.041325536326781875
0.2068033218971011,0.961672046493246,0.07266144179486957
0.1935107142787439,0.9149820420763313,0.06240336279099462
-0.23375048394997902,0.8984719708756814,0.05142830502118634
0.06359223760175897,0.9733344715178771,0.047449964123553214
14.318143400672213,0.40393333042885826,0.9782784427558142
-0.25776518938782056,0.9182961448287057,0.06676054800835421
-0.09212300999260087,0.9438512163349283,0.010915770445114069
-0.10015351433846507,0.9676908048657584,0.05872853626688804
-0.06708076916787992,0.9285054645289139,0.04494959946878445
-0.13549207594580834,0.9498081483615829,0.0498931964133348
0.018735069177699147,0.9331550282794789,0.014323369720932976
-0.02908208654170007,0.9396582251610772,0.06597637568534326
-0.4347013661971528,0.9308163292742057,0.07639482247125967
0.042713927238383756,0.9314268244687292,0.04246660035704583
0.02115917784937748,0.9540813193664155,0.05209948716239317
0.028303995555989815,0.9391203281887408,0.03168711562058115
-0.03722233576072608,1.0,0.04913459243217516
-0.2709137391899066,1.0,0.07674156107678057
-0.03063159030880513,0.986450364217176,0.05379266631246583
-0.026559902344815853,0.9423452742317524,0.04744259721904699
-14.637762329890375,0.41851019061703404,0.7236556641455881
0.29467548695131257,0.986112529182836,0.04465004322864693
0.19709632768188406,0.9592568903216653,0.07344612396731733
-0.12269489611513602,0.9623794991947414,0.033699919702811575
-14.908680024072186,0.6002466936055051,0.8317577236245965
0.16725664354209924,0.9714937528049168,0.06970521579315818
0.029097741934272364,0.9473369011809405,0.025349487607583734
0.025385958716072323,0.9094001562956565,0.021489551433598396
-0.2543797892643381,0.9571473032312664,0.0408829091262656
0.28900171639277317,0.9565557811458301,0.048668698466909084
0.27802237506341226,0.9590394588012212,0.029580475311070525
0.09080711274781669,0.9107454388820919,0.05908857894169288
0.08412747065283097,0.9289713489953405,0.06364986362261245
-0.23452921931410997,0.9241756368984473,0.056257602833337514
0.17297752362604035,0.9224369047105362,0.05540343116449437
-0.30235604876418753,0.9295273738034311,0.07717227394806468
0.09301924505181923,0.9639448591783173,0.06734524300819723
-0.16231906563212928,0.9522462942472312,0.020596147288822645
-0.03675382587808329,0.9316799183379073,0.035553907795082926
0.045699863145605216,0.9156718216013252,0.05890936455007575
0.3410156954104404,0.8943837221991734,0.06659403473860731
-0.6396786045065178,0.9467517384764036,0.03633974426974771
-0.026096023950146287,0.9593207438262448,0.06329446958100006
0.1350809828369562,0.9406296645884284,0.08019688736018452
0.007116025276938449,1.0,0.057709944282612675
0.3502281499456452,0.9569863981312111,0.06267278496240519
-0.005770063068795642,0.9650408202514548,0.07476879167374625
-0.14320215575067685,0.926214721702698,0.06250123601357692
0.29467008852097487,0.9003168084988398,0.049247321233939004
-0.1312757546170131,0.9694254002007425,0.03567200950439289
-0.24880841147843685,0.9267985709325783,0.06969892298051056
0.04176063346267157,0.9088652440994,0.057382843152884985
-0.04927192834341832,0.9296640971080393,0.0577213757359641
0.12127605260462725,0.9175298309528943,0.037377862700941025
-0.1633959690225769,0.894236198317296,0.0967760849241461
0.22688658408486587,1.0,0.04552542746874035
0.2619392409499215,0.9391680722208405,0.07075755331152472
0.1678634102552511,0.9070235370935051,0.04904779866403547
-0.24294636414447393,0.9042674961614245,0.07249688153382847
-0.13195916627784357,0.8871818363526849,0.04406306027399836
0.04286814978075948,1.0,0.03184123698430226
-0.0068719712828801465,0.9368765507044328,0.08992088321657483
-0.07716983859106588,0.9234486847211266,0.01729929896425063
0.04508303276580411,0.9414895731870119,0.039834830999596886
0.15211810435731826,0.958649708424126,0.053290586274335104
0.3908619776794865,0.9945971894766845,0.06719054655830849
0.11812171851163894,0.9411785547245144,0.04404218285835006
-0.1631303011322771,0.9932399425751597,0.022893169344835453
0.25849324839672383,0.9590383500755626,0.023532324933515293
-13.213416484431267,0.724405531216826,1.0485198743741257
-0.04744086905954831,0.9757032371463611,0.05225403483478186
-0.04782965902279354,0.9566797268421802,0.02266279184413058
0.042124133889631564,0.9658941868289306,0.029036517125936172
0.068722892909297,1.0,0.06134871851362172
0.200585890662251,0.946556353739095,0.05113751410809869
0.0008649544149254068,0.9685470074441046,0.06777218138634755
-0.021502967927726088,0.9466668245446146,0.07697938574759884
-0.1425417042742521,0.9462835245552684,0.08344646563035475
-0.165909427696734,0.9859427557869511,0.03758110890081181
0.26267258345945294,0.9721926399314333,0.06312963815803602
0.046356934586735454,0.9681456654972891,0.035504128781473916
0.09608887344389258,0.9814648174758456,0.027549041275763034
-0.1850019343190297,0.9324471313146888,0.06457247276836903
-0.12091672882539431,0.911706082683809,0.050755585833018445
-0.07277996857808461,0.9897782769731158,0.030128855048893552
-0.057864609053925375,0.9408845250242001,0.08444105709527708
0.23467964264081909,0.9267164315411913,0.008819951714748794
-0.16015468800264854,0.9375690664432097,0.05285434516069229
-0.0907161568682543,0.936017212293874,0.07058700038689285
0.03190471733645438,0.9209377991364674,0.07048936803800161
0.02675420647505405,0.9508571804221727,0.059697050081084474
-0.0118035446477835,0.9856596112848797,0.0627080808741558
-0.0056457582103610305,0.9934197079348042,0.08885379161952905
0.03275773752454432,0.9602708629437918,0.03533942053002027
-0.3224363734131666,0.9764336870893034,0.04269308628497065
0.21315220994735343,0.9016639150043382,0.07039391876749562
-0.13048031930695742,0.9947462479638783,0.045371977989626854
-0.35176160920229166,0.9610784085273851,0.08350245306551418
-0.2510377718821041,0.9825872316393147,0.044342244920841635
0.0786055890664616,0.9806029677306292,0.08244437429545394
-0.17970919576215091,0.9444419990024057,0.06290082610509737
-0.04963091834349157,0.9570620796587548,0.04679260470231101
0.2450711870677561,0.9183712124373302,0.04654197074163307
0.15927700196262615,0.9174087943277197,0.06549680019428403
-0.15536151345985394,0.9399596078072399,0.06347881830406862
0.10834432986490646,1.0,0.06527603235951061
0.001190441641817826,0.9254772022452681,0.038043361754389486
0.296583036660571,0.9242317034585011,0.043865138684236464
0.04344785503045928,0.9240007143428813,0.04729780960051131
0.22678339512817464,0.9498635428874472,0.05929994166213655
12.895751942029674,0.5898242071452566,1.3015514691191328
0.3861147957280173,0.9733874316721363,0.04387368862770579
-0.018389070622646757,0.9469312015231381,0.06561193823043954
-0.13524886975437522,0.9906267552744614,0.036536955121509826
-0.02435324727193975,0.9452319532233399,0.07927089675823902
-0.041177881303617735,0.9429450721255896,0.009716147713624355
0.24872779990081675,0.9597461267431938,0.05233406456508625
0.27632342655476816,0.9484734546131095,0.03679016353346455
-0.07965814707296387,0.9792502533913456,0.036502176380147744
-0.29099817609817047,0.9384074976252617,0.04040438357945264
-0.026296367577431395,0.9154940977791106,0.06835891213803647
-0.30240742938197673,0.9615982026584359,0.049918723335935555
-0.19118696324176243,0.9552300852162692,0.06366576257837096
-0.0917908819194882,1.0,0.06790440118997011
0.053251768706296214,0.9511498504675197,0.06927434123947027
0.21046870013515162,0.9611847564687698,0.04804096457001532
-0.037941450757411024,0.975828421943842,0.0022555418403937405
-0.12901282010751605,0.9445957354002644,0.09795946056640137
-0.007589909352001709,0.9444637481953837,0.019962883275543887
0.12856864480095073,0.96460847633464,0.08132422943262455
-0.07331073525044894,0.975465272029997,0.06344690088817219
0.282315509500209,0.9451041498049406,0.06940055152770093
0.046672314289624664,0.9474865014388165,0.061604447172482674
-0.035898262764668155,0.9202138833695317,0.07181335726617503
-0.06601502767243116,0.949375081926416,0.05537911642638406
0.2329511641403931,0.977970610791455,0.03880255321326728
0.02513596381770903,0.9671077777592195,0.06474519219669483
-0.1089717879391188,0.9653748843497428,0.05418374016975413
0.06349538415050006,0.9551623409625964,0.020698010076928855
-0.24966994433119627,0.927038323277601,0.049833493556264034
-0.13053670599134629,0.9551939840077428,0.0721361088567472
-0.11537398747350305,0.9059895377833711,0.0732566213068975
-8.692901522830411,0.4388629018569751,1.3524601696206304
0.025761367867497876,0.9236237858315597,0.06636596960632889
0.21855207112806885,0.9379707767335512,0.07350817555102757
0.29876865382596773,0.924271829324097,0.03344851808243072
-0.15881932560459994,0.9854583943977044,0.08957735766702879
-0.15841216832382543,0.9666839926166217,0.08299669474038146
0.17198997095033328,0.9372482181549098,0.06323678414284305
0.03256911802763004,1.0,0.06889934813627444
0.14394585493831996,0.8984057155530386,0.02889794349631618
0.15646260105784104,0.9590213170956977,0.05292073221305435
0.27946184277967234,0.9521576404299794,0.0776667811720259
0.3791223160834163,0.9457079494870896,0.06306966473445082
0.02555102618737213,0.9450141491964685,0.06272870248648676
-0.057175045287034466,0.9555576056814785,0.03119451839610097
0.1910691830297377,0.944612045879196,0.06256897655686242
-0.409870067516108,0.9237406071384726,0.05293265652574988
0.15854045921513854,0.9870571172921667,0.044291918623166414
0.02447987259341098,0.9762615848783471,0.0633095987216937
-0.08276076435992327,0.9398767324192489,0.0433874044754939
0.23335074721410953,0.9582535161279714,0.028105683426845926
-12.915887078389256,0.7281433847148489,0.6958166938358661
-0.314145596708812,0.9859522135806651,0.021265453859002345
0.1778348868773433,0.9770859787481859,0.03303187542375863
0.034856361589027766,0.9154999390746129,0.05465132606931153
0.08902380319652113,0.9545727404262674,0.05775241844393548
0.02145708205737265,0.8863001412226806,0.030955085518518315
-0.16564623522198646,0.9720711083073451,0.034193853880669915
0.07768501386428645,0.9500421359457213,0.010945529510049332
-0.0623011077380412,0.96294072524048,0.053000857407239615
0.14716939713931385,0.9670887349143253,0.043036354752220535
-2.7085196637100184,0.7850090731589137,0.673544979207482
0.05989173086293936,0.9190802923477625,0.05075711945183215
0.0019462278927443477,0.9421970990150798,0.07180676895640639
11.319620595622297,0.6731167275598076,1.0899311984178468
-0.07354091629072407,0.9109132550849429,0.0698287474309285
0.1655378387839293,0.9446701795047118,0.04200516951012212
-0.32183934582881724,0.9820407425793712,0.05028784365585683
0.05335868673566994,0.9148475480662176,0.02915693139766672
-0.43949672492911457,0.9269152807425186,0.08261714813926085
0.11738359589642738,0.9299411571187078,0.08413305930651113
0.0333255562527161,0.9858097637285255,0.05224207680353269
0.032406869417848747,0.9628776770715847,0.06542300945996628
0.1767927383219361,0.9661260045072354,0.05081777423280345
0.10095575868418155,0.9424770933602442,0.06855715839845801
-0.1303262100444667,1.0,0.04669901719406897
-0.046487219862935865,0.9394934384419682,0.030472887505273723
0.1068791923740093,0.9385518611938607,0.049865152585372316
-0.10746932508675427,0.8996389932804661,0.03691561364439056
-0.3191055240801093,0.930729889931069,0.03913624491224533
0.19225582297814303,0.9261596766364736,0.038258360925300564
-0.32721231921125254,0.9252625031927963,0.033175740870395175
0.1239070017534977,0.9166202533042853,0.05969584171577409
0.09788606895322689,0.9453222313706721,0.059034135456486114
-0.018873840103449443,0.9991679071492116,0.03745089755383693
0.036552866345340995,0.9534668932363295,0.014280077019479573
-0.397938359192622,0.9478670557383642,0.06109274841471586
-0.08009785379099603,0.9202458999063182,0.08948560518556675
-0.02952361469081856,0.930231565170625,0.03578016587003264
0.08987202794243561,0.9528224721442806,0.056914404896098524
0.04669133288476587,0.9604700698201943,0.014542862759520284
-0.08085256078011223,0.9376880413147882,0.04337869470754154
0.011500820954688972,0.9286281288695744,0.06518879612696768
0.39619961672978254,1.0,0.05864784839537736
0.053043230002293086,0.8930640808442429,0.06892816245301386
0.2747370570158643,0.9490667432820614,0.02478597551810923
0.11594823876511495,0.9756428267359651,0.06769768202860386
-0.1073872906859726,0.9532235319423987,0.06872703894745752
0.2746580192672096,0.9853067831902594,0.058012931874699046
-0.09556606871683965,0.9571557363591606,0.0456137438573149
-0.3551831330753255,0.9246093166034861,0.0673471146421731
-0.13434393377252538,0.9252657769684584,0.046230755375530765
-0.15805465336517088,0.9593604604667213,0.06091962889245606
0.024064786032207484,0.980506084719301,0.024408431709692285
-0.19166970852227094,0.9525124577579251,0.08421809542973788
-0.04020400598039167,0.9598848410828985,0.011226978295265574
-0.04932089796494518,0.9211539216134705,0.039341617581951246
0.16350628593556019,0.9098632822208178,0.06461332165632258
0.2422310698887757,0.9845501768316031,0.024652680227229492
0.11784473470888315,0.9648953102843004,0.04568687190606968
0.06873011382556331,0.9103316087593988,0.0015805876741900107
0.26018636995501465,0.935179910981311,0.05878120105383728
-0.3478338894214768,0.9184043909228201,0.049075351238697267
0.10086765609953943,0.952409084025188,0.07112709449361121
-0.26108304911201313,0.9788504273266507,0.059120995485881046
-0.1106172934151484,0.9225678051495186,0.014194610288425842
-0.17339739319396932,0.9289195750691414,0.03887777616807032
0.32545678099324005,0.9099459271506559,0.055617427928382646
11.028203613552268,0.6938924964548803,1.23479492025426
0.22576490985294645,0.9520868982768041,0.04790260145255905
-0.008685228431552972,0.9629995637064118,0.029127906389501808
0.15178780599829533,0.940772547788691,0.047211025314893386
0.023408976229368213,0.986212291456118,0.05246562025372969
2.7710864387182106,0.5666550125068167,1.1060024938312183
0.35481110343692834,0.9482215990929823,0.06348790116708877
0.12960104029921973,0.9495370389042059,0.05697572686979532
0.022180174066714586,0.9197460110909393,0.051248532106826464
0.18591098470800152,0.9232334281018543,0.06287435434751874
-0.2779442467120077,0.9739170469843501,0.04249603419481445
-0.08891788322569866,0.9265103213166862,0.06380106123690804
-11.063655586247783,0.4601410894231503,1.4019527287709814
0.05712152239832477,0.9522833033737027,0.004810135273641394
0.07378914538103401,1.0,0.08106729568964703
-0.005978259401640178,0.9211646994475328,0.062423199814647695
0.02770311534141457,0.9258802494465246,0.05113971305642012
-0.04686742917103963,0.8991635428520415,0.06587339577871368
-0.021599169743936317,0.9824623145794066,0.05315586539499217
-0.17379401622090743,0.9839594905112821,0.048951129196772025
0.42164794989390714,0.9545485256903639,0.038742613125542134
0.09379992811372272,0.9418241580489078,0.04387663760897864
-0.1268415644497735,0.9579111857638343,0.08192883271133908
0.05106770374768885,0.9717151324077168,0.05046407162537861
0.07608771811389975,0.9531809110508341,0.06342756822989092
0.09984804509756573,0.9324490878281373,0.03249049398571354
-6.89620634111165,0.7599212968335841,0.963563848563147
0.10971988747503636,0.9421411367321694,0.056017173200657064
-0.11676272759793267,0.9684991285358322,0.041878094587521196
0.2860516716118986,0.9378630997157588,0.038807075081057574
0.004276016104761543,0.9418389875289802,0.06337394637617137
0.20967249727978277,0.9490356357755838,0.055955921984342114
-0.2910580592771256,0.9438143436059936,0.07040795613821671
0.06940927984160938,0.9214617632380102,0.06440702944052876
13.836896344302513,0.7437618796535596,0.7390164450224924
0.18143635814714767,0.9664099441295175,0.04882500436155131
-0.03379110330135781,0.9983893080671731,0.01267470140849885
0.332060041485514,0.9536962845456587,0.023593624615629805
0.1887145271513785,0.9852456475909344,0.051469451533633005
0.085000612770263,1.0,0.06243644199471692
0.6125204573907759,0.9413469450359523,0.03380981861124942
0.4007941460792914,0.9333824985209315,0.02455691473897017
-0.14990276486894355,0.9550903222354173,0.024957096167601268
-0.017363570980085206,0.9486907244429413,0.022955427138501502
0.366510037364188,0.9386687742083651,0.07684325325289036
-0.10447241067847851,1.0,0.050638873056440936
0.40009042546976437,0.9631597290139391,0.03411605068482854
0.06752716775479886,0.9374031748589896,0.05176271971460346
-0.10588706888423449,0.9506320828681263,0.028379405961920432
0.015089023016866732,0.9512021929054737,0.0125277781994892
-11.521461175722449,0.732737291012926,0.6350158548307461
0.06954081375166296,0.934234590620429,0.05170723889696593
0.07288280967710699,0.97025807304874,0.07422934895331942
0.033432155326091964,0.9559966677117524,0.05216333879370984
0.32758965985723065,0.8900618999644139,0.05819113980043383
0.04114296186833443,0.9492576531213628,0.06600638205765573
0.21955044038898516,0.9406804067540916,0.06795864707191296
-0.21885034460258052,0.971963502692925,0.04664137225823072
-0.07168084281294594,0.8825539837199606,0.037059135279436946
-0.04677404829425307,0.9411756607825544,0.03237103552113952
0.2745500218437164,0.9602604600888993,0.058997847225385425
0.03889204618687848,0.9558660815811019,0.039582101249845215
0.14217304823521557,0.901053333272429,0.053505482650305865
-0.17255242295735185,0.921840870597703,0.018397352234904837
0.13735958290733272,0.9979798401596972,0.07361735760161817
0.04631097610517185,0.9856167209055389,0.06417449573103558
-0.11195124394388062,0.9691738449096967,0.04767370494784814
-0.23940007922527748,0.9849963705806962,0.10376362216607293
0.1918412995077862,0.9339033427490239,0.03587252047081806
0.22022242285790614,0.9310479674580239,0.042491472472210474
-0.04166123387195136,1.0,0.04649373109008625
-0.15951831434274624,0.9725066279192487,0.04541207040176039
0.1315658998735036,0.9183230090825167,0.02879163155568157
0.10275219388937216,0.9571666835877768,0.06672638907328458
-0.15315194774613972,0.9785538336708639,0.052180141250027574
0.133019929732661,0.9437685098911608,0.05398964718938348
-0.2013380736449713,0.9355844845769135,0.06878906729320196
-0.4418953619845798,0.9594229466779581,0.03730229176490901
0.33112746257192804,0.8997104507622472,0.03992878495600588
-0.11912274030228581,0.9040680815980573,0.03472692913596931
-0.12608700955473093,1.0,0.01125825750891312
0.2124373468283187,0.8984185548190047,0.02222315821237711
-0.16918636360681305,0.9632084151496241,0.03665108628475814
-0.07651732511311739,0.9909083253613086,0.062112154084224366
0.0946656712805421,0.9069472669377909,0.04402305450144459
-0.060503467281447176,0.9121259764876337,0.02134120588834079
-0.08590523193205168,0.9147121205083415,0.07392038266828183
2.425107834964753,0.6423714951078003,0.8509332267585173
-0.0485182779169464,0.9273613617071458,0.04096029728272177
0.0755267588403377,0.9436648802815474,0.03769325235916949
0.1772447449246078,0.9200190310368245,0.02489504267712684
-0.12743794887001417,0.924056097865253,0.10070761795390147
0.041369122234315464,0.9372552877357972,0.07108500239423582
-0.1598543799511748,0.9407411154458739,0.07535309858025235
0.13598956734477882,0.9400860903166315,0.044235723897369836
-0.24128201953285686,0.9275467263855662,0.07231610059131731
-0.005548314733136017,0.9890419033587737,0.027422632918478327
-0.16083953803517345,0.9845980924103356,0.04831227134408948
-0.16278301484580715,1.0,0.03809223925477912
-0.06644396501404601,0.9193385576064087,0.03169996125624598
0.22219024177973373,0.9264299285803351,0.015752714858635407
-0.10164922323700742,0.935364895064363,0.022663094097106276
-0.1924177688674158,1.0,0.07639432260269316
0.24077880327416257,0.97433000361421,0.05901116321843699
0.10218416812387572,0.9460752319073725,0.01666049291937806
0.009540634883566632,0.9679360014725795,0.030440572707263996
0.18124095274261645,0.9535096190325928,0.02221920073403602
0.17027432960429023,0.9328580376248955,0.07297302790004541
0.2924228384231109,0.9551566527331742,0.033899857441387876
0.07161420564352984,0.9169821223510346,0.07049422088973117
0.17704178527482814,0.9388173331719946,0.05272584544770867
0.12619384173754977,1.0,0.05800581067422388
0.3143982952498717,0.9973443559963058,0.04271053068902436
-0.3517452050665735,0.8810096005926779,0.047501353708119275
0.14468237311201423,0.8994505475733467,0.06417470460244871
0.03364283186078706,0.9029782008554528,0.07892253407976835
-14.083584419537035,0.725296271667461,1.4970414374109218
-0.1708630781148454,0.9462422589870594,0.04016290597336636
-8.501213273023975,0.49160602435142287,1.1338697977073295
-0.18267950218745194,1.0,-0.0027187339481717088
0.025949702781021867,0.9449463184474486,0.05274727240647313
-0.1763437206829197,0.9327566811706719,0.059835707967844876
0.04974218253187892,0.9523170744783762,0.04033055691194682
-0.028226419884645193,0.9565841572204721,0.07709907456031036
-0.17123540589040587,0.9422596073599686,0.06450209343778598
0.1814357346965112,0.9231735159026575,0.06608421119993997
-0.2781213469166974,0.9270506401541394,0.03421135569896498
-0.10317704615894413,0.9117336405533453,0.05585250921852674
-0.2621917599755192,0.9660300204456052,0.07715558632027078
-0.052205163848725214,0.9757930209222191,0.06428455438967966
-0.12375413465345855,0.9832868803540831,0.03229459018099462
0.22245463642528185,0.9507272706659088,0.0333571191955943
0.1589317052908444,0.9165015084045551,0.08242615098655785
-0.193000846936885,0.9921681453664872,0.08387643041451101
0.04765963819178146,0.9113074568795051,0.0197106036706209
-0.19987923565360038,1.0,0.025520014316894945
-0.14609851274258676,0.971168167044991,0.08555769072762731
-0.11780422485508886,0.963502064689225,0.03902662730936789
-0.2916894938809666,0.941313184967188,0.0693531857063394
0.10858705363451236,0.9923442398230754,0.05909329884696862
0.29654711704400455,0.9138729606217832,0.07146673216322877
0.2408209773226364,0.9276113546674528,0.05160662229150275
-0.07690624028691836,0.9820273350450305,0.09589988323256474
0.19675612953450017,0.9204115959564619,0.014639836593010033
0.46462628533366923,0.9594142838759182,0.02465592058435158
12.918671510758202,0.5282605144033587,0.9378610998532482
0.3174348288941467,0.9736092604291259,0.025947356187663334
0.30099870171874127,0.9347423025641818,0.06683056609498045
-0.23133826555699893,0.8654346372871717,0.06601613598066207
-0.18062909386978193,0.9585405015402636,0.05143697353343345
-0.057879770049744844,0.968427395574073,0.03637173036633672
-0.040749414655293144,0.96252391582083,0.06361332190109133
0.07535434136419047,0.9316168717756436,0.0795149055792424
-13.267375313869826,0.49388342560409226,0.6037285712602174
0.3478295630305761,0.9440487467649703,0.04657172455991739
0.017091130543883993,0.9248306224288072,0.0478623753407875
-0.24194645541967508,0.9514102993767224,0.06852671462013836
0.18874890688753165,0.9709097648732318,0.06804633102881956
-0.07480514699715511,0.9651454797385228,0.05024802912319203
-0.058299881645251676,0.9583798698660349,0.05027793905627564
0.21225714449899902,0.9519249944643959,0.04802657311973383
0.00513574773200176,1.0,0.02997618155080765
0.11937908122258528,0.9307708074500429,0.04898215703635278
0.2541048267625655,0.9028448826995852,0.0844396882752738
0.3722271864583845,0.9196663661509445,0.07749772016697325
-0.1137751756473135,0.9631826766746204,0.04800896934963926
0.36201180116333204,0.970059641709667,0.06094459245746695
0.12809033120773056,0.9829014912261905,0.0387887934848466
-0.2614660603874361,0.9516378794455033,0.05298094887058209
-0.18268615587475565,0.9142752825574911,0.020634934889501053
0.13511853949790098,0.9321257685124379,0.060988581152383675
-0.23847626479426284,1.0,0.020688246688324845
-0.01358993821845074,0.8928538459450155,0.03497410334882596
0.1109924459207859,0.9793674473234698,0.05949152623835202
0.45825073567948654,0.9648411022566737,0.0694602891560783
0.12588454219820763,0.9718138167627156,0.034610828355028614
0.14810632189879416,0.9215982556582946,0.03756469428418699
0.1180904717790689,0.9280057981073213,0.05198906441703642
0.1368774124710682,0.9343161133138391,0.04210907223197248
-0.2170143764661678,0.9303874708355284,0.048684482518255925
0.17121508137866026,0.9047853610996839,0.06873338349156541
-0.12261254349404085,0.9468013981954828,0.07314460991996012
-0.22211474018584132,0.972443161001647,0.060488437685554466
-0.008353811886322171,0.9494772051211061,0.03989627410837453
-0.08439395044932954,0.9580419237291021,0.03238586917849043
0.40584639953901286,0.9695198832674995,0.044210187211681615
-0.5828014421625699,0.9502664066083425,0.03973420843642665
-0.03871064093791937,0.948821487177736,0.04370971816575528
-0.20281610756112312,1.0,0.03764591673297363
-0.06059736436289619,0.9562971806372673,0.05948803692633989
-0.10607698564056794,0.9343165363014271,0.036634425698476566
-0.02752129374031926,0.9600681320450677,-0.008461486795995156
-0.07187335289189485,0.9896366435958562,0.04980654623003303
0.02845363529379068,0.9315614361897433,0.03410892997984857
0.04814368958526741,0.9141733973184356,0.025928279514837047
5.752523606880599,0.4111303222088838,0.5754533603619302
-0.021518298999875632,0.954607396953064,0.09207143542021184
0.2519373695597701,0.9918270567917952,0.040825915041838454
0.035170192843980895,0.9338363817197908,0.07467462469804494
-0.16119786449104584,0.8823760339031844,0.03528900573066528
0.060080163383432354,0.9273443033950193,0.050417317996325
0.2577077959438046,0.9860277046379939,0.07062191471220676
-3.0083245158059966,0.5816612120606202,0.8406605048998924
0.2251070976229079,0.9451038724880401,0.042803302222914064
0.023579365285209562,0.9518934440212907,0.07269648939744328
0.09475632391581934,0.9482959832152025,0.06289859865993921
-0.3732304851375469,0.915620209495625,0.08177967725684833
0.15130438753443987,0.9247021099523729,0.06931983736705785
0.24479572262220453,0.9433400931894462,0.05518834527367882
0.24178245005727234,0.9537573819014512,0.05224979898877818
0.21824531973463965,0.9835595941508292,0.08098501343763548
-0.2729061376915033,0.9317459534683047,0.03444206936344178
0.06868046870626907,1.0,0.017751950370051568
-0.03811060171940538,0.9550151027560828,0.07800882289164929
0.011610616616002866,0.943952811487076,0.02392071431241374
-0.12747606839436482,0.8995698181753634,0.010140195696491272
0.13059550657518598,0.9709640802624213,0.05489906807120186
0.25397151302386606,0.9334096995640428,0.050308579335971
0.2472095967181164,0.9308601310617639,0.020628561034360532
-0.20290979902031472,0.9839740108001769,0.05071526794731436
0.09687129985722792,0.9557874469942464,0.08908291003513158
-0.04184728157454031,0.9516887344559477,0.0027842031014481267
-0.3198526503172122,0.9435044512464326,0.063743917942334
-0.12130700408342387,0.8997106746209453,0.03435253128953094
0.09335744602642199,0.9804752337619447,0.07875655304268525
0.14750637407206943,0.96019002157748,0.051556344909040264
-0.018193360585635258,0.9376107321005048,0.022355680945668237
-0.25728151905791913,0.9532266535847104,0.009342532232553123
0.1017084076885586,0.9564690003124733,0.0386575821748813
-0.31513546060761816,0.9540489045581343,0.046034521876881215
0.026614891954348758,0.9474534874607724,0.04536673770403632
-0.2569511911977137,0.9865712993285431,0.08929484997403007
-0.012405544444994858,0.9423812272308411,0.03005233390737674
0.01261070949922446,0.9331796649658356,0.07146762895035338
0.06523549930351963,0.9091033836713405,0.04096866448962368
-0.37914947719544695,1.0,0.06478378190304247
0.32584873291427296,0.9197754023553378,0.06085038180499519
-0.06382599717136835,0.9777714428371721,0.07451855548138685
0.040363841945514414,0.929127571919327,0.018209977819489298
0.06440008902138432,0.9476769507809378,0.03452521905812954
-0.16622749885226573,0.9026451272449882,0.06675750001209697
0.007141745152635092,0.9884334609548954,0.04233691617572637
0.07118053548834063,0.9636975581736679,0.04525722683916035
-0.3971877670941077,0.9803955242108945,0.040645845006313304
-0.18153338655737508,0.9419936267631701,0.05094545072519949
0.23592698049608388,0.9541633113419802,0.0338238281485184
-0.10263356870318348,0.9260703850847414,0.04235865349530282
-0.1301111255562428,0.9596348399388536,0.04241076277987566
0.07687651923704109,0.9731363644999439,0.04516118772841277
-0.03006938211316952,0.9676194934356737,0.07325687471073078
0.09254594095051794,0.986110471792986,0.055905207446517044
-0.027174251507419797,0.9098688191499069,0.05224167329564074
0.08185803090475965,0.9767753953664342,0.07045759604797074
0.2096695112349113,0.9528188527637019,0.05179922067686314
-0.11606078814004035,0.9084487893150409,0.03756206178717139
0.38069189771467854,0.9470723077667046,0.03310408273355633
-0.09982804037599496,0.9899980605118475,0.0657372645418522
0.1977586614500729,0.9466632885130332,0.08600104979800952
0.19308463453807698,0.9347886993179229,0.07924054800356539
0.2559190158705232,0.9884334720304113,0.05225798124915122
-0.2373252808156949,0.9308682099914342,0.04590233235605271
0.04910419252306236,0.9184080416954902,0.056806818627421166
0.14091203896699916,0.9094774782245104,0.029671936566547416
-0.05589542878625453,0.9281863052354986,0.07407547696029569
-0.022333455298638654,0.9264174912972003,0.03908860619716249
0.051633992900940874,0.9817390302927578,0.09708469605167205
-0.3354327583133603,0.9491543850827111,0.048656402867390536
0.09552753315600555,0.9224309391046431,0.039184361219944036
-0.16984623687810183,0.9105206922835993,0.05973576862048394
0.14677981211630756,0.9484804322128573,0.017183462323061706
0.05864251027495576,0.9461058339630358,0.07698692435655446
-0.2320722997616539,0.9947710054532477,0.04539249053277382
0.32063473577299495,0.9273685283532074,0.06105851065669339
-2.015050154692397,0.437871281704342,1.445606187172319
0.18389890161627453,0.927442741357028,0.03363716016462501
0.18720539854111173,0.933475754416049,0.0335132492981392
-0.32011424293542357,0.9992286373619064,0.05698412213130418
-0.12790357100765504,0.9300508820457565,0.036301383897640094
0.0010407976548695108,0.9136042766657319,0.06360057674551693
0.193997515846701,0.9660624442881334,0.07389787360485753
-0.06956586905959133,0.930374484663865,0.019728602173231666
0.4092780118162409,0.9547210588540405,0.04630396673817625
0.1444549824206446,0.8960490514974175,0.06516895673483035
-0.2232235047420677,0.9487027273827157,0.03642532717462132
-0.02330006313305101,0.9599545362821869,0.036996626840748725
0.014918081805020897,0.9219959469858152,0.07447817280589925
0.039689419990114466,1.0,0.07394194369387336
-0.050550190796284145,0.9580571986681031,0.06592869629326731
0.12572957330941914,0.876150858721146,0.07487828470298599
-0.256764134391128,0.902888053896774,0.012281506458787173
-0.025762303682709167,1.0,0.06341068472109851
-0.22865881229795787,0.9596681849155434,0.09366396833512777
0.16460781449702022,0.9563513206749118,0.04272121032555075
0.08788539725677236,0.9471268070394747,0.08175105103742306
-0.2976719343940402,0.927172120080875,0.04537817264373942
-0.08392909489519845,0.9585153598977669,0.06798851986260906
-0.18374383565803606,0.9309904441207867,0.037429497707606806
0.25135619812319066,0.9762188366753739,0.05944490102402669
0.09810737993859406,0.945742737992843,0.047896244509753876
0.2379304177507704,0.9583604680311194,0.06692281116749928
0.010065791582695612,0.8892821477023339,0.048918928959097566
0.24534473262027376,0.934630005436538,0.05822286975560728
-0.042154626987374516,0.9646594404470469,0.06263239464995832
-0.01963527696357677,0.8902137402917295,0.06553388117197356
0.29378486144255134,0.9554775056648481,0.03832380395026834
-0.11123790952530238,0.9696719110466072,0.08149602144823923
-9.578661381797431,0.5678235930885902,0.6926533549858177
-0.13936329511669607,0.9354075145408198,0.03967559475805217
-0.20006497951126023,0.9562929778253783,0.054791444936378636
0.12393375429910786,0.9069161084885193,0.08276391680954207
-0.14681543863377208,0.9444450608863308,0.04347900354387021
0.1551451064347925,0.9346607594188671,0.032342964315081615
-0.2331077588144051,0.9675720976199654,0.06990698283350485
0.05534682106477138,0.9752581169598258,0.03363396992182793
0.04429332332664704,0.9194133916404154,0.046300003807331985
0.18443914401710293,0.9558468005417605,0.08822343452540181
-0.07226468714710764,0.9688355075756117,0.05832022951129584
-0.1937349227065982,0.8560242667854823,0.08691974469664275
0.030086077705446745,0.9555207881851561,0.03742366208333306
-0.04135218344147419,0.9397388592201439,0.05044581667782414
0.18981561470215905,1.0,0.07387051319804228
-0.019055717619892873,0.936561881131684,0.06550819033209813
-0.011053898049153793,0.9243367054769637,0.019460401421266125
-0.16147521554330968,0.9596278418568043,0.0658288413086914
-0.18422800172100987,0.9521908683099957,0.0435109217476706
-0.05962882434499368,1.0,0.06704806016807628
-0.04599494466355668,1.0,0.01880715626193956
0.3376352131498647,1.0,0.055017959546750365
0.270185661500877,0.9661532235012016,0.04268750843846932
0.18178224691948205,0.9892512802875324,0.03912242299831446
0.2016331086708335,0.9693055740896453,0.050297171011254325
0.025255228491929606,1.0,0.066429161627383
-0.0643513257003543,0.9491484306249116,0.05504986846863879
0.05787943239469015,0.9591753203108134,0.1123029590053283
-0.13759874973176023,0.9924940189200121,0.050621212079943266
0.09050707581892836,0.9811201697820839,0.004298088728443672
0.19883373662760473,0.9503469876884842,0.04413186986901865
-0.12761480944088793,0.9704643142553107,0.06697196457887997
0.2990744473102743,1.0,0.0266330954777897
-0.07372640287839292,0.943571323349604,0.05614085277310414
0.28015346963326326,0.9769553238277876,0.04360110167495236
-0.15345358504073514,0.9377253952359601,0.03704067557912072
-0.2078900170880308,0.9444929287633846,0.057279480164311766
-0.02991013590721686,0.9350896539168444,0.056245447598945425
-0.3003474198187235,0.9510141575321536,0.059495335268257184
-0.2709425801348497,0.9496448143861962,0.03780066192017553
0.28027194669777655,0.9861992355887507,0.07944209495711652
-0.26823858241027526,0.9369207962852013,0.06789213615906223
-0.1458116759576681,0.9674073476851034,0.07819292277648154
-0.5530255262590517,0.9559075910074408,0.01600589427884634
-0.12621867404261067,1.0,0.03197194432996113
-0.11931758292830569,0.9644904269044994,0.04647684700087233
0.10594462787151422,0.9382637179405389,0.057494714098842485
-0.235666867472072,0.9313781442664486,0.07964633917260948
-0.1424300375935514,0.9190090639847375,0.038555338157066445
0.09370498028267664,0.9559118783224676,0.044695601806678927
0.20073059812009053,0.9495299016593881,0.04889580253400767
0.13627410932873746,0.88621199443591,0.055540080288477
-0.0075833418210720874,0.9119023584664507,0.08914515088837847
-0.09915504876630335,0.9188985416474308,0.04554839241354585
0.011235844969206904,0.8997367108554934,0.05373427163639383
0.1797881706336918,0.9753566968702609,0.041869073004003554
-0.17312406411947476,0.9533884051910555,0.08143869731718258
-0.01577543116476978,0.9777991966372748,0.03907595494498162
0.2398655681771679,1.0,0.054331208240608664
-0.22293299477741388,0.9856691664791335,0.07651469892032055
-0.24044603010918286,0.9832586225253852,0.028655669650750476
-0.07405956443860777,0.9576855322299391,0.04146852964427986
12.115152601390177,0.7370100717182108,0.7377254392508423
-0.10678699018000509,0.9361596401501427,0.0743155125427965
-14.31791191356149,0.7183410999519766,1.4908189727225756
0.08265518649779792,0.9632672799544943,0.043765849011622615
-0.1043187661924744,0.9367159177805875,0.06965193062480686
0.10718109932913417,0.9918162633357134,0.07232360462925913
-5.577895063853209,0.5809804149099342,1.1051144274183808
-0.2403038428124271,0.9774030780480996,0.044053997743144876
0.0773008001817171,0.9985712947059247,0.03898587896866933
0.13223093345154685,0.9285117912930225,0.016785316813823656
0.23326190470988373,0.9443147913707558,0.05270896813589797
-0.11788241101296515,0.979868656376242,0.025044070400403053
-0.2815434648121555,0.9679584458421024,0.043612136259819856
-0.16865621586708407,0.934788330744032,0.037112963221467926
-0.010347543914491572,0.9984877626707268,0.019572090698533235
-0.19057186484442684,0.952774101470759,0.053346088461838276
-0.06791505514336481,0.9886324056344129,0.0630367733061725
-0.28680231154560354,0.9589092154681826,0.03274634093145434
0.04868789873290174,0.8944039935469841,0.041117779168380136
-0.2577427024827112,0.9362864190035668,0.0382468134700645
-0.30935962379637644,0.9611809923313158,0.03032457022628952
-0.3668196369529422,0.9416171763029397,0.040278272922269404
-0.2577486529113399,0.9833020781253641,0.05261841608851207
0.18359895698020234,0.932293343008714,0.08057879363153962
0.06498383232001276,0.9510451846495338,0.05048863911441017
0.25953684696298435,0.9789361020112325,0.03159266999810008
-0.12590145221801263,0.9665443713671416,0.03997310298926304
-0.08101837578181839,0.9477539150857895,0.057255368779860705
-0.04036072160810769,0.9513859705007874,0.030965859511164498
10.501387259797227,0.5838620699665169,1.3023310027683475
0.22488052270490708,0.964192995241391,0.0727060893255389
-0.36971047277299685,0.914062539622376,0.09123626889661811
-0.27066686134695667,0.9025496764286758,0.041929929644601335
0.04396965245045965,0.9053871680929926,0.07152899549926221
0.03636574951465662,0.8892052487126894,0.047519611667514366
-0.3440444681661238,0.9133300774888671,0.06730474855892941
0.27520826056542197,0.9571373747086442,0.03843062399768242
-0.019125527224874747,0.9699028986158249,0.0340935709612422
0.18104257732735074,0.9277687845146613,0.05953015843977995
-0.15297380609255457,0.9703597741694413,0.02825548585720227
-3.0302944480263267,0.6126007305436679,0.5902658456901632
-0.34645833273742643,0.9536245043864618,0.04690103573769458
0.19424901151868823,0.9404417445753204,0.027116295014293263
-10.961170202778494,0.573805453318983,1.109930398989991
0.2264513861691053,0.9305792009963756,0.0410703744151313
0.17819948591877294,0.9621432244239305,0.06657134699517098
-0.10115357596169348,0.9490811882010202,0.06293537015216387
-0.16216947059680273,1.0,0.047072511352396526
-0.306110593410165,0.9614162228441161,0.04783277045776628
-0.35507291876575153,0.9384560221260535,0.04789003935164211
0.23618713144006534,0.9597770148764031,0.0464331953310703
0.21186467671071374,1.0,0.04546468940265688
0.1383996569757677,0.9759625363243672,0.04158878934157542
0.32569182690215837,0.9388998048872245,0.06526532912845087
-0.19058506275454487,0.9443984198043305,0.07137418689582274
0.23613036866768194,0.9384769671747915,0.043461502482960955
-0.016026850332173707,0.9629487636852324,0.055025955034885596
-0.06820741362634891,0.93635872983034,0.046606012051048834
0.0057146864329062404,0.9149030966701727,0.051779914171012784
-0.060568037812992595,0.9848658210548117,0.08023587038926253
-0.1527595125358233,1.0,0.08708727715443235
0.0002087169557715628,0.9423492874654111,0.006458690114543128
-0.20851438443141188,0.9979619285572895,0.05144338508039836
0.24489338943947747,0.964478891145687,0.06915556478498752
-0.1926568880120506,0.9319793892687505,0.07318544495992337
-0.29661470611985247,0.9489856249054057,0.06471059831781958
0.039956721086166665,0.973997764983601,0.08234328236126329
0.37548825365509386,0.9223363499867764,0.04961764416437798
0.1333851477351756,0.9737041872503898,0.06778306719449799
0.02325757099397482,0.972048737998285,0.05837505536392426
0.0779715944592115,0.8856525046479027,0.03698531742379992
3.9923230099155362,0.7225443880651754,0.5923743892184871
6.500535466309276,0.5664840247226829,0.528818642543561
-0.01869458062319253,0.9504525188883028,0.0879526266683333
0.1738546674296234,0.9500743520363294,0.04217796816139957
-0.01719993234252122,0.9452468537428443,0.04239879186037843
0.04331796228317959,0.9566291985594298,0.06042625439962308
-0.11745383149544497,0.9139780192625527,0.05657615132540205
0.14067921765115216,0.9339861783471698,0.05148217236029029
12.868050619991696,0.5401198457819656,0.7764057943993197
-0.033575551977072265,0.9942809489435116,0.05949170238034652
0.2663645520002007,0.9245785149159473,0.030813810000881358
0.24649427074225305,0.9404036848298637,0.037400612358490584
-0.20956654453369136,0.9690842674878508,0.055728782749459985
-0.09650729937480478,1.0,0.0694200609553579
-0.06229512580917512,0.9165977353718088,0.07869590586985642
-0.34266464386738027,0.9532563421195855,0.08696207655251348
-0.2783984058893124,0.9678889203228458,0.061187848554679784
-0.04452512029530088,0.9342051834938186,0.04264855710888085
-0.20331517449243616,0.9261947040227727,0.07226724884953901
0.358259545566984,0.9806033811613329,0.02580512459032043
-0.4401216953293628,0.91744422814104,0.03447660295091713
-0.10282273799573682,0.8991716943935125,0.07141455323906931
-0.11435535908795187,0.9237863803695749,0.06063805125699615
0.25571595888130133,0.9123613779372179,0.06915405918349339
0.07992207314173141,0.9552134664296682,0.07023481060463913
-0.06212096634481298,0.969853085785925,0.07020221524973161
0.17163107777182618,0.9634041539404173,0.06312287264174456
-0.07549634938223515,0.9214707113135786,0.05874038194816943
-0.1677999900494538,0.9529668578678175,0.02647084773312062
0.024983974707220562,0.9401519952548492,0.06004009505027148
0.13256395094308981,0.9630283041947332,0.06955743699134444
0.23755215393831222,0.990873532146688,0.031234263376543007
-0.23548478872270132,0.9435503933238667,0.03950065274049172
0.16426167464190788,0.956323196670565,0.07680432998959012
-0.27415490948547483,0.9168976085898987,0.04559866038879647
-0.22875447328744547,0.9569947194626046,0.05622945801250515
-0.12123163673274312,0.9843505468084196,0.04080483519809578
-0.19125489614293445,0.9625396835349693,0.02927453372705049
-0.14838977603045608,0.9825434300599342,0.04433130163303999
0.33323782717625416,0.8968931032973178,0.0346312718783338
-0.12145470056610341,0.9591505411015043,0.04921224641565727
-0.09570083822628024,0.9794483945603482,0.08011967135177456
0.029765654379483183,0.982023129234809,0.039421857263739375
0.07428412006037889,0.969926009474996,0.030413321091553015
0.23976330707920335,0.8973665170743083,0.05414076149505063
0.15132127241424362,0.9131085456507032,0.03944509554340281
-0.568305629639925,0.9720490701784573,0.06345105293826783
-0.05301787555253215,1.0,0.055658341163963274
-0.1777336293348104,1.0,0.06238587997538493
-0.08784570314800877,0.8909393568222874,0.059879326562407034
0.11561443890232526,0.9091085582356204,0.041998676171792704
0.04214376363434063,0.9407382943050143,0.06711457044834133
-0.321848128405593,0.9896587829343068,0.002949881372617494
-0.3226314341422072,0.9375346159562691,0.06081108274567964
-0.09665223133300836,0.9654294122082635,0.06669511807554937
-0.32644565381645063,0.9554445530432394,0.03750241902936346
0.18521473012523526,0.9720692544304997,0.04259657889886103
0.26340462868509656,0.9161186103185136,0.047297057127836176
0.007250409266097834,0.9277506064164547,0.058406348172139654
6.842977165681199,0.4264059953271178,0.5704549183176832
-0.06273123584130098,0.9109453484436764,0.026055460580151603
0.14035757636595156,0.9578979670833744,0.02618488139618863
0.003815664272588288,0.97548194958411,0.03131894988816247
-0.02259497647285098,0.9722345610829644,0.07433759410196235
0.05820438924391953,0.9014985552979069,0.04792127730109805
0.033220681315007834,0.9468237099245514,0.02341474232187306
0.27822272494970396,0.8967658685314255,0.04314862239312211
0.394535099847766,0.9171482941739305,0.035104085044015465
-0.015689722288714555,0.9214296378947049,0.08083055648639187
-0.19426114324665464,0.9388624385683563,0.02944903346644558
-0.2826157494344388,0.9994479739346818,0.032047875043833315
-0.10403626625542128,0.9445811085409812,0.04781766897671709
0.13517666836002834,0.9067083261496762,0.053275872358375886
-8.751424310260436,0.7070967757787711,1.3109722264408792
-0.20334060194920078,0.9320733696752161,0.03341486068977692
0.10637074398780533,0.9754881174048418,0.03939986834474576
-0.1586222368367589,0.9427214769547926,0.06371069407758242
0.04894792107095007,0.9049224630881056,0.0718038517812265
-0.04669011311598433,0.9977950828035838,0.036954272830560936
0.1107402908015692,0.9394001973886463,0.058689889622613525
-0.0697312252481066,0.9317747359979748,0.05905223987702635
0.003679219654271012,0.964742263590699,0.04427889402974522
0.041928542487981016,0.937959304701818,0.07406818107125121
-0.22012331900395568,0.9558005479031164,0.028386102196119686
0.1023596384083509,0.9500465554412624,0.03690333718849549
0.13160041154502986,0.9775932231359898,0.031148932054594125
-0.37567580681191715,0.9172892539959066,0.034845236951592536
0.021180892148527596,0.9685976887301149,0.05699702948198373
-0.1408705029108842,0.8880372680326151,0.03864608021893947
-0.5030907529168668,0.9005434453522942,0.04513722671474213
-0.06354088033764084,0.9314791178902257,0.03837152747106089
-0.004804026075784029,0.923143639693658,0.032890370475306366
-0.10010274514436507,0.8973990476723148,0.02963828595025275
0.048256917845479,0.8817626175980894,0.06134820285653845
-0.04089494417373055,0.9798282804115388,0.014863384707208167
0.17244368878985328,0.9575691709356176,0.05673732159272186
-2.4565274258184773,0.49127142706142557,1.1950552059638757
-0.16194406169149542,0.9807108275833512,0.05699964243804954
-0.3683015232727871,0.972021762788478,0.05591087795519745
-0.01793495815139369,0.9287644326706933,0.014953317188435254
0.2053401634927101,0.917771905902157,0.02063180915965835
-0.010061109886211284,1.0,0.04278974590835581
0.20588477508189437,0.9785855523296395,0.06378859384532722
-0.06648058920788379,0.9170225821271305,0.027107055191126203
-0.3231986533996913,0.9170699376808543,0.0808604305744672
0.0011523105474419363,0.9586548873315861,0.038086990671647794
-0.13056290168703302,0.9755535126280209,0.034950727497987666
-0.2326276259419124,0.9684691965801552,0.028777607878029455
-0.09421259053593128,0.9350025042640789,0.052471921389461953
0.25274995110885956,0.982350967297871,0.07004663657710074
-0.15514164934045047,0.9674448894746792,0.05177272060237927
0.6138023476125687,0.9118173277107896,0.07204756347820652
-0.04164429088939389,0.954243371289498,0.01368139017884757
-0.018574254858055674,1.0,0.04441534292123025
-0.02525312478709109,0.9768846974565171,0.034261745857656394
0.2169643827087125,0.9495862263687707,0.006711889944659363
0.1883307744422737,0.9493647508525117,0.06084475619823524
0.7609766969573021,0.9946927457630449,0.02296943899698631
-0.09922932634670825,0.9493734104008407,0.0024206356498254825
-0.02895375189202904,0.9477537213530777,0.042569856393137324
0.2492491782698695,0.9247653180351499,0.03201205847629765
-0.19997138858970354,0.9170758956554901,0.035998032439348404
0.21450989361707784,0.9419089069110536,0.0488183219873772
0.1009143884533915,0.9446867217526629,0.07930885420972755
-0.27926806369096874,0.9047647633538085,0.028748099570562208
0.49564226978353104,0.9718510280042145,-0.0013896789489246941
-0.24573470030657787,0.9422167204057029,0.02135265500876488
-0.21752749946796862,0.9396355567893356,0.05967814158830438
-0.06519241018175441,0.9277166088443081,0.05857680447758461
0.015331135707924085,0.9922452323720773,0.0305825481411071
-0.20335631309850527,0.9752975383214296,0.04567463241615695
-0.2531467483968757,0.9549472300506827,0.0559214251903468
-0.004019896430148789,0.9499950347164627,0.07506564716301642
-0.015384864771886587,0.9744801437134528,0.03313679676056494
-0.13228358623457032,0.9735352564341289,0.05039230928821976
0.16043048568202226,0.924904717654776,0.006747697401304986
-0.015065481273811528,0.9279564067199554,0.04088294429127045
0.23746816957170333,0.9573902163004961,0.08886308552930322
0.01616967093459516,0.9017347013048402,0.06248674421811615
-0.1677264167530547,0.886710945251048,0.05156466903594878
-0.10333870229889096,1.0,0.07421762017071112
-0.02791454632156671,1.0,0.052299311486844184
0.16196976555185366,0.9603390257162527,0.0478856352883578
0.017054588023939988,0.9726853506020678,0.034471359866150963
-0.26595236028044894,0.9576240547557914,0.0812117848700214
-0.2979611245132742,0.9494696256505382,0.07263059118538162
0.2847766485251586,0.9995671609363884,0.07734094327378621
0.0018796949546663522,0.9902572397876651,0.055665638257940894
0.38311940494384783,1.0,0.06524041195035707
0.05962929915896198,0.9489319642016785,0.051705059556364084
0.123361087613836,0.9671697088586038,0.02971551897749284
0.12863081369225082,0.9244018770720394,0.04384854767362435
-0.04623715822807159,0.941423602891373,0.04846087246141485
0.17572569209809197,0.934590410068528,0.06275726664934682
-0.12970818805187453,0.9281647248046402,0.06182096302301689
0.28447361296947904,0.9146877482402938,0.023900256308865567
0.14302123395377017,0.9063525302990214,0.043838424099056215
0.02645698643034758,1.0,0.06497895808271784
-8.557372716794898,0.5371098596195081,1.1987442686281038
0.3277517038247104,0.9339195415549059,0.026274709079100414
-0.14790978529459414,0.9184295396430242,0.05006377487342686
0.12172880617641807,0.9506337248130886,0.07103887192837972
-0.031701603726835455,0.9439261760289182,0.028870834703599867
0.08744259000594003,0.9758450210102444,0.06662014052851362
-0.09917214664792785,1.0,0.08311015751183665
-0.0743358102786617,0.935015828127248,0.05117733281960778
0.14575385310267652,0.9600593018061242,0.04411033974615561
-0.023344795305061464,0.9873605013242103,0.056499444963204665
0.09198744525340523,0.936149732578971,0.05748715221771215
-0.021966640081298325,0.9680295488175066,0.03776530070852063
0.11466901421783225,1.0,0.04107792740442985
-0.2810769044950493,0.9209957972696032,0.055559694717714436
-0.13152516065200628,0.985929694599933,0.047634216996571
-0.12054778565693475,0.9527038283402056,-0.008913952071540818
-9.485837614526393,0.5432612811638982,0.7069746643139986
0.18152603953210955,0.9640496065615267,0.03887940213917866
-0.34600081879948047,0.9378961565885109,0.04646278280544272
-0.23137007521858388,0.9328017800850306,0.07690891766288394
0.02132048065978642,0.9088507749195125,0.07019148022732549
-0.28480675391902976,0.9214333730620933,0.053047551522798
0.05367015339499675,0.9690389344513164,0.051987892975347914
-0.005842931435877336,0.9387587831134363,0.04266711646020738
0.20030776720999752,1.0,0.07218026128293695
-0.1862852067354332,0.9911959408213904,0.03556171591261477
-12.35337621077391,0.5805843346472004,1.4283039188647424
-0.23195972068617282,0.9809686271410631,0.005016638235728427
0.23841387837542022,0.9263503785900046,0.029442934753809328
-0.020452156189633683,0.952554513759733,0.05201886529281401
-0.002170391197993134,0.940612734644637,0.011459299151747426
0.29248063688312315,1.0,0.03704965670433247
-0.029042604122635797,0.8969165864540813,0.07084245212162436
-0.16605641228345658,0.9150304256787914,0.03247938488819821
0.007147775480665763,0.8857247683580012,0.048645807860587566
-0.21834336366739088,0.9269928869024086,0.039286853287916396
0.058560177820544616,0.9916742417250486,0.08561124379022315
-0.30302366872795244,0.9855360538019015,0.0442780975137032
-0.1747825930558182,1.0,0.0565237525795786
0.0803205019372638,0.970070388292876,0.0844732616730825
0.07604485050839756,0.9246700191165023,0.047945716308567234
0.4780631248255407,0.9747705738287197,0.036246651096764004
0.27724748387731973,0.9601106993641949,0.03690310712203398
0.17613849846517146,0.9129504669201653,0.058993951346217786
0.12526704787479334,0.945913981290967,0.07901385951336361
0.07493554052444104,0.9545495000421457,0.03175726108084087
-0.34400562561240117,0.9626188159134643,0.04176251373261721
-0.3116477028899245,0.9002742609063911,0.024188663895912843
-0.2593891969000302,0.9461160870256657,0.0583552626843232
-0.10836967923939994,0.897326811536865,0.04944304537851726
0.4375871275369857,0.9379995781988529,0.06251609413680845
-0.04326703673935536,0.9275560425285653,0.03936224369574538
-0.35978992804900434,0.9875617819880748,0.05168620547922117
-0.04743586150419024,0.9832922599522541,0.07538226988334978
0.18814514225898832,0.9646278327806505,0.010466241249011646
-0.13458284017831396,0.9863330539481471,0.06843388691214723
-0.05659476579829592,0.9711127905045668,0.07727104884534897
-0.2488199501697336,0.9509637513255234,0.056409375235826065
0.1656153822871882,0.9279004165119225,0.04001625158464891
-0.22681845834110767,0.911599675997043,0.04768859338494981
-0.1404747921888988,0.9391904123533382,0.06590913164433214
0.3153292629494977,0.9425800018233292,0.041648161868295036
-0.20594809925849566,0.9208103412178698,0.04985110957228905
-0.33877429971379763,0.949134151798371,0.04656974455977329
-0.3647636737468013,0.9662461193504385,0.05019952204892732
0.05919678121974277,0.8668767931761432,0.020694618842444387
0.05347184359680344,0.9794063262267533,0.047398756350523
-0.5009368229850061,1.0,0.07972846862757779
-0.3475387144713853,0.9448724530212426,0.08452478423692864
0.30235361100991587,0.9131993799996059,0.052875992779732574
0.18883802168280098,0.9698017439348815,0.04170874217127363
6.540119417642733,0.6608242293823481,0.7388081687053512
-0.05680019181357964,0.9472483541477655,0.025005394339230814
-0.19674140113154345,0.931391269580838,0.05396516178873601
-0.24364532275019896,0.9528883344652594,0.029008478422883545
0.08247617482594632,0.9890779551961899,0.036652366588431254
-0.17480227886031252,0.9347799256145697,0.0508930097025462
0.5139845135291733,0.8864118932743089,0.03133458045819449
-0.2212720551858968,0.9055413154614038,0.05530509152795918
-0.4633143608303396,0.9334967044247288,0.07907956345116518
0.11736017187282928,0.9409814419021331,0.038309761761289654
0.06334846764155602,0.9616158466890603,0.05712005798101779
0.2832679355677705,0.9915308422091225,0.05411298009142238
0.0844770294597204,0.9147960136974016,0.035069129525656446
0.004243314675019155,0.9483993786371843,0.06966490958154581
-6.582018441712496,0.6429187117610702,1.3291210333638896
-0.22928170857356633,0.9568172546241441,0.04168154844009251
0.011177564453038493,0.9425149955128029,0.04380591998811964
-0.0008389407707401632,0.9742902166763626,0.06056782183777201
0.03039575470270871,0.9472709286939591,0.06152379737917862
-0.26742141691345117,0.9789604928634299,0.06046900649111689
0.09161210103693986,0.9552342543872583,0.049751788468442595
-0.08627207672548079,1.0,0.0389330543246504
-0.42992350768516313,0.9453258518727544,0.03446554013745777
-0.16196404097125952,0.9557483807289463,0.025522882509349684
-0.4309673940917998,0.999449195209546,0.04295243538534607
0.24430029970205386,0.9327304394907586,0.02832448857118244
0.022910349359192814,0.982949055142535,0.0625177589766405
0.11933747278462624,0.9662801745118244,0.057738248662634294
-0.2593778771476286,0.9897597926133724,0.03790368512798826
-0.18403030423860514,0.9192410103545555,0.028422282619370593
0.06173276248672534,0.9926395176487657,0.10036391856870475
0.14633904020737712,0.9481879364084044,0.04013034994894563
0.2616799091091015,0.9370109008950963,0.07628507548875371
-0.03401405907729452,0.9475069014843138,0.014067199333664127
-0.38770220916695874,0.920659806536925,0.0296734675993032
-0.05201580229961339,1.0,0.07372919691531948
0.383532065585798,0.960156847590376,0.041608719766123535
0.14753764799808924,0.9225098066470443,0.05628593935480415
-0.0419672084714553,0.9562618141751991,0.038471562963731866
0.1854859205622955,0.9744694335314629,0.05283339500841748
-0.07140042886303546,0.9582863138867539,0.018514734585391435
0.02054002444277995,0.9204744062967477,0.04943861880757677
0.04460933740161867,0.9437669096156441,0.06499257591632064
-0.1023196392529921,0.9562358543187682,0.0603424684188896
-0.08056374893889179,0.8896791051948411,0.05463716029756552
-0.17590640366806598,0.9362650620143631,0.015979827656237282
-0.10760443714667739,0.9308316266769058,0.027013734591186955
-0.3214651185046687,0.9983924391901584,0.06340397593662907
0.2852541244844067,0.956980756478646,0.04860513598515664
0.17788731732408677,0.8674538083465528,0.05038704732721214
0.19423355808205184,0.9273149420128698,0.0575954415085976
0.07166011894080142,0.9117576619714268,0.08233990883473746
-0.1933346300610391,0.9325284013393511,0.04753637005988111
0.06890433933835588,0.9513870066638568,0.03919346597735644
2.538165950327463,0.7823234397709696,1.2244720157050675
0.0521688915369411,0.9286261248810503,0.0682620056340524
-0.3494677666244533,0.9443840522490701,0.06519226104256155
0.21932255913956006,0.9841384021128835,0.057451290639183784
0.7118548816810208,0.9540284167741162,0.047143432270900974
-0.20756403428261483,0.9837840799741222,0.08348443390496632
0.09348052761887136,0.9234910537680809,0.049078540291176614
-0.3025483323529772,0.94806652073477,0.08056128405436064
-11.535716674263044,0.45470025614563714,1.4488291657255536
-0.2540360903884444,0.9227785496839466,0.06723283082748827
-0.5289069110895656,0.9362290015344699,0.10229107294454545
0.24267378636285486,0.9400568494402535,0.003411271279184433
0.008377736120229339,0.9601517614732309,0.035838747003530985
-0.12420550997353992,0.9301851967906289,0.05326102905375603
0.056763267450565646,1.0,0.05493222632986701
0.03509229759530929,1.0,0.04594698963830595
0.3112610629522048,0.9111374216363054,0.039969991040346146
0.2082627006654513,0.9245523999291467,0.043969449140133406
-0.33181486004199096,1.0,0.047893175029255795
0.16694128016002946,0.9248561709188892,0.08638313403593736
0.010976133795494064,0.9736243740175163,0.028832877011544838
0.037092725687145826,0.9513375759362354,0.0605186918627023
-0.03821058498824911,0.9774806300942991,0.022762969417022983
0.07286180327184931,0.8839433505699827,0.0524438657395451
0.26207653712544104,0.9622523228705979,0.04788698297023572
-0.09876145049743548,0.9818724523786174,0.06216741502518955
0.18571996559867038,0.9743070475511243,0.04149402568842794
-0.04057226220632185,0.9371025553754443,0.05981513392422231
-0.04289378220416079,0.9187020185246787,0.08019895685194127
-0.13116198599423232,0.9585509158805291,0.056236417418269846
0.25239154886815074,0.9183935130853722,0.00472679060507418
-0.22310303912186644,0.935778857501635,0.041251328581059586
-0.05707613321927957,1.0,0.05260900109298037
-0.24705141947490336,0.9428658077152189,0.0449815137618602
0.2682595439003341,0.9264432542222808,0.048181787366468797
-0.05754043530564715,0.9745725758208652,0.05838108106900163
0.010554202509258145,0.9379468032722796,0.053525560272062414
0.2669606393799836,0.9262403308172529,0.04783815856969629
0.001594727772117962,0.9452572127935108,0.0213309858642364
0.3158773011447372,0.9270673812027913,0.06418250888428939
0.15177141351123583,0.9624486451026628,0.02099162620412668
0.005802123486540367,0.9128956318563219,0.05845005921856796
0.08186460281573815,0.8975367728152716,0.05819573130695263
-0.11375047315042477,0.9734337005777749,0.02507611083966873
0.0007335639374684509,0.9207148406191032,0.0771503410714975
0.21735062023657617,0.9655357060366013,0.056236370098618205
0.06639118546193971,0.9526058310005571,0.06721421842628243
0.025830204651896206,0.9639275617127993,0.045867427672930464
-0.2767840496885754,1.0,0.08641913692388441
0.06999109179182088,0.9878751501146666,0.04349634421346409
-5.296101152735407,0.4448511463450956,1.3798754355517369
-0.042407776064823925,0.9720085668246919,0.04691085227276429
-0.11876219094186478,0.9592479133005198,0.04482881721743046
0.10138040057935563,0.9190351199898772,0.06053694412166322
-0.005537991583276925,0.9477385446222711,0.06145483782189364
0.003244537307375773,0.9237314099931535,0.06403961746420524
-2.4363336554818438,0.490021919543665,0.5677679140895399
0.15789280528436717,0.9063795964561532,0.061402007427956
-0.40084645560313836,1.0,0.05798196693396262
-0.006783237488153845,0.9366797332526691,0.039340753982698914
-0.139176058038134,0.9439487057198221,0.08679613333333427
-0.10296478728509545,0.9556627906426043,0.044757378525498395
-0.3852526913481238,0.8686359399035504,0.05680052501779846
0.2380647910431114,0.9339337823457607,0.036483497587477265
0.033861462991502084,0.9471988042033759,0.07024164598842284
-0.14323543491629429,0.9213066505585829,0.05087439102811352
-0.10971223226472493,0.9037944440061261,0.02590850840550777
-14.6981345289923,0.5084287334805553,0.90304507269361
-0.04652766768845247,0.9630407773394042,0.05528682456584687
-5.093137460165527,0.5482985987487781,0.5835862264025006
0.13957530576373212,0.9501254052343949,0.0456544834676111
0.06486114441785588,0.9933861021349728,0.03954105437225783
-7.12564032932693,0.7696167180388281,1.013994482005947
0.13274840011319858,0.9145980377309679,0.053924446514983945
-0.1060292241746203,0.9120066007225521,0.04363228479161507
0.07605012892757337,0.9492742544077982,0.04039628004058472
-0.03763744933283583,0.9621117571552351,0.05674693547258978
-0.1529238391585802,0.944640161090308,0.04754648462194599
-0.03197050398454528,0.9789739585872709,0.04699331580269948
-0.12227684440195585,0.966293082261365,0.0151878259405962
0.1259340394935835,1.0,0.030865714760021333
-0.00020388212063255002,0.9655038926472598,0.03600491432361916
0.24951350357246393,0.9278406932530565,0.039865010455053765
-0.26312176302572926,0.9116403220205387,0.05325530597659524
0.1636501896321072,0.9363553078376546,0.047960092466574754
0.13063490637430328,0.9017689386284495,0.0260754175409028
0.09767501904228681,0.9216050850939479,0.06189096594594673
-0.2881753737217357,0.9418763447861885,0.02673329534654048
0.06769655055327044,0.9446579525019706,0.05645610035545338
-0.14510963090389112,0.9516204063258423,0.046642023333797016
0.36720369348714405,1.0,0.07001878977068682
0.05393794209024072,0.9408616083665319,0.024177557841763793
0.20460144825204674,0.9086274916602297,0.0767747058469483
0.0021295486329521818,0.9305243860011558,0.049291472326348555
0.17682989713568162,0.9482549570191653,0.0458938596155259
-0.0490406067816663,0.9349924487607354,0.030648198578145158
0.2640473271605563,0.9625744367730733,0.06600083107576422
0.21002179611503405,0.931285071479779,0.04981973287989928
-0.09776350998261758,0.9768256478845712,0.048710745421914836
0.1277934480015717,0.9960997586741105,0.05173895085855491
0.21320893505056437,0.9258171333344185,0.09609373523285719
-5.677534052813389,0.4985437576427878,1.3114916308623323
-0.4299285257263053,0.9694268178553536,0.06305814304932456
-0.06963676901672643,0.8616827115392874,0.076027942334997
0.24253854888359516,0.9387236687465252,0.04426814965440239
-0.10175047189352489,0.9143004430070333,0.075345780640166
-0.18355788579955498,0.9718930088576788,0.1075355388261261
0.03684082437966852,0.9735562093837367,0.08676004763955686
-0.08093943470381101,0.9148281449780701,0.0667079538223587
0.4470703537895422,0.9801574278150597,0.05122036101273259
0.05158469469832411,0.898892372356888,0.03813947209235746
-0.06459905788431075,0.9668069531130443,0.0056234633467966075
0.15553744988340842,0.9220649532499993,0.04580011142318351
-0.2340770019628136,0.9642106466620456,0.06143252892202603
0.10527156965365803,0.956623642073357,0.032473806769163845
-0.2131618129321562,0.954803982565867,0.03632060713035416
0.08699178658535686,0.8897101627336296,0.035450239453448884
-0.07118192000894817,0.955561604420949,0.01282874273029392
0.4016001573542136,0.9737041403514802,0.0158746425871377
-0.2580377030543234,0.8856918208891571,0.06852870296097698
-0.043356462161137775,0.9383365667369954,0.054435976438538536
0.10466551912886268,0.9622966570764908,0.046048787076125
-0.03549360693209172,0.9173317170070182,0.04563246418426205
-0.05946956904906368,0.9296913116739226,0.08378079877020825
0.12205094812606954,0.9407978106217924,0.06935413819883261
0.3664192597866254,0.9115934127811631,0.08072440405813372
-0.12005280835983712,0.9684354081663991,0.06197806727726578
-0.04521228651091806,0.9469707734428047,0.017681697582098026
0.09008768998416583,0.9741944699608175,0.07769123580772225
-0.15180706399848276,0.9240115834526007,0.03313550147936928
0.14928880579116818,0.990301952894877,0.02488219183058843
-0.07957147611085578,0.918959987773881,0.03812169321160522
-0.24856105985346325,0.901871349049489,0.02592162450721142
-0.07140301813635294,0.9618429968802291,0.026859788454333497
-0.1486109468225171,0.9642713734183208,0.033649895204591995
-0.4864982853158571,0.927740694284733,0.03608272300113573
-0.1069961951613903,0.9579175724803913,0.029089438560650074
0.3287951090579908,0.9295799310049315,0.012620899284396421
-0.10638760577514553,0.9637578221527466,0.06623819729209074
-0.4035463532543009,1.0,0.04821745487109376
0.2005317851885726,0.9255889878733761,0.012829797282477969
4.792477371673765,0.6989641017180894,0.9043340409022405
0.08429084502597078,0.9806484948816252,0.08198129834749375
0.09077812281069997,0.9569896364401226,0.013254350417609105
0.2961417108119978,0.9593012633634876,0.018428424178684996
-0.08401279151898872,0.9828191434677499,0.06610049078990993
0.06146130965742816,0.9567783992471577,0.05097256179910341
0.04254453236110584,0.888942024751137,0.064607458822561
-0.009796470565877586,0.8972538458964984,0.0493418241715071
0.20767682645674912,0.9770718799087594,0.05016621428401365
0.19007556985808122,1.0,0.037726261592777505
0.07224249028793188,0.973569555143054,0.052408181537111936
0.47327812873282604,0.9619922937747044,0.08181831568419959
0.029316098833301246,0.9498245092125271,0.05101050397472763
-0.03077144551997282,0.9833614328218864,0.04543092809760562
-0.08251844515722423,0.8920855568498576,0.04512614053804288
-0.20812668821143143,0.9278692157027172,0.046276121373209744
0.16599557659813208,0.9673551978174941,0.03912781284656108
0.13515397725909925,0.9140369626703536,0.048708312775370674
0.17311418909388154,0.9542578130639848,0.055530512552947484
-0.21470117496342278,0.9469687785599151,0.05295899923867861
0.3240791774342745,0.9597152440670791,0.05384751764628653
0.182855410321002,0.9073603268050338,0.04843954368769165
0.16184498161330085,0.9437064651091909,0.05641407278872199
0.035748121260775576,0.9185824381651959,0.020528726167058878
-0.340930890673256,0.9458395871390274,0.04433164227578356
-0.36493392134816416,0.9273177820426138,0.06515031709943829
-0.2700560493265075,0.9568990030189147,0.04923266891591036
0.2210655958902794,0.9559904457103794,0.06586002486707666
-0.07850175327417824,0.9311647080745643,0.06787153633516231
-0.19353202353882154,0.9345612370780817,0.0404800157964531
-0.18553312807777322,0.905022320999385,0.02490641047444064
-0.02378898091734137,0.9502235060472506,0.0358687774382072
-0.1807613319764494,0.928953691223,0.02470525939238175
0.3547043196644658,0.8880277360776224,0.06916271035836202
-0.00404967955622206,0.8976733304087475,0.06429372817262236
0.49727406769739785,0.978424135505793,0.04549202235981639
0.4970424010621479,0.9121706512048261,0.04257724657539739
0.23590590815468704,0.8655761556464596,0.06570377943401283
-0.036020987512229506,1.0,0.06832923712196938
-0.1373298432720079,0.9303348263850002,0.045229689164250665
-0.36956285061926675,0.9667911711710385,0.06318927460307959
-0.24046345186374907,0.920062773166316,0.037831473653137104
0.11727686748987859,0.8798413757935639,0.07439517134703977
6.06819299124457,0.5161573988682672,1.024128707359457
-6.159366343603715,0.7436020325682111,0.6550700438975368
0.05858402261931997,0.9558129213801877,0.07212573793995963
-0.08111423311334784,0.9629573795719989,0.026394239634589936
0.15179625047206458,0.9698923197307172,0.07249221946229845
0.3875373186943814,0.9995751935156513,0.06405299979057837
-0.024442850074327616,0.9566078190455144,0.030534461311495842
0.15882927167457803,0.9653198695748652,0.0451014079806783
0.22035998024212922,0.9700007184064775,0.06976970801809888
0.1921934006265688,0.9676499695483872,0.021628601773243324
-0.003023781968747195,0.9292950222269907,0.10103976027615306
-0.4381395538865818,0.9541881088350013,0.032915321290832994
-0.1880441804554307,0.9662108299323819,0.04615348601531182
0.2133170791308616,0.9415758790536126,0.035627650240235745
0.4580495009534502,0.959038156490334,0.08938297754100677
-0.14657002939266203,0.9618529206074184,0.07019129457184681
0.1758440682621862,0.9608197542572032,0.04299753837657759
-0.0061951855719231605,0.9263412347695255,0.07351398215592253
-0.4139097681820458,0.9454572658994106,0.024284719521901057
14.096020430720937,0.7714988156449861,1.3689593190870184
0.25096015187579496,0.915268346988414,0.03134443616035179
-0.1317473635163997,0.9730193939496187,0.03756876063054476
0.17930386567702905,0.9612835503580532,0.08537420473542354
-0.12064253910614975,0.9246281656359995,0.08598918446033785
0.35196062177494614,0.9411662862537804,0.017637947868694423
0.0646332389249724,0.9720494498195615,0.059932355040472174
0.001303548378554128,0.9408603578866848,0.013662505406733166
0.24522250392790493,0.9345359934344931,0.05304563574446346
0.09102515895068175,0.9919519491749651,0.054103872625052014
-0.4903157661072002,0.9374153271885518,0.03919017502377599
-0.024421572099519954,0.9163008303542471,0.1011999588477355
0.05070269583872036,0.9449592881460562,0.03454276457773686
0.08673738064366948,0.9443885243314234,0.08847543670934474
-0.006226058322039249,0.8952950542224346,0.07896738628902544
-0.09792721884552429,0.9409645533312093,0.03971163221896802
0.19764089948271776,0.9389545069449151,0.04642715223173912
-0.22690091511176194,0.9675927103715609,0.06632860923794653
-0.3044753596431974,0.9535560632040148,0.004405194526638179
-0.26589042602968566,0.9461964299244505,0.04951738939947996
-0.3199296517689386,0.8957765535505626,0.0411279586826731
0.15893876154144648,0.9043276863780079,0.06654565670819854
0.25085705727227814,1.0,0.04561326950324662
0.2833694062554168,0.8968049959815985,0.061854619443691965
0.03704826598787065,0.9863192025265703,0.05937380614488509
-0.5646092426670348,0.9704163726048447,0.02040215554100641
-0.08888332365109791,0.9430128102998048,0.05560527115928031
-0.09954906021416529,1.0,0.03681277765326379
-7.263001699739116,0.6987669196397304,1.2225303908359533
0.09098860122683795,0.9213708902485126,0.04880068177935049
0.029983217524213002,0.9564726284636059,0.05717710331346902
0.06509692161297574,0.9262085470528049,0.0655650539734799
0.10298271909909787,0.9644262012588831,0.050286105142287735
0.07233432437830555,0.953830068141617,0.03275739116506077
0.10300144679214943,0.9528445024899725,0.038107740265291457
-0.2268995855159285,0.951620458960304,0.04613707988652519
-0.0222003835530815,0.9868931874487505,0.07986324379463747
-0.22192962368965452,0.983496718566015,0.04961572887956366
0.44195013678813355,0.9776945234943755,0.06900788296565041
-0.28121468047922366,0.9683946134505989,0.047701332612769515
0.035503526414244764,0.95991163570135,0.06877629279897879
-0.3675459759665073,0.9738167936722745,0.06579090085784373
0.09263273932010396,0.929046735081278,0.012198009795228545
0.1294894033740198,0.9378692378848538,0.04877061179529016
-0.21882785231180907,0.9014134021336581,0.06468552397322808
0.07972348175813719,0.9262760978753873,0.01880430217807198
-0.32391509380325845,0.9357321280897567,0.06530168282769186
0.009346566312448143,0.9474473506826175,0.07094161181639905
-0.11376626957473952,0.9699608063965118,0.01042129539269751
-0.017811295101432822,0.9043476769507397,0.06335867108869464
0.30580867618376906,0.9757659868466264,0.07520345020396005
0.3862266194092923,0.9698913715678172,0.049133690253721156
0.0674854392489485,0.9933610413633778,0.044225460596505964
0.07354825031874095,0.9489494865701622,0.03253493823228164
0.09346877338177376,0.9645620698460929,0.03198266115684135
-0.3379865841869917,0.9551716902925009,0.04636627220400505
-0.38768436970974945,0.9889975553719338,0.047047684863948655
-5.6941335577178425,0.48002847419077693,0.7318631640910768
-0.047120945666477565,0.9630490501608396,0.028826540959369165
0.05170323656658369,0.9133083667732648,0.02672061700183618
-0.013886145325000022,0.9473399092961116,0.03701454053944041
0.10671672617874668,0.9097228734138297,0.08025847831581151
0.18301225565157941,0.9331258826124788,0.07070176999486291
-0.1206331496639608,0.9410930543809817,0.06988207812474855
-0.19463815370313975,0.9166517090693886,0.005902502134764939
0.06366991500255924,1.0,0.08108610027295458
0.11734794075368489,0.9610335351358522,0.007907659426749154
0.34945246300083804,0.9759037639600313,0.06274841923108626
-6.805375678679524,0.6632670001841237,1.468610541699625
-0.10311436625363944,0.8537848290629279,0.049630354374848897
-0.020304174983092504,0.9055456458704756,0.01582352869766744
0.1935015109809347,0.9361175998796663,0.044611712496062134
-0.15602394866692748,0.8964991328367435,0.041443802529532364
-0.6270967012380624,0.916256376139652,0.04804156854547311
0.325124379617836,0.9671640238330436,0.033470789354704655
0.09887628044783715,0.9498059718729518,0.06341991273337981
0.07248285393237994,0.9618119709396807,0.01811455104127902
-0.20686355797689757,0.9341644097926035,0.04774442642817161
-0.35826896965716754,0.9462790669558132,0.05217114908436505
0.4479735331629444,0.9801103412331704,0.06940858918268192
0.2598964655736457,0.9350323764663293,0.06478967523561571
0.05958865566345944,0.973508452327889,0.05255325404936609
0.3401876325615193,0.9673464103277778,0.058624392251405366
0.19802862395851414,0.9830219437114104,0.013938703959336662
0.06939301202038319,0.944772802645972,0.03753299072601407
0.07936765674543565,0.9689870326042442,0.08305648298421572
0.05578316919960985,0.9738812210314569,0.07431106869807393
-9.494076789780742,0.5233390147862935,1.2088273856128278
0.29913886452962063,0.9874989649624547,0.049812130765845175
-0.1618889778889243,0.9272405642254302,0.050482598804208016
-0.0015563821058680147,0.9676401122411621,0.07211002475576556
0.015851597963182067,0.9358274184231961,0.02988646726489493
0.20303709114252963,0.9525214799322776,0.06823523204338411
-0.11870263902362231,0.9322679267218579,0.04870823954729497
-0.39926219417670666,0.9408582753432495,0.047591722326304944
0.1087563735212761,0.9278572096559191,0.06454469107785687
0.05023056683792831,0.908600584454135,0.002350525108740592
0.03985168217391918,0.8924764234433071,0.06062110688356022
0.04093618852557545,1.0,0.03325004790244328
0.2941707492136487,0.9244529262878631,0.001024048744327391
-0.33049428810221826,0.9615783067034357,0.03099302723480339
0.023014587774389892,0.9032702458254198,0.057273274709903
0.06255516047283453,0.9785566626645278,0.08435222714679391
-0.19071595769565527,0.916590274074849,0.047318674679430996
-0.1647715325126621,0.9689449066543452,0.06076873778169275
-0.3494590981070629,0.8903356434254384,0.04176746958467823
-0.25577983828738804,0.9309965689498624,0.032220111641418574
0.2913542513656484,0.9614550780337174,0.03107656676703089
0.23118725766735737,0.9807552089747933,0.036859383325940034
0.1046334353761203,0.89209521251458,0.009471884468309204
0.0378842552361825,0.9759341539174857,0.043689727537940204
-0.15373641569111704,0.952338719974268,0.02169297136711994
-0.011616405039716907,0.9187921613263735,0.06455880676158293
0.10440678405419697,0.9702535644543074,0.06889347060781349
0.2136663351451869,0.9379062710164723,0.06973564692228433
0.023155981124163883,0.9365616747223096,0.012894361505545564
-0.3336071092064404,0.9559266393805905,0.03682939893453668
0.03256759580508824,0.9655878750224343,0.046067281072003356
0.03397556487133312,0.9537500724313024,0.09228712138053714
-0.02704600092194196,0.964597179331241,0.06008123207514636
0.2586164217442369,0.9683988797003701,0.03410326939994275
-0.05337404108244142,0.9820623800637898,0.04336605582090721
0.20008203618254894,0.9184807238600249,0.03859936259945675
0.028786815741876737,0.9648380674750731,0.04263319555653424
0.15222604042489987,0.9077300426589379,0.06029023497002979
0.09297761178424656,0.9550386921619763,0.0638433285338074
-0.2620686512874195,0.9572835855338052,0.033266913541526576
-0.0051351868758153715,0.9167685453004973,0.061571203194573765
-0.3367773321469487,0.8876992332187361,0.021585866968159003
-0.049027813481682884,0.9339881357077219,0.028538858000181987
0.18509108666439084,0.9899577089503007,0.08120099490857785
0.06973732403415472,0.9468917268777632,0.05712517255305188
-0.07453930043334271,0.9862103461914496,0.06087984475224876
-0.3321011574195322,0.922102503690011,0.05474649203407621
0.1813458471430902,0.908753731910462,0.046260674843922614
-0.020971420696744736,0.9521568900444685,0.0766073892387139
0.14092722428483936,0.9228957369549489,0.03533143360759197
0.058903094835745066,0.9362804271564954,0.03459662946719796
0.46776985858791637,0.914766013241892,0.06541158915848201
-0.13259824269721482,0.940648330379852,0.06650442350901602
-0.1049485963006716,0.9802142477886052,0.06159673396741995
0.11291680007634322,0.9985226519627481,0.07164038823685082
6.122334737731701,0.5283978225377352,1.0856158589999763
0.052751082709058456,1.0,0.032530938739276594
-0.08353001212928113,0.967135369600167,0.029996037985094176
-0.3187682972587036,0.9164051695462974,0.07277365212641504
-0.08481005223909445,0.9308558741470346,0.029855580876743455
0.023411883706492095,0.9514397235397243,0.004761252474604967
-0.3046973462864144,0.9239613309285455,0.08829024761215962
-0.18769882503428822,0.9372408261642332,0.031171040679361245
0.2363103532047194,0.9649767505342864,0.025583994928012638
-0.11300085200901624,1.0,0.04248140604274603
0.08364959079295702,0.923490670237663,0.0454498165221163
-0.2050245879309024,0.9170827992782095,0.06150055092587324
-0.2731637551668867,0.9564564983137525,0.11572629113077307
0.026033120775497777,1.0,0.07630709467353225
-0.02637630559042689,0.9720262255825053,0.05337968248329871
0.03477485158947631,1.0,0.061777987972611303
0.1223679244504903,0.9363518978100582,0.06420001996476465
-0.14855476723403185,0.9683716348765321,0.02312985151344512
-0.16512228043803484,0.8884724443866482,0.04478083014932178
-0.0011033604527772474,0.9169758593963392,0.04559269193531842
-7.129994993872411,0.4667435320615456,0.7667044492347597
0.10127543997982583,0.9255070986952385,0.060847633359562725
-12.350295434170516,0.5904077514165161,1.3316397531994393
0.1075177044934058,0.9918081136222399,0.05717552487448507
-0.004313645878039733,0.9596760687547405,0.04592112392268411
-0.03857838505993795,0.959669537569027,0.016897674147349356
0.34696098461251856,0.9858206658653177,0.04182372620897723
0.039985725164632224,0.984070749041987,0.05307942930403493
0.3242203123565941,0.9537230059293215,0.081218090698411
0.10364686524176492,0.9795980627138832,0.040231235870237976
0.20418356393103362,0.9094984480203048,0.0660729393345079
0.27203738908358954,0.9181801534680541,0.07393630573859536
-0.22328394054454415,0.9743847024359832,0.05493733627407178
-0.1986985993913697,0.9448226319458523,0.04252641762338122
0.008926675016703472,0.961469514154592,0.04809767636109526
-0.09155887629169598,0.9899879555735673,0.04604123627244959
0.2290805665829122,0.9369386507601206,0.086324357808884
-0.24702138812829838,0.9270849515065014,0.047745687834268066
0.38521688455606495,0.9409569959490347,0.059401150058848794
0.10228986664345947,0.929415585677409,0.025263869240080408
-0.30541468694074514,0.9572009520780339,0.05619795604856441
0.05186018872145474,0.9558729345827398,0.024326865217212886
3.0815445790594325,0.7175200585426513,0.8395695900369444
-0.22261689560360043,0.9405571735679771,0.05957638701581097
-0.07837624142363811,0.9699415992110364,0.03569290826883821
-0.1279658538408229,0.9404034921807919,0.028971653893624147
0.06399214053521254,0.9491831889223745,0.037512771541344574
0.07461583895467767,0.9267897429943052,0.06346062389510487
-0.4372667457719799,0.9379682798847215,0.057630947309182105
-0.4203999212789635,0.9535470666073548,0.0791706078078882
-0.3279667939206567,0.8967137057609432,0.04829450005094178
-0.1810416903447253,0.9660136165528371,0.05977786458192062
0.3671093592307051,0.9653831329777963,0.033528421566994
0.05700851947577965,0.943067045206167,0.06484244221815999
-0.12166405762462924,0.9888478194900457,0.045079963696871735
0.0524728323919583,0.9414413183495683,0.030098450413822204
0.32265576304329596,0.9296697466802091,0.052477214395207174
14.490323029597956,0.431188304560298,1.4180590808908193
0.09091671850818829,0.9685276801112327,0.05556026080388835
-0.2156728128124935,0.9634643356856315,0.03380465620167976
-0.03571861939321969,0.9370909108017639,0.05936465318833984
0.22994040534423377,0.9747606708676285,0.04960568997921807
0.0948930040727048,0.9165500436973979,0.060707217692927855
0.27005241877945846,0.9744555255386255,0.03693232908081061
0.0662115168796689,0.9458618606380811,0.06814762100094679
0.03409195938250909,0.9195936236979642,0.0758717320825958
0.30452668892808094,0.9398791405444709,0.09574170884383347
0.026370767049653257,0.9221811323881729,0.023904323740774888
-0.27691572380628865,0.940705450511735,0.012201812800215775
-0.2654967804666501,0.9537660183519231,0.06214419821168427
0.02630463909144956,0.9450066085442491,0.041844278167690256
-0.43677095906978747,0.909666492164685,0.06357842028822709
0.08683749517717954,0.9167317780022852,0.03614590018179989
-0.4372953796403527,0.9913438770402088,0.053387596467755434
0.09151337537675877,0.9346472495204295,0.02359139257819076
0.05106700326484745,0.9647086393166169,0.020344372108986798
0.24276146025490078,0.9087599412421812,0.03140915454977754
0.02511877788112254,0.922200105881344,0.05330693495675229
0.14789487569588936,0.9649486602439555,0.015048412166219917
0.6207728858142696,0.9949968745248169,0.08388937768496038
0.05464055999805709,0.9244574473827827,0.03594784386896289
-0.28858603705260183,0.8892072852453506,0.05766284737122696
0.20867206675849925,0.9520567676902573,0.027007839150644555
-0.14405135612198997,0.9952371970334437,0.027417685585917412
-0.006530502105613765,0.9507571491180234,0.07724615437357489
-0.15836059268116187,1.0,0.07072586608166319
0.1581646733501027,0.9555687619910367,0.053991089011656654
0.3517752597717476,0.9716377320606601,0.016401669658422408
0.26772732422361506,0.8921075885090448,0.0344555356235787
0.13260712998656668,0.9827525660123254,0.09799952018970463
0.3812422033206802,0.9461117109933728,0.06548598972535533
-0.31259080224872027,0.9122710915144335,0.021352187737675162
0.06079183186249603,0.8909972387190583,0.04407366381064009
7.547911649665783,0.4029663607454305,1.3594208668199046
-0.3302674841938576,0.9480972499519545,0.028568977218092616
0.06468497915017783,0.942540888064488,0.051389754441652086
-0.43713515645965545,1.0,0.03661749032170551
0.20827844950778537,0.9689958047077908,0.051966921998105174
-0.030079633531503638,0.9183869524927373,0.04718494901047062
0.10082746053027541,0.9600718365174411,0.05603725331938464
-0.04401937825721045,0.901120114672586,0.05928111996444751
-0.02166093979684273,0.9639208038815097,0.06657487290143416
0.19953155219021465,0.9931666769372577,0.05034269454445637
-0.04049164738320315,0.927623053679796,0.06558395364133685
-0.31235119318925597,0.9400435590089382,0.03455360174750277
0.15128110694985475,0.9496651142024731,0.056482830469159806
0.014709373088223832,0.925287265612888,0.08537818023636431
-0.1082065911689792,0.9551074700132224,0.022538742533947057
0.3895527727484636,0.9521737160851421,0.06427066744210988
-0.2902242326652575,0.919920295674456,0.07466220520842246
0.1330493717450841,0.9218975133600331,0.05262567201870472
-0.1797957796205673,0.959264441371681,0.047857582164731065
-0.06087531275159263,0.9058515116415558,0.07535154699488972
-0.04832694868552492,0.9726704157381558,0.0657028159715086
-0.06989479029093894,0.9402337931700181,0.06257594435255467
0.37354115930849763,0.9473627332365603,0.03547895497864837
0.4336823321112229,1.0,0.07244665321104221
-0.25040978121653773,0.9977893550386695,0.0581432558065781
-7.1017841087559415,0.7666283282093271,1.485351402295553
0.06233627710034128,0.943896289290402,0.04760834658177977
-0.07811641846110114,0.9159897908262471,0.03683265655433965
-0.19270030553329112,0.9191374030564443,0.05520289110571031
0.03972703006335405,0.9709743075388019,0.05135364303056662
0.16190249890085998,0.9327309384833447,0.052838848650378946
0.08581227210004355,0.9542212696698418,0.03735931978156036
0.3635335641367488,0.9652478136019005,0.0661877267923844
-0.13829954133168612,0.9348941669072742,0.045192945855032925
-0.21624782534915396,0.9594592245275917,0.06703007172459935
-0.11019006684839289,0.9501481408704426,0.04124010595579876
-0.18049169846874819,0.8975670808558343,0.055005224475888
0.14995379696102626,0.988953965937564,0.037143531612129736
-0.036672158308945345,0.8982003490793781,0.054784230713893885
0.07537279356558449,0.9534912326523106,0.04709055913368496
-14.487429087205955,0.7783166427484691,1.0127041065466897
0.25836717497752837,0.9613829862554677,0.02949415343939585
0.20151678976005868,0.945474996505758,0.06592539002856238
0.12123759964235066,0.9565660652323104,0.07746096276109082
-0.18628943569611867,0.974975438518674,0.06111653273540237
-0.23780751007956288,0.9446045190384662,0.08480662768863335
-0.04248971160699406,0.927746212572983,0.04810875007567223
-0.16192681696581993,0.9133063918536285,0.04631599321575706
-0.06627907183020691,0.9868847626844431,0.0712007550654334
0.0035059893376701307,0.9387712722028874,0.03466881332128169
-0.2213530042519216,0.9607984274512257,0.052929313306465844
-14.762396834637192,0.6766537131439465,1.4852799746042722
0.20668670423314484,0.960357573721478,0.03554729884180436
-0.5038470919785993,0.9004507867295224,0.055375938128559454
-0.1354298315290012,0.9309667108170037,0.035927286497968385
0.04121527313340989,0.9645562574688209,0.05135158972417286
-0.027340162465555692,0.9368181886210222,0.04493200210390169
0.20818651055986473,0.9160770717230555,0.04977992926586652
0.1929439432158086,0.9070705031866921,0.04351902626185017
-0.17340388717880637,0.9659763264184063,0.042898225897674606
-0.2599223279368537,0.9537899722259285,0.06562984160115837
0.014527264404782773,1.0,0.03159441334178241
0.3668022427787653,0.8973653901542038,0.06907727613066034
0.15082917077712624,0.9806957778642581,0.07138161881729715
-0.13364643252806477,0.9718036216388101,0.02738421937675007
-0.3861776954618041,0.9633669686148337,0.04271166584200361
-0.1250992092969168,0.9642886155712328,0.0714984457563063
-0.10034323372727803,0.967932291628867,0.04919265419641909
-0.1226813725294123,0.9548945501300253,0.027301132838606683
0.00027600930118681997,0.9517325283463274,0.03719128152768447
-0.040361609585439294,0.9981974996031217,0.06530992884691686
-0.008863273143925226,0.9417813012075319,0.016527352514241707
0.014666771365214486,0.951599589052438,0.060313951973220356
0.17103504263075442,0.9741916346289248,0.06965503107974194
-0.11967820730473233,1.0,0.023741506426582498
-0.31910618975828176,0.9993846014698385,0.04376656169693849
0.12907965536553292,0.9195418818778059,0.017071123041886307
0.2714831937924834,0.9258653059410531,0.026580567047604624
-0.3349399025865188,0.9707877634447699,0.05114580041191447
0.15347102894112527,0.9580552457895863,0.020831577254725658
0.11678971638325937,0.974509990853672,0.050679051356746295
-0.22015343131735793,0.9775114625574625,0.09170351816768268
0.13649765905076228,0.9859255200728686,0.06045198395895645
-3.215880412918243,0.7833981356394447,1.4627695449206273
-0.17914991552674983,0.9618802069108786,0.06753751473963616
0.1609840773550283,0.9751148713035986,0.025127356475012824
-0.039956001940595266,0.9790807975779798,0.026955355820580937
0.13225236797993922,0.967773859384275,0.04751428807386386
0.5259728630001529,0.9314338604045203,0.07402974193078388
0.14231816839057562,0.9563513675560639,0.060234008334840626
0.023548800064244348,0.9828346559941437,0.08689962122231262
-0.05509578863419151,0.9213946893129914,0.06793894749236119
0.14984388238824134,0.9313487672214826,0.04865990602306167
-0.014720620419061418,0.9108401594294995,0.013922475409416553
-0.022458391310694357,0.9104881021009553,0.08880474049255617
11.834926010013572,0.7898652903503298,1.2649401597786905
-0.018635506890719824,0.9404878313715953,0.005667231842124032
0.2579992465436328,0.9409439705744596,0.02992295415950421
0.12778252787261843,0.9359021455292389,0.04173933356384908
-0.32169311366321524,0.965364938860832,0.08826619634431554
-7.9316223800772,0.6437797027432022,0.8045740671821386
0.21889190707481332,0.9595844481728479,0.05737257092150856
-0.08028799658057226,0.9437910011033418,0.08245472826387718
0.10964482170653517,0.9561870231934472,0.050182545249102845
-0.12227746361722953,0.8780569651348229,0.049968370174825846
-0.06520006719589326,0.9530052431909121,0.06869046396120555
0.15670926560859472,0.9439113710433006,0.04488180606962741
0.09783468935939967,0.9533299798950732,0.04263508177156517
0.13415120412935794,0.9154272633005299,0.012409207053155534
-0.2560960681229573,0.9672471967493957,0.0744083507579178
-0.03430448446656133,0.9791460487753073,0.0463815070882859
-0.2620610162217909,0.9283255108800144,0.06377998270483831
-0.0018852198375119281,0.9898121689288876,0.07688166940333255
-0.014628033992368212,0.988487631598954,0.01644708968355666
-0.15633145334042997,0.9143034546986402,0.04314920211732907
-0.017637146941509297,1.0,0.04901052953942957
-0.10134240260843669,0.9204220968407517,0.04030758067868759
0.22001112898307773,0.9126064862657457,0.030040086644224334
0.10164299900298901,0.992698799711831,0.025179643848562118
-0.05606542021748613,0.9340250103700604,0.03149943301008465
-5.93206974815032,0.7093633173379451,0.622790338395664
-0.33006839937743565,0.9272410049841756,0.09288337060217708
-0.039769931155979085,0.9822367456100743,0.0694728341766894
-0.2213020013503605,0.9672899490767973,0.04543306754946103
-0.0862708595967807,0.9504429461019691,0.016886114298827103
-0.25387368630175783,0.9033019118695332,0.04455791802743765
0.06454841510546742,0.9329794271402776,0.03929063141274081
-0.29860833699161127,0.9761787373751751,0.07026035756340805
0.1153031977310038,0.9418081377205908,0.07740843203008832
0.17791178150503897,0.9777766737434007,0.034894894409422
0.006595318970212639,0.9644144389569036,0.08941506142375291
-0.08934122479878681,0.9712748790815466,0.06317160454472211
-0.08630786945630442,0.9306492831293615,0.06498118427601883
-0.21567473138162885,0.9258212134283486,0.06760459654213702
-0.1278137582315911,0.9369037820375753,0.04972710057717662
0.35525445534889377,1.0,0.059485635013228455
-0.16903233900706835,1.0,0.04484727166427829
-0.4096945139487085,1.0,0.06819630965303244
-0.135765628855503,0.9986078171282304,0.04819030908638784
-0.3583044509378575,0.9404846436489761,0.05513297630990726
0.19062709960127563,0.9788222725382596,0.057931161060967136
-0.0816230089855689,0.9326624013988504,0.051017137654886406
0.05606693898383802,0.9470764184786298,0.024745520773564646
0.3709594856610464,0.9227896959523788,0.026363844243391766
0.09131917652676336,0.9506644810380436,0.06824476622368315
-0.36884126436025744,0.9317592151301601,0.04147010958158691
0.030752108682787473,0.9349587656358751,0.06238794657691749
7.688649753829285,0.6769316309719151,0.5186226106338491
0.22429783851114637,0.9892455086878508,0.0637725572891012
0.09807481948762314,0.9159021651560338,0.031441107285575365
0.02683472208347286,0.9572124436460759,0.04477090699843482
-0.3133768606068524,0.9515108155553409,0.041369269410766955
0.36484059599923674,0.9991670123282714,0.057020727907761456
-0.2662595970052332,0.953697185597488,0.053919870332272066
-0.08745517609793611,0.9504121307252156,0.053390350732581936
-0.24778626169957244,0.9015349614093533,0.06798900007961463
0.25244135061031214,0.91869457662683,0.029878515838061392
0.22428502128840774,0.9813007584774506,0.045939800444245706
0.0393070347166902,0.9275658045888288,0.04582541238179069
-0.20720982769367505,0.9331038007911391,0.05629604756275906
-0.126007253446745,0.9879211018023542,0.04077583624629592
-0.24875608010716174,0.918468368733661,0.03647726992073962
-0.20375532306310673,0.9303837782128148,0.04181449702468953
8.11781641026852,0.5716512571034948,0.5179430326044295
-0.061161686835989985,0.8976139135971668,0.05446518037783235
0.34699447557034946,0.9261728809048958,0.05125524264679587
-0.17930964430818563,0.9768025704730022,0.05860951770501356
0.5996485542496367,0.9391575356171521,0.051138047174169816
-0.17898085749387735,0.9949098100690505,0.03481224092310962
-0.41783268799211887,1.0,0.010023017783615813
0.14599035338838967,1.0,0.030038574519382757
-0.16323456316353677,0.9320071550780552,0.04804016508775598
0.00412783898099614,0.9211137621912248,0.08300474089215293
-0.003196105830164032,0.8919250358958724,0.037596616566038035
-10.564845858603377,0.40312405687793373,1.0552838111924951
-0.2599253305105475,0.9565177136521537,0.09644853846732218
-0.18261207508998947,0.9824011587897703,0.018057153302069376
-0.35130961242037184,0.8923302524938239,0.05265272440162233
0.35204398433349404,0.9387441448515751,0.02108821979632527
0.031107208385898807,0.9432954310291414,0.06907071947715496
-0.04886222680373117,0.8832723202543726,0.09447664486476226
-0.11996085041962286,0.9595310181225367,0.0767655091465638
-0.17586039089744607,0.9622708982337239,0.055075787671524094
0.13044822626167588,0.9648410910901872,0.04944714780508801
0.2584069797434147,0.9144011032517503,0.06063983005353026
0.17273790376000364,0.9387173124442154,0.07305192883121474
-0.08344449798858555,0.9687799614668622,-0.0021827902275628544
-0.2828332036115214,0.9718394468578847,0.042932930877170476
-0.2306291929688753,0.9269360948374618,0.029090010145627274
0.1138290243446219,1.0,0.043485113298205216
-0.13035362469978581,0.9637731945754754,0.06208710234116462
-0.015075077645881237,0.946228551275252,0.012742824606322561
0.026816447551247152,0.9747836160345232,0.03194618682898812
-0.14058364884635913,0.9739568073431033,0.05266262549081336
0.20954819511900522,0.9956311511180108,0.04618187576865489
0.022158226926826913,0.9174583761890157,0.04216942577816219
-0.06562803630160813,0.9649332720345459,0.033771123239867085
-0.16815679975619457,0.9386099710371467,0.026486810348531988
-9.124578147581897,0.5583165844784169,1.0973030724452792
0.16869609165551724,0.913355575248903,0.04544257744351264
0.14809695364404601,0.9128515169129948,0.06291418097107213
-0.06752526764503963,0.939286563123116,0.029435005256154202
0.0075519646171356425,0.9293008838754966,0.06764943532346356
0.13869796519646002,0.9162959417310083,0.08531902306660397
0.4341126573451579,0.9615363782783828,0.029992344315433732
-0.2893931019954872,0.9802500392189845,0.01886941298930937
0.37309291001243094,0.9598800814943668,0.014159548805076541
-0.4120649732578147,0.9855323174701649,0.03862422133223659
0.1092277527369199,1.0,0.028503043346448667
0.0820667746008505,0.891978547182258,0.08019582920676555
-0.03511381741039154,0.9515386490866942,0.09415892737850567
-0.1444995852497471,0.9755738621741037,0.06556828729345682
0.3424972987807933,0.975197218097751,0.022312116829899715
0.26872681477582566,0.9432994545110278,0.06526207512022067
-0.1431694807171647,0.9661498698585482,0.07683167778521807
0.20776306358539612,0.9623349887485182,0.04239093737870897
0.299307263237865,0.9349847150315983,0.04888255859500621
0.42126669162794733,0.9385966819267454,0.03461588213230562
-0.03376822193350043,0.9209214842994615,0.05947666100658057
0.5661243810617399,0.8934345300562697,0.038457981456786645
0.06656950189311532,0.9458909202423471,0.08211862459339739
2.666241818364842,0.571750300777651,0.8136420353660171
0.14656241516540097,0.9602097628428721,0.05236794312539232
-0.3248140073346404,0.914651472723247,0.019050868520212542
-0.3111138004065698,0.9519613935820559,0.03633126915405582
0.007468936487660949,0.9412656616499848,0.04301316610770931
-0.385636618166666,0.9563544663234597,0.05291971915725383
-0.09666097872586439,0.9664391379206513,0.006580083614665638
-0.13002169605757702,0.9924079760830672,0.0805665331096846
-0.36411495863883153,0.9083280048456539,-0.004156310868439712
-0.3066464630792645,0.9439216891301709,0.047687637853289944
-0.07612736586933158,0.9531625496899283,0.05432246090434757
-0.28742066536595934,1.0,0.058311011397610135
0.26444846591380616,0.9170528605057885,0.0533636267346363
-0.05152090449419059,0.9508512979279954,0.06443884425769877
-0.4348522788882111,0.9372133650591622,0.04483796674981813
-0.07325739671797886,0.9470269041562033,0.04685916851511053
0.20628455655776035,0.9335575083982584,0.06472277055113745
0.2679967444996172,0.9476241428076289,0.043605471981660995
-0.03427896405349371,0.9545937201371392,0.012312210318686359
-11.422239520297895,0.4487391776204394,1.4025519461468643
10.504835514802084,0.4132212377707004,0.9023663783253945
-0.12103003300777221,0.9705238226787264,0.0424409222846958
-0.02873195809640616,0.9327362288508282,0.06524920521648549
2.363975332197098,0.5303319807494571,1.2330494867106307
0.19806767383500776,0.9864206992521722,0.0656905815437682
8.784393646402368,0.49934997425161065,0.5496374033712913
0.11551007544382837,0.956567966629502,0.05150455507531845
13.56045166040067,0.6587203910268904,1.3223593571069703
-0.09311990280272398,0.9871070887511703,0.04101079907674579
-0.26563678040958694,0.9223910739755149,0.03247034286496896
0.25010541918233953,0.957374709023428,0.04413790126261719
-0.08273778140485231,0.9575424205903804,0.07452141076327895
-0.07215219925645029,0.9393815998529149,0.03142063313722272
0.19054909061055525,0.9313274286378083,0.06956211718376427
-2.4446958055778873,0.5570971842490102,0.5871802134677164
-0.2505351698809721,0.9719780675097215,0.039256203315655665
-0.06324942913810606,0.8966859502002376,0.05416989583333207
0.051548600835107886,0.9093847343588082,0.0457990894357966
0.16031652487935,0.963276672752191,0.07581040839320616
-0.41307854709913416,0.9635550960487431,0.04981667728217196
-0.47523217084916375,0.9112018794856428,0.03396108900678069
-0.11907444779143575,0.9164092879750678,0.050085567485705855
0.10367184901658573,0.9843876038284348,0.05518181957713447
-0.16532750763872175,0.9376609155819351,0.0660908246916433
-0.3208865601283106,0.9138042731062054,0.053693127953502694
-0.024625029506563877,0.9778306625541543,0.012731702511093845
0.05426901019246978,0.9550027805115077,0.05727807083467565
0.13774206220353696,0.9423445730400563,0.08271394125359528
-0.045516287203431816,0.9677403138755161,0.0692891136798529
-0.17244062553548328,0.9636732316053614,0.030608515321404028
-0.018475523054093418,0.8911631930780893,0.041477176103141264
0.1021299860358121,0.9626163835881787,0.050590662146863176
-0.24449899460770147,0.9645999533288035,0.04543883595060291
-0.0855067603822578,0.9347669292457709,0.05469833413218457
-0.08537361133174803,0.9448976895606708,0.07720096652130805
-0.306643453949211,0.9557793506691777,0.07503123450874374
0.16988397124931132,0.9815901377641681,0.05485794253444528
0.095036004428698,0.9390102126497253,0.03160057906642492
0.3668282691892228,1.0,0.01641862745736067
-0.29359644135990637,0.9782768653855339,0.06720044116401086
0.08831830132421818,0.9532632958706562,0.06615006807061188
-0.14861988304507792,0.9562570589835669,0.05334461478008036
0.06352054147238463,0.9345986958304691,0.030108214262342673
-0.38190861427505196,0.9723140876157944,0.05754869210232699
-0.049293373038688824,0.998314071877257,0.03805036295115693
0.3160780862387256,0.9820297881612677,0.0422041454563614
-0.359386099362263,0.9615046883576162,0.06358626405353923
-0.2135032718935198,0.9584864531738672,0.03679501260981262
-0.173753879098611,0.9670109761851883,0.04083979548931216
-0.14240507136897848,0.937909778429392,0.05689782162271415
0.06884806005267323,1.0,0.04210053058517753
0.11766720543550385,0.9243797988824183,0.055237470025239065
0.05846396089964652,0.9795157900410425,0.021512597276479608
-0.181438022438725,0.9196116261567188,0.040047595467495124
-0.056532941069562984,0.9529806361995332,0.04592552747737891
-0.24896485153088432,0.973107635800204,0.052107500742732266
0.07542758601382067,0.9813762389203002,0.0571798013040012
0.08887191880014059,0.9358743514685827,0.05613444300997504
-0.21456803173755268,0.9683326868492995,0.043711148140109526
-0.39026046138381204,0.9510114145697613,0.04734233191030368
0.04323074226785359,0.981029840455668,0.046883928765866945
0.1243115008518869,0.9467272034856836,0.05236038786205981
0.07267514995843484,0.9681348719426898,0.022957445747995672
-0.28180290334377883,0.9084358610250068,0.08771441620235629
0.08659995498355044,0.9622262690982899,0.04933523173894893
0.26940478424474024,0.9296039699790343,0.055978124022298355
2.622990799802845,0.6039631963633202,0.8683417942392799
0.2344264531243653,0.8997761489605413,0.015479374031338831
0.06641471852946078,0.9239986696865323,0.07940592676732114
0.10669124851004111,0.9205964466562538,0.0470869750866186
-0.10820467731646735,0.9812230506368319,0.05541280400130073
-12.654894128185632,0.6021635365222616,1.4040269549739208
0.11084899672999216,0.9559106798445266,0.0316796170352847
0.12608826398497164,0.9452200870702027,0.0643865016166129
-0.08147655961346761,0.9734361066775649,0.045991237549292206
0.2935531986978904,0.9947202867362434,0.06342505554401541
0.22308881692014057,0.9453835043553228,0.028966708398800566
0.35422970946739074,0.9243252356811718,0.03781041480165464
0.046979133980582934,0.9575717315834725,0.004994525547883724
0.14792179816514667,0.9630785117109508,0.0681933627756528
-0.04248837804809213,0.9217175930229784,0.048383565747787106
0.016853421948813757,0.8724937496717137,0.020645233424143362
0.1331957472579975,0.9565196705846903,0.02874761093649424
-0.07726370932060589,0.9601659800409867,0.04914425705679718
3.9418882937240474,0.7125202517257276,1.0680113398200428
-0.21390225554585895,0.9549542603907177,0.03568923495741275
-0.14341685536622356,0.9531653924344945,0.05664116071847916
0.07217037910846348,0.9584467593118128,0.09734373773925195
0.3301060053939032,0.9669728432449882,0.058737125631004736
0.13616522070552392,0.9358907219374141,0.04435147708849085
0.16470228287108646,0.9214271035162923,0.07704082402242132
0.06955786406942645,0.9941446908871701,0.03781531743077088
-0.1104938142630203,0.9761104421609489,0.023412846093055804
-0.07502366211038844,0.9878484038784128,0.06332980240316316
-12.489727462275429,0.4617994286922455,1.2502878242245905
-0.13034348425146033,0.9989352044632203,0.0438201700316301
-0.08679539357836441,0.9826429662394158,0.05658856265660181
0.14677207062251024,1.0,0.008914363783572236
0.1721483655859158,0.9843450065566114,0.10391632154895045
0.2808807152395729,0.9582433394311757,0.038088293592314346
-0.22286331265082426,0.9690688235127993,-5.218257355771999e-05
0.06381670751305153,0.9532075173014065,0.030371837664470106
0.1590446914843129,0.9318275030631449,0.07298387290016355
-0.021583268140528952,0.9364570228934707,0.03659359965598536
-0.01776471984281697,0.9468053360859457,0.0516068946731075
-0.35234711301068306,0.9368105084525538,0.03916165276334746
-0.08799211883009937,0.9472370164132805,0.06843340170173375
-5.0889966105975635,0.7770891099599743,0.5639605345895778
0.09847929460135657,0.9455708129111776,0.08018757313270283
0.254717674520728,0.9500745133968826,0.038531393869377976
-0.4197289976932761,0.9396426438377219,0.03794755166942678
0.23220606061629764,0.9804837833235984,0.04378070119457045
0.028237641092354538,0.9473246370243368,0.07943851916113381
-0.2984504118203009,0.9601090951536486,0.07279897904401644
-0.0555604484945853,0.9472996370006864,0.08767811085165048
-10.994124299594311,0.45538515099500015,0.8656112970397777
0.14043564215735893,0.9371339861860205,0.06460294657926698
-0.27977503179369223,0.9674608099367654,0.04681503542917178
0.3530381075645042,0.8940687030528202,0.029859496872959076
0.1823039196273406,0.976891277002245,0.08130491812691412
-0.20846066028730667,0.9443082517592555,0.0736751133448102
-0.0291354082267553,0.9350293959259831,0.06264886231539316
7.444886419316848,0.4414063985575289,1.2026332424133253
13.989332656609564,0.5729038489582315,1.405768959822597
4.33499935563673,0.5522306354497037,1.0222481601240563
0.1527581266622564,0.944055877937766,0.04027296112341988
0.19055821980795581,0.9422817471036875,0.07896753150931894
0.1493289732285636,0.9100659797012258,0.045477346281558924
-0.22957201140280917,0.9403535923400076,0.050884234287104
-0.007640253679463692,0.9397048200805187,0.03822865001531082
0.22490727476745764,0.948453737652253,0.06887171853762336
-0.029290722401468117,0.9400923850783681,0.046667862406156606
-0.3078840470132397,0.922163551727991,0.03503436373411534
0.04776597592607551,0.9267090952250034,0.06261774589921885
-0.16734612755098824,0.9278830856733288,0.06070822906519811
-0.12875536210350347,0.9989130056019776,0.04545981941257063
-0.31733027071501513,0.9358949558873876,0.06963885418925568
-0.2184989236896934,0.9477496797840823,0.014745992979295477
0.007767776760803421,0.9168138022970617,0.05947652782631463
0.14725358215139925,0.9142193436708844,0.03326289752089047
0.05104872751908249,0.9123123725958744,0.004531273479424815
0.3099676468960033,1.0,0.0348636511602484
0.12572999835744164,0.9164525424132244,0.0857102768819773
-0.08362548530337263,0.9213740949230599,0.0426308675967387
10.4185714636637,0.4422882606100373,0.7134312451742569
0.012661713408028356,0.908056343693404,0.035755410177864703
0.18201507977565287,0.9585698784554504,0.05315220195662472
-0.025558099515851723,0.9397520077338237,0.05356475742963147
0.08281408371842819,0.9155568499499042,0.045322487726648715
0.03126928566361827,0.9488980206226241,0.11097554474083862
0.2630665544810191,0.9172059657156828,0.05786464557356113
0.16974391528556698,0.9825955597874609,0.07245583330979963
0.2637954201118104,0.9305283869499927,0.08684957520806773
0.18537213252467583,0.9598106513658086,0.07027437233668253
-0.27962992541984283,0.9574356286014631,0.044314835228512615
-0.16921223497050117,0.9141281288843587,0.08121418688130132
0.16531449579712534,0.9019104702516864,0.05010141572884282
-0.2039175849399434,1.0,0.03978637089249683
-0.015316673387900204,0.948957775424652,0.06275464355283768
10.878642455767542,0.6320361819402261,1.1737020524919068
0.00584400583751452,0.971060083579883,0.03585277811228477
0.045444377348924564,0.9361635499295335,0.06907412757437188
-0.1383437391980484,0.9147125243019476,0.07042035579980516
0.37294604996328423,0.948496105937704,0.03128905521236304
0.04667567186988114,0.9866635364773708,0.016794502228044426
-0.1565376070462349,0.9226857216977729,0.07934609008798912
-0.056014285789885467,0.9775519292952043,0.05931760352108484
-0.34637468534520655,0.8517257720131288,0.07936760364166585
-0.10601274375515626,0.9684199215386758,0.07121746516365371
0.0607772135890729,0.9244327624538871,0.03718668239042174
0.17832123721668042,0.8857359288851925,0.052498266742249756
-0.1279598359967529,0.9540925109129967,0.04179699368063031
-0.40270089345705984,1.0,0.061570460730699154
-0.005905554086388182,0.9461422946251804,0.08006476605829416
0.03861575550439541,0.9687148169195802,0.024628577880236768
0.4181420369750515,0.9321551320269167,0.08456843047063628
0.5094378454774668,0.9694703203671764,0.05011822966675935
-0.25959832233181157,0.9548391318282218,0.019877296621581168
0.18750948611056095,0.9877423094611454,0.06092599381047739
-0.2909539273178983,0.9423361096978468,0.03645361826385578
0.19476728769985122,0.9237597584220527,0.06728390111426642
0.0794642826770326,0.9465696645671815,0.05317193056559813
0.07307053458203165,0.9841905695584753,0.05396289388273149
0.3834012036270927,0.9349499526369198,0.006941246383611571
-0.06626939506497471,0.912596274497378,0.025576510712693252
-0.13632921196460632,0.9318236904317979,0.08747240083245088
-0.2412280882234332,0.954996157950998,0.06639962105653845
-0.07543525621949544,0.9518522331656613,0.054949119782101194
-0.019966895166335305,0.8757546709928765,0.06926658541160956
0.2758677106571601,0.8874848659797862,0.049414048082879504
-0.018957198045971395,0.9621755710287365,0.03875403715752192
0.05614897172641188,0.9876053512766094,0.03089267178111315
-0.22891419904808116,0.9513763119382204,0.07254649120680848
-0.011440715094672899,0.961290319168933,0.05361838118158175
-0.14510686618238514,0.9417188250078704,0.1073917718755089
0.14500524313472304,0.9127345952757491,0.07938914856936585
0.019834398847342005,1.0,0.05344274909906601
0.02805727636163334,0.8957775470244527,0.02457485616685165
-2.9310561243608024,0.7767036770704657,1.091537369624212
-0.14786404369621778,0.972078899281438,0.055612522121764534
-0.24105573798974766,0.94164325499618,0.08614514014014134
-0.33502523035355125,0.9858671034985875,0.04528465448813247
8.237764919842018,0.537545209891956,1.4496251647292815
-0.11701509062503708,0.9751534909254008,0.046891024858287056
9.47177086527551,0.44758499901868354,1.3231327390720788
-0.018519274964395375,0.9397159419468245,0.03432477304429281
0.08379060298967551,0.9444241183860135,0.06405142755440918
0.13813024031223364,0.913719458474328,0.020357618338941827
0.048609950059400255,0.9126921659340814,0.08101427504858594
0.425177524707574,0.9645554769042918,0.0826276447513841
0.029461693352594527,0.9340187355513139,0.05859237861166841
0.5648008972824142,0.9760380632860455,0.05453640790480439
-0.0013721323417955743,0.9805381142572518,0.07973056706961242
0.23025839566179107,0.9201377089307541,0.0729134528034966
0.09629357824978729,0.936749407649936,0.045555311738408225
-0.06982952964736193,0.9574063132052736,0.0473350152050198
-0.10029141474089383,0.9455200524322221,0.05120241304917923
-0.3132292859835464,0.9663814882023929,0.02208086677396768
-0.24912007292327926,0.9098397878230517,0.0099201173570524
0.1036821585436562,0.9403833474449367,0.07041388280113009
0.2613303260028181,0.9121239667682545,0.035610045600019145
-0.02523467309274846,0.979126145204997,0.041644516108129484
0.2154314000131802,0.9898315901535105,0.05941110124735811
-0.07086844925258437,0.9294715445116041,0.043484424052576395
-0.12375967606682164,0.9442908846202862,0.06136330490955059
-0.1479452730948542,0.9296493026128595,0.09261123817784456
0.07288627784325812,0.9439325331037761,0.03899506610730799
-2.014999350523813,0.698480760690484,0.9811598525569536
-0.11680786925560671,0.9134371531026593,0.02962432410236246
13.916652561227254,0.7281372245555385,1.407258886803063
-0.026316203332001794,0.9416728491477209,0.06922452998841475
0.09950638546493475,0.9812981615655276,0.047368655904276157
-0.17593665213503842,0.9680324295757878,0.05429262745674076
0.03718596900985891,0.9490296252397593,0.01611331661875811
0.05206045590211686,0.8792574413047303,0.06854539866140491
0.03931647740458089,0.9684616281078533,0.02483635021266495
-0.04182122527146317,0.9149028733673409,0.06279170725865532
0.22386186333470032,0.9844189762214286,0.050668985014808654
-0.2248996807162385,0.9193156010519324,0.051940087052827384
0.030681826445156293,0.8840425876082154,0.04579954974907853
-0.20277856274450784,0.9536224577156258,0.06194790272103862
-0.0009807847394566094,0.9631381180504607,0.030920500436314037
0.10156717254364454,0.9938598113893913,0.019619266464937203
-10.366457672915843,0.49691373724542215,1.1668783288044038
-0.015588584022076147,0.9130873099250766,0.03919004623018097
0.19344444100143662,0.9796059002855826,0.05300005579587614
-0.012564137731878672,0.9363250827646797,0.07864886216987589
0.19017334936308541,0.9140571831092555,0.07236127609792108
-0.06643512568434234,0.9723461888192656,0.03735931183357582
0.27449604203310946,0.960914904892597,0.015672150892384606
-0.054100142926978095,0.8963677757553008,0.07137924467160368
0.1578698829194534,0.9196645542928378,0.06429533243847411
-0.15036694383442473,0.9489310302953144,0.04164023421761395
0.4926554245345706,0.9878021604569431,0.009119569688295484
-0.3902973468535804,0.9409335103626578,0.06863033702622774
-0.1898848013647932,0.9265716999042303,0.0416366642693666
0.05840823252239662,0.9160207602700385,0.027931079665106433
-0.030473445588411474,1.0,0.05474264390749895
0.2156705674525025,0.9572774787916065,0.04740811346013279
-0.13392118327081068,0.9265662649818005,0.05090560470165649
0.10751239999779341,0.9020446517706244,0.07165950401799089
0.07680827555314193,0.9624044217478761,0.051528435474109444
0.12681888525512872,0.916631887944049,0.011579813597331602
-0.10670513605844377,0.9106044680432661,0.045669350575573475
7.485407917278147,0.6783024917135267,1.456005594647134
-0.29700850743529655,0.9266588745164703,0.0516473034676298
0.30464352961150887,0.963765906961833,0.03199612384178496
-0.06767796392303936,0.9457116937304314,0.05363282927134557
0.008858351523444398,0.9261451252064041,0.09363721571276323
0.09874794245447345,0.9042547320638679,0.037100077441155635
0.036763878317191426,0.9746619421776945,0.04408080001839347
0.03928552823909068,0.9456062029972858,0.07803879823314866
-0.3327827085603965,0.9419420252185782,0.05727618152590757
-0.04742956332948031,0.9935856654540862,0.030613940541378823
0.19826087075129695,0.976167428200043,0.0777784024178149
0.18068859168739554,0.9587869547339292,0.0527918022280833
-0.12478455987547309,0.9949399224596949,0.02338801395739691
-0.07829843771044659,0.9485770399761562,0.03866800542931325
0.02468236268105311,0.9832027438754425,0.10068705104836378
-0.09652210194280725,0.9356853157250205,0.05293853045297748
-0.2678404927615359,0.9243574561570852,0.06980566555865336
0.1741526419669964,0.9674262828642815,0.06254823038696654
-3.8751023220463408,0.5049908162617242,0.8672888341424657
-13.91278365218443,0.5003089416961718,1.2319437181444834
-0.1310100677823518,0.9163071771514947,0.058048411258378466
0.4861416181361333,0.9087760184735318,0.022756810765909356
0.2550557134726659,0.9966594870581338,0.06979385870257093
-0.155835938224811,0.934109742031803,0.08847573404558609
-0.028847759836819944,0.9324820284850686,0.027933216064075842
0.13740781843597036,0.9026993561246472,0.05469212569552469
-0.1236566368740107,0.9476016342817711,0.03642783041572999
-0.04718131682954746,0.9878081152790031,0.08027303906408487
0.062154753849906944,0.9824292931094977,0.012594575575959568
0.44972510890649353,0.9412184291237846,0.033850524749422246
0.10028270555650264,0.9029448999105585,0.011855459580623985
0.3541042210747678,0.9231749345037628,0.012168949459459469
0.04196746071499021,0.927886447198583,0.04610689913603896
-0.3403562153443389,0.9284664082787346,0.05744904722332133
-0.024465567005556802,0.9759263761155097,0.05796873066100393
-0.07968477439990371,0.9060381851644145,0.03413425200234434
0.23133783056960083,0.8985934993892402,0.02407253443656189
-0.4137257741704201,0.9640318534436392,0.06230422569005658
-0.19761237108531515,0.9169383424068209,0.048922448918994006
0.05219352046512748,0.9519721758662807,0.05589638495176542
0.04219773086148777,0.9400261105058583,0.03584637624117948
-0.2112003239370054,0.931967865348906,0.05719646682176252
0.20661799063090014,0.9623219859722596,0.058694584660107206
0.1530662427701526,0.9774316628048453,0.04790071993636076
0.04056008014797341,0.9353116780768319,0.03778952968470238
0.33463204700325666,0.9874339371320215,0.033667832976082945
0.060038281546307005,0.93222061560047,0.07767831490866083
0.02166430086970833,0.9403546918504809,0.02607265879913941
0.23298687748423808,0.9374259244406221,0.08271025537290123
0.1507315792501534,0.926739961618257,0.019140326188408906
0.1584511613763456,0.959166357750384,0.0486768854117123
-0.13131898560062008,0.9457839028757877,0.0362554096145482
6.748281389520546,0.5532678237087987,1.1715623750521247
-0.3036415494966016,0.9185901700072643,0.07757290016224175
0.1904112614712549,0.9715446426964192,0.013834832317533248
-0.2136903302579352,0.9157350526988407,0.04070736232168981
-0.08712477355238296,0.9248875900689314,0.03949812475110584
0.18361704120102096,0.8934403243793455,0.03819467684112911
0.22901671006480845,0.915129185636094,0.06721512264625759
-0.32744262415148095,0.9195907773885008,0.03357555291326762
0.05947323306891337,0.9245887913704579,0.03077374255975183
-0.36741556076616827,0.9809346806909987,0.033260841809086256
-0.15747207652801046,0.9782630097968559,0.057143136601329504
0.09299608734893804,0.8927397192480728,0.04234376774063497
0.12070024450300393,0.99814550803476,0.02322545456698659
0.03393665284653782,0.9315547007873468,0.04906752895212688
-0.21486150977431256,0.9658276457534157,0.06731706435649275
0.059240474399380884,0.9512717536008076,0.04900733596422401
0.29195146882383954,0.9926700499539235,0.03804421562456613
0.09172145953094105,0.9618667778428918,0.07754370996293984
0.0013883621151649598,0.9058442041747207,0.04429487224366753
-0.6776863105238426,0.9951423917919661,0.07257901180130498
0.14697824454634204,0.9305154028123838,0.08478751583256008
0.20656694653950597,0.9149920982008588,0.031600800847612256
5.860629283904088,0.5401708034659953,0.6171442324788985
0.003903512847273199,0.9563258280259335,0.09182627997361535
10.591384014062152,0.7861898276973549,1.3285874427531827
0.2553428189259849,0.9669348168154239,0.057102108041146564
-0.39320672385251587,0.968026471835821,0.06215821020832687
0.05230845343883245,0.957838358924638,0.05559219878244593
0.04280881655880184,0.9313846327507815,0.06741096227640002
-14.062702401915397,0.631151713908386,1.3243780183984983
-0.30826828232840175,0.9636156094887296,0.04812627595650643
-0.38836998818955737,0.9802832088866394,0.037929009412707236
0.34983594735761153,0.9292253707324885,0.04467020742772178
-0.13780743922136537,0.9546787867035557,0.03754033538634624
-0.31148548252412195,0.9337793880810987,0.01890060425347414
0.12809563629648194,0.9346674190588498,0.047129889540606346
-0.23737778873342222,1.0,0.008443086106522002
0.18854297977560375,0.9949776033501467,0.03663957096909553
-0.12767293157022094,0.9754489551966079,0.058505856419751257
-0.081788595314773,0.9461637837983963,0.07479358697343924
-0.0012268271860228473,0.9811098979984342,0.056461059358744216
-0.1330399888813613,0.9430961775083211,0.05243049521610396
-0.3376595819389823,0.9769661184968155,0.059326526981927544
0.5680550739781357,0.9520810229438424,-0.001428736128257141
-0.19961006335603762,0.9338342648622827,0.0872902941345316
-0.242637880803526,0.9535357917071139,-0.0055011202249469135
-0.2831663372023323,0.9592356486186103,0.028634203685129523
-0.05113137812646218,0.9046167080043457,0.06153553189197408
0.09908286066861899,0.9374349447547444,0.046029377095667276
0.06493593210961016,0.9504776774650832,0.06869036866892488
-0.24443890336806537,0.932474797994136,0.030862078433274737
-0.20330577092725466,0.9591601456507811,0.07769314556695897
0.2576022655240098,0.9608119972532447,0.022809189714028767
0.12646266259395764,0.8878816842356437,0.06238414687668392
-0.3892239281284068,0.887572404864822,0.04456348457757324
0.0021484240478482396,0.9805429127638994,0.051326851676289725
0.3556208616671759,0.9584189947267716,0.08124506015004136
0.09463784959380778,0.990798014253275,0.03923986163233588
-0.06089637319724044,0.9277972097569921,0.028009805813747714
-0.010920265814965522,0.9789939656757535,0.034916932252749285
-0.026268715571190523,0.9395674596868206,0.05374535625055201
0.06448122591458505,0.9765420471231703,0.08167617217223308
-0.17114324359788005,0.9529490157537659,0.03819915690280408
-0.35658350029138985,0.9425187953619163,0.056976890019319555
0.11443200163309995,0.9335864891320853,0.04653528962443806
-0.37056231308035203,0.9473428273898175,0.04572496130542726
-0.03439073487015109,0.971970517179314,0.047033778866276854
0.09189711739349199,0.9367441886658734,0.04521827677716332
0.2302120656714203,0.9551959085770124,0.08163456924997119
0.05276151685841882,0.9181313111475069,0.04804699834801941
-0.10681127081361673,0.9913010624746407,0.03142435527644674
0.10582050830625321,0.951009953602394,0.038903158772252616
-0.03308098681396991,1.0,0.0868265863869432
-0.0758340545864259,0.9151195198001717,0.043644524577100656
-0.2858713029921744,0.9846012640574576,0.028789117719378955
-0.34615541975821773,0.9679719670992325,0.05582406863323299
-0.15804066117350454,0.9833147197178173,0.07541009713348698
0.2072478250117447,0.9263685347880518,0.06130885454676415
0.32285942485507996,0.957257081537072,0.03187031047335974
0.005321831779951585,0.9378647977268554,0.03944587709106921
-0.03690778547049769,0.9541508812293205,0.08617496116837614
0.06621849381527299,0.9868630765391303,0.01248438643144012
0.023593204738620536,0.9923047941605204,0.04795798838287851
0.07664931306151078,0.9418706542982166,0.028585126162607815
-0.0011961688317323955,0.9321385701052041,0.08756359558539512
0.04530759608050652,0.9832853665827703,0.037989893904847936
0.13706267365410205,0.9172012844998134,0.07067709774791685
-0.009634136174654894,0.904859873473925,0.03745252035409833
-0.20995721658529365,0.9524858727916504,0.025813730347887833
0.09347529162882756,1.0,0.02722060903469908
0.33851651941279653,0.8939292766974762,0.04830019475453336
-0.14389314987442747,0.9530606915379606,0.06513138012393871
-0.08392722301844552,0.9290676741949304,0.03928083331286698
0.13817759682280426,0.9791254413366579,0.07304587973145725
0.025523194292050196,0.9716643964476858,0.06029200070013643
-0.4381384184725592,0.9414146342287567,0.07945085363934029
-0.08748041757184902,0.9374895121304223,0.06455018861335743
-13.521315373188642,0.6548733962392601,0.5281574232360261
-0.007047572388426904,0.895802474723488,0.053894572302377805
0.4266570872489516,0.977040101777094,0.05401413877329299
-0.17152290617056468,0.8976170188131616,0.031181700226955923
-0.05428238732277557,0.9152199420666423,0.05740078180107454
0.039151030300037616,0.9366664580823241,0.07332796279355162
0.3109879081755536,0.9793353804075803,0.029863438199687998
0.05657285843322362,0.9707519880040342,0.052715857963795916
0.24903708813687084,0.8769890117112121,0.05869344765429904
0.16262523265420248,0.893581410000085,0.03568775513182458
0.1449537276247885,0.9181970429813431,0.04276055447281862
-0.06528299220485936,0.9306314520263566,0.020422734289295932
0.027055659640414093,0.9830986740169243,0.06039053532964908
0.0600920699792169,0.9425796813366514,0.038971522410873205
0.44920084397319915,0.9641230057204625,0.05264788671012352
-14.11547443251723,0.4584880281895905,0.6304308391651231
-0.22585200397624008,0.9775294507779185,0.05145638728354631
0.06138473466451773,0.9314082421978648,0.07365401596986677
-0.37372791157200097,0.9368978386168032,0.030123296405042174
-0.0809024787025393,0.9613491293258464,-0.004504750099686858
10.227383333992442,0.7739144111411091,0.7527624206355319
0.019521367915154395,0.9761132440108988,0.062617045944654
-0.082666320988759,0.977760245421006,0.05910957868023355
-0.16090835204607734,0.979374646646585,0.02450860831523942
0.0019396780776123107,0.9812048890768581,0.02670725824736627
-0.11410003825384703,0.9660204266080203,0.03852134867467123
0.03822755762034036,0.9137636196094299,0.053208853545286705
-0.2116626306522357,0.9745796218424491,0.05309235082896171
-0.08522808713607492,0.9742406535503724,0.05220719509355205
-0.431265722159947,0.9439810198389949,0.05544453086946066
-0.29130445440281183,0.9719498812036523,0.029310561752749733
0.0401161073772682,0.8756403170250706,0.04194911320956385
-0.1101199186063395,0.9282929615771056,0.051979511865946834
0.3639088733400029,0.9292304580638109,0.04476054279929205
-0.2791405882147024,0.9351365393053924,0.03204439111932178
0.18509338189971322,0.9323083884033103,0.0434680767166746
0.14455361976850006,0.898931372732649,0.04664116094683971
0.04732491293206272,0.8734687961779853,0.061700082149682645
0.23811757090834762,0.9804487734145114,0.06709170313776013
0.022434719098071872,0.9816385021953928,0.02414158645284361
0.022407618345582456,0.9567149323596426,0.047250573113031845
0.08305664225163155,0.9535419820662792,0.0626527634379733
0.17755865792077594,0.960524577615209,0.07505017261812684
0.5118336967168874,0.895358164740726,0.07010445299516485
-5.42367768862661,0.40236594641242557,1.135033471031869
0.030414344643370006,0.9332014967852342,0.04138533903217533
-7.321130428438771,0.7090538430971037,0.6244417063739904
-0.22648421212815065,0.9122877965265039,0.03915005023732521
-0.11787372178393346,0.9266442720059396,0.05828692585910285
-0.21894203358818332,0.9440849336281147,0.06622825588207945
-0.2289810327261253,0.9962063222067438,0.056447023722989535
-4.851759761621006,0.601498929898489,0.936373299374675
-0.18926088396618493,0.9757461063539473,0.06229885699171008
-0.18528952051106876,0.9605093891793961,0.0566943564845511
-0.7490846682062209,0.9152340101266756,0.0614454315108408
0.14144215962549686,0.95672809375781,0.03487329984326585
0.15417606697503491,1.0,0.08041047506096997
6.975283307098408,0.7795473626818288,0.7074760949059651
0.03628569369554252,0.9956951494309952,0.05953127986629507
0.3817787199160501,0.906172756996919,0.061041554302978404
-0.0949637928985695,0.9122857209411249,0.07647016794335112
6.078812339760965,0.594077941829613,1.0254942931053657
0.11853107204620945,0.9645906849757382,0.07196953522127088
-0.2558860171907583,0.9071633764540219,0.028808362217929814
-0.14036885501608073,0.9160389912438082,0.06124775388473155
0.17796448753272615,0.9402220983010215,0.05059388608083622
0.30408480770489466,0.9934882712210157,0.05888778894555266
-0.34822129874850444,0.9525342537581258,0.05773000149203121
-0.3940212328606068,0.9651468361794935,0.04649496354966638
-0.24359281247333575,0.9746222822366907,0.06727350072085672
0.3513177294377625,1.0,0.017688595138163468
-0.18611019180450958,0.9376292392547428,0.03986132018273632
-0.12768364824443704,1.0,0.05548320024374717
0.06845705530920447,0.9512943882475,0.015924243422958312
0.005956650358242837,0.9273773969268445,0.07005144715898382
-0.06473328111754642,0.9318846366558386,0.052181025729481335
-0.4373172437021684,0.8921817419980876,0.08349105432877707
0.2617007993723512,0.9212218828542031,0.07049583621378257
-11.247228073119263,0.7134153885231775,1.4180398090712028
0.16575970584177047,0.9345744106140053,0.0720105333232872
-0.3352469884729878,0.8991390046517088,0.039809883401960025
-0.09830178771901965,0.9068884763400442,0.06288947813927821
-0.26868611955756,0.9425286620540482,0.04381312500336654
-0.05475967621490185,0.9383778075033614,0.04769687927500757
-0.0669708108602906,0.8962714327903394,0.029292796688793584
-0.26586439263569,0.8699406231610871,0.06672691186336727
0.07755254545099817,1.0,0.07853814789121812
0.15296451302047992,0.9611781228571876,0.07677976508725323
0.09119254088735078,0.9880136956612766,0.05610685372652249
0.028080816819486876,0.9271609106053036,0.04524442525408676
0.06785938482006497,0.9821184055621913,0.035887574807030115
0.23516707961765435,0.9318434613279107,0.05420679102735946
0.35303770254644395,0.9718183124378663,0.029781772086761034
-0.5168619389978301,0.947146461277828,0.04988143362634706
0.11074373887370625,0.9112107671113958,0.07082806546458761
0.09133473071279453,0.9039018279664948,0.09091756589417893
-0.22075738506940376,0.9549008666369767,0.043222652803786135
-0.06462255571946815,0.9898417200319003,0.053643255276693114
-0.09878201072446657,0.9551266053227543,0.06886872802615307
-0.4256384463117403,0.9194298371703568,0.02542354008296843
-0.18962921859954443,0.9011719676870323,0.03929296580455794
0.0486505621279735,0.9581758693716705,0.06345534962943047
-0.055676587996825316,0.9545584183534371,0.05354526349386125
-0.18944428965354027,0.9456751411359985,0.029703764430008193
-0.12500997427654026,0.9762656629360511,0.0513564887842977
0.2347749375555388,0.947609893195061,0.059167561888998424
-0.5895385133583877,0.8729794396870272,0.051960375361265985
-0.2763220205569258,0.9121596867299817,0.027397663877614428
-0.0580062143910452,0.9211262798328331,0.039714750099233156
0.09022421609987569,0.9066560095405728,0.01805011455015923
6.464955051425147,0.559478619784932,1.2623175753293654
0.18471632033880805,1.0,0.03399073544158633
0.06695072828954228,0.9616110174578898,0.04763777680228539
14.805000060634859,0.4856701412613293,0.6856836858532869
0.032803167370465056,1.0,0.06610776327819329
-0.11076792550213715,0.9756375991725129,0.08760351595350419
-0.3759879143856921,0.9789620897522693,0.04710301945351242
0.18448470744038142,0.9183491528869269,0.0583136017194124
0.5538371805717803,0.9795068311737763,0.07898452602897112
0.28520825451128234,0.9598548912764615,0.03806809832279203
0.16807025141095833,0.9021668618640803,0.0716369817375692
0.11637707766186739,0.9480996289916869,0.04670872155282023
0.09364038974249696,0.9359868994575693,0.03550400977740657
-0.226010590042506,0.978385838134204,0.04698968590307678
0.32193351432945055,0.9929640207385443,0.06326136040116262
0.2075092684340957,0.9693172787670448,0.04308735764306693
0.34418657171034595,0.8840007738549595,0.04253240898151775
-0.62163604827561,1.0,0.06388375870825026
-0.034235561871821495,1.0,0.03733678238179266
0.058685261016780156,0.957334566649125,0.06536075745897954
-0.07357767514105505,0.9440176040366108,0.029720499309938957
0.38507736579781804,0.9231206101424094,0.025745112096971303
10.463000914861146,0.5120151128585064,0.7752542308417714
-0.1793692579894864,0.9645716618038107,0.06047332589801446
-0.017448188175752066,0.9347757678742059,0.06341640328484596
0.1677745888914355,1.0,0.05472871430394667
0.1729662439834239,0.9744867658045443,0.04176915159999685
-0.08638428836305145,0.9935920248625434,0.036127481158616186
0.0872313968898598,0.9882419959514422,0.0027296449244669924
0.15818428288334876,0.9435678133725822,0.06289456524748113
0.02479345576433869,0.9000131375895781,0.04976857988880439
0.010150890679399152,0.9207868422586077,0.06392604300628896
-0.023189418467249243,0.9223033345224458,0.026616524780082383
-0.11851570587569438,0.946660425730728,0.01543778455923308
0.01368922411652465,0.9816107195565208,0.057418739586116235
0.18131772320850117,0.914013048962957,0.03379673638883603
-0.05294701949732375,0.9338591488248982,0.04093920249221451
-0.5423755179767554,0.9197853887605376,0.03820640937988455
-0.07453327628971046,0.9611406070867391,0.019180506278167656
-0.048039185333602366,0.9928182903035674,0.03969404259989451
-0.09808756088411423,1.0,0.07846050843103758
0.011708048077036553,0.9400105066213978,0.031340228246207344
-0.183068872371788,0.930305386234918,0.047646706798515015
0.2162165935544762,0.9775700831617375,0.09126806267915047
-0.025059226559701327,0.9709370968054242,0.049156638532468704
0.012159985086162386,0.9279318665798474,0.048470037147020334
-0.24366427612982147,0.9536925989422566,0.04623091040311467
-0.04295148495224775,0.9536537112095249,0.07436018545714039
-0.20638022818754684,0.9267253311143646,0.02277210626305162
-0.21062281254824314,0.9611443509725313,0.031902526270764675
-0.012949343085042446,0.9020279004313556,0.03627546938732602
0.016182735296592497,0.9560833629686664,0.08001151253920101
0.241210496852018,0.9860823703134164,0.04703254379443844
6.639466563956686,0.5054198486476648,1.2004914630239774
-0.3750847846080501,0.9214198402958537,0.06678769564258906
-0.006303461906470198,0.9204429837257649,0.03894761242279378
0.2230308737296932,0.9399701118020786,0.06387345601096685
-0.28754534011815863,0.9573637425078485,0.024309425600860454
-0.017414431270507676,0.9645616611303023,0.04946829391627906
0.510681209616581,0.9551800915414738,0.041658138605604925
13.204064420551148,0.5263068261447683,1.1440527422502833
-0.18802184311300518,0.9756335181980939,0.06316735068170229
-0.09362576354209301,0.9412266558504077,0.060821917728353804
-0.1607587594158408,0.9532184059822726,0.08925968522519037
9.88117578778223,0.5114198645464259,1.0691200073027998
-0.1625239041479578,1.0,0.06235729896713747
-0.14800903067840251,0.9514808163280744,0.0387266382318011
-0.09625903527683242,0.9509025821238298,0.08137093417741062
-0.14759924960686402,0.894071835453424,0.06282734678819642
0.15342468837858417,0.9199568217596463,0.04529749617423254
-0.17421570426399924,0.9007043361068977,0.012699482706061506
-0.04848176101622928,0.9325762944550775,0.043485212998368036
0.1906635839845886,0.9243567726087893,0.061149660047580115
0.35469031312280586,0.9697821816927734,0.04625053375120684
0.06397241663544072,0.974506848360274,0.05048694892818371
0.31627030414959334,0.9204419708771985,0.03332373178692035
-0.16889973487095067,1.0,0.04239104795776446
-0.10085872940636267,0.9489965179674836,0.027672209314214664
0.04416340040726667,0.9803438846018203,0.07125043539450163
0.0920658485482162,0.9365502288715921,0.03527644671345538
0.3819581851129701,0.9010918210174466,0.0356521603216113
0.11123525786572541,0.963025927814404,0.05155958747586419
0.05165539254505546,0.9146013846245984,0.0501975306916404
0.20604606969843667,0.9968383720880167,0.015201981648993612
-0.27337823265046163,0.8932808898430604,0.05314664263187928
0.027712182278511827,0.9665463570973553,0.03762242787722782
-0.042659587332731536,0.9419368587906465,0.08523625333434774
0.06086987839822408,0.9913521549193318,0.06699839468801161
-0.3388941441215346,0.9398094076528299,0.08697128020454019
0.03418264685585919,0.9293059188745368,0.08323947764191678
0.11497294555361362,0.9772278457826488,0.050350040100567706
-0.3586981066354964,0.9604699726139502,0.06908437988626998
-0.02101629034364495,0.9346787763572875,0.05946490514024143
-0.23959975754956583,0.9742743151886712,0.0469081025056363
0.08799472777003903,0.9282358821035305,0.042648198529203575
0.09039894509512864,0.9465584437492115,0.037878270433027876
0.050739433124845794,0.9204758074465516,0.08640936088728252
-0.1798954260708491,0.9292198062775842,0.02271615300040337
0.21806842510917665,0.9298794510858873,0.03841110759503448
-0.13483093988686146,0.8986981322763073,0.0259959028882881
0.08826420976864566,0.9142449829229937,0.05021025846215402
0.11114919821387702,0.9963045743719491,0.07004681416277639
-0.37285596880112926,0.9726451363710585,0.018232456044992032
0.09962288942462741,0.936278449860287,0.0360491904517761
-0.03948653154197438,0.9035581803739687,0.059480861175740155
0.21607261954971646,0.9214631126243852,0.044828647679561226
-0.24847379388657218,0.9209462106442307,0.03934388509101994
-0.10165216441580319,0.9740821888638115,0.03565546267812028
-0.07125557918926996,0.9255365187689512,0.06332220079105108
0.09555974255785236,0.9465024950179237,0.020016908411277477
0.12674872706282916,0.9935091674470476,0.04664803663161237
-0.03638626020699664,0.9141551744586306,0.06592308651202598
-0.06999840102526657,0.9198281264520897,0.04838225076629049
0.40331930080221307,0.9936335743892478,0.07408476312123922
0.25011528565405244,0.9391175240924331,0.04045055673217417
0.07728419741294931,0.8878643715357877,0.07473594664697289
0.30218717125501593,0.9537181051097922,0.035685329776086606
-0.41708335862018564,0.942094389581668,0.005915313515688449
0.0953855299929024,0.941392850705051,0.06565436671869909
-0.3647786567358501,0.9768801122160028,0.08370965350995091
-0.146877200639414,0.9479864263640752,0.05287948147916093
0.3089885951310978,0.9760956123714525,0.07367040689038394
0.14972139848524546,0.9332571107052087,0.08467272596586356
-0.07556260629959344,0.919599182282787,0.05101734935813571
0.0371012470052424,0.9505953714955593,0.012579662508868474
-0.17901128185945453,0.9903757268910034,0.03927239906963104
-0.03615073828080781,0.9544350199197258,0.08107140665476983
0.03917396780614439,0.9632807600884136,0.060648851404784
-0.08355914905543779,0.9370603942579278,0.028922842668862376
0.06373684063386535,0.9467099203811563,0.031050524165470696
0.16729397757341044,0.9819479956882141,0.012159104430379201
0.19510854900189792,0.949873549259402,0.06788194680295935
0.03649557324863908,0.9380478444389153,0.07128590106197216
0.012126198277509164,0.9585241763412141,0.08753690524326849
-0.021308084023781832,0.9592003473137911,0.028967256111607113
0.03630352860357594,0.9836563433457707,0.04268157362455042
0.20826012288709927,0.9252973082571802,0.0372821688599124
0.1261546733144688,0.9669193791787669,0.05651710759733079
0.11497520570090532,0.9378489202755752,0.0748598789270185
-0.5009348131892974,0.9509395234036816,0.05497872619736066
0.09261506519147447,0.9238939281093017,0.04751865389073332
-0.04118312490383247,0.9470248607204694,0.053204309232316754
0.03272795811329173,0.9777962057985464,-0.026969532999279927
-0.31122739981323205,0.93480193458688,0.029324782605193535
-0.09058263733396726,0.9228793345981898,0.054357971287584975
0.0975584229165659,0.9338073812792572,0.04553979065105263
0.05080822901424358,0.96247689916439,0.053836873087862204
0.01604857488317439,0.9329566647236152,0.0312515411920382
0.05023779146882933,0.9474936170334626,0.06286932376375
-0.4897678849778604,0.8979973853349205,0.0581183449086595
0.41444520598082585,0.9568873871845855,0.05692588558768867
-0.2849638117414247,0.9683790618557307,0.04264424848805784
-0.10992006760068831,0.9868194507592818,0.08258173916440797
-0.09716649391108687,0.9634548276957802,0.07954587432252871
-0.06431043985845906,0.9688890888600296,0.037837686966006465
0.002271480075411932,0.944847592137896,0.09658059684611006
-0.037993813455133967,0.9056336718082613,0.02184533763160043
-0.08643865566345287,0.9879065959567811,0.04593570988117326
0.050155261800081966,0.9341649214517643,0.02132140779051552
0.11746935304489868,0.9246425472855295,0.04476979735315846
0.2996413724441263,0.9248488511656529,0.04521812982122061
0.14403934528929271,1.0,0.057558729899959686
-0.24537883439586886,0.9677127818510513,0.054500338616425115
0.34136860087533316,0.9767175137855717,0.041508609757875445
-0.05454643272188395,0.9492379701441482,0.04692617265348034
0.0484879759168991,0.959463706018861,0.06829476081422504
0.2808878105844512,0.9371112837063229,0.06259722493219612
-0.07892555839858012,0.9254989197301038,0.00999068087791409
0.5025238214130345,0.9414496438027338,0.03054372422727772
0.03800627765231509,0.9169722435136818,0.10128343639637068
-0.198055732723316,0.9631416448517623,0.04111029167900607
-7.754611825085006,0.49726179476902793,1.1401575992510375
-7.526088571359671e-05,0.9646879593712664,0.05352959897400002
0.19945091759092481,0.9478536296618794,0.09743315319816051
-0.12035145347067358,0.9516325706616778,0.036588566796234526
4.983690478966962,0.5818687312972128,0.6744192986471576
-0.2188824767340598,0.9318516489832732,0.06399836487984491
-0.008087598263338847,0.9774788937505253,0.03334148014682671
-0.13998428294067278,0.959491789002164,0.07340939012636033
0.0038791690678925263,0.9591590569318559,0.04247270133556538
0.045588565760512484,0.9457869426125934,0.06146724730587622
0.06426337795374328,0.9296564641963867,0.04209436432519435
-5.128866788254788,0.6265822786785123,1.4318022199525253
-0.044905096782123316,0.9233796805658638,0.04304783209996676
0.09746294188933081,0.9536750789927279,0.022619208982449977
0.41137935476283394,0.9156296826872812,0.045598418770907936
0.010580082072630108,0.9446588778111139,0.035752743431656624
0.029119043264280487,0.9840555097510846,0.011683996801165226
-0.14736586248090017,0.9453647183661993,0.03564376103078325
-0.37575114675753707,0.9458900872371071,0.035404422570656756
0.2172740175542962,0.9542460540839699,0.018950673030463328
-0.07170096162355397,0.9405814789094877,0.06483870780086352
-0.19000613724282836,0.9395600841922228,0.055689478005280055
-6.6382352153706625,0.6308310266818731,1.4885712452298012
-0.1488653393621481,0.9001065213060505,0.0475882900114841
-0.11865966191528746,1.0,0.05031038476008072
0.058711792306627555,0.927027639785586,0.08214240544543333
-0.2527322944146741,0.9122720197005627,0.10301573834826475
0.05973338187662336,0.9274117241633996,0.07094101824033708
0.39362660368984503,0.9482159096706948,0.04235857161213924
11.876041016502276,0.7637922115762114,0.8799864173410057
-0.019221724969004695,0.9760710211756624,0.028955374568718474
-0.3871177988099861,0.9293693157180097,0.049440573831023155
0.20694123293352995,0.9827784240801208,0.060346738650397705
0.5236249362150492,1.0,0.04429460696991225
-0.011010370749954293,0.9256700634528571,0.015430825209740436
-0.04685648349856861,0.9162136106786947,0.032694670686924096
-0.2190353142580114,0.9451047192024237,0.011725059286972664
0.03348275651187987,0.9699067048079637,0.04655400003180601
0.020042094273612213,0.9845126331659039,0.044628415635330855
-0.1451653015562173,0.9854310199432275,0.03854746498654978
0.15380546669129702,0.9355815336630476,0.02530351872115695
0.10655204576201104,0.9863914995646892,0.03789953749316792
-0.14258084498269624,0.9568153955354753,0.04026135077986454
-0.1646765644092709,0.9340973147217754,0.07240110188862098
-0.07294681045726868,0.9540054548336395,0.04654252528482451
0.1547183040863685,0.9490676352524184,0.036459252349748186
0.20082532184331706,0.9821364490572583,0.04940011185637725
0.03448183122871004,0.9870337045740816,0.08535289137076862
-0.2564042686167644,0.96410631309558,0.009056008513294987
0.1920723202944712,0.9127611899937866,0.04762840560903911
-0.23437076769815834,0.9437172967836313,0.04176173615395564
-0.10835389794889468,0.9225422029553758,0.03863503340504203
-0.04202181550027473,0.8876089564459161,0.03926872316799247
-0.1377534643093081,0.9421544188714137,0.06982354369814184
-0.13882131003959683,1.0,0.05889604021453542
0.010810663433137866,0.960621613446205,0.03847907200438567
0.3186267890213252,0.9712844900845715,0.054739468194517915
0.07594611704125066,0.9790582150806769,0.061835422484852076
0.0555923419614527,0.9530650819137926,0.05205799636395913
0.021255817604045622,1.0,0.07018712044443641
-0.3621522923156647,0.965714508760108,0.027633197956645275
-0.20681090693561455,0.9408046129610916,0.04095501720434365
0.14704210568820178,0.883798887952987,0.10750381016241813
0.17078708866373837,0.9663042094044115,0.05187587360548296
0.10938705518383054,0.9757100673526077,0.02253114599316705
0.24615842918678693,0.9713601989816385,0.05502616268030781
-0.15356325949227523,0.9758907747119969,0.06198854901718184
-0.06905108697318035,0.8958620704224038,0.04208478678474808
0.2488693175957275,0.98413335191155,0.052644217517847765
-0.6018775988117457,0.9253112540252246,0.029663407350984324
0.29615555799307647,0.9306059711839321,0.05858446914447653
-0.36339038866054335,1.0,0.021098666043660615
0.11571203555645215,0.982162892715486,0.007395826524972962
0.03187903792013944,0.918798116789673,0.054918411700516284
-0.3547346784787271,0.9156931015526347,0.05509574414206636
0.30629213959921325,0.9482687210617173,0.053087979290750015
0.13017719331570612,0.9775445085892719,0.03509772846075697
0.2645959917415821,0.9903928465252151,0.03647470188016026
-0.05145224746962861,0.9492342714896946,0.08257242528056141
-0.30029558591047206,0.9738883545980476,0.07028363536024725
-0.2702110329999883,0.9520774604287295,0.06737313927052901
0.25037198062088034,0.9342250601145402,0.01992397657208266
-0.021701395892976722,0.9532627637187356,0.06772035342058799
0.00042004223003462636,0.9588870953915067,0.048863635366081314
-0.1469900309021392,0.9794240025464693,0.031020879714011212
0.5036955910328783,0.9053763470070074,0.055313006458444926
0.2617905129996736,0.9561806739923416,0.0378046416696038
-0.012029967980211005,0.9280507399357011,0.04251538133806172
0.36705704002015477,1.0,0.043258875050233535
-0.1261083397862593,0.9804164276029125,0.02627483540157672
0.17675408375036972,0.9542928697007017,0.06566803001011196
0.23223945468322216,0.9244798782641975,0.0399228040873297
0.20549249490169286,0.9342726972737422,0.052167087972080396
-0.08219955110175185,0.9804880020269178,0.027406066819219067
-0.03258643135027447,0.9798865175430774,0.05575080977649873
0.09530159333135726,0.9417403546956901,0.08650062324640904
0.29368355196683976,1.0,0.05900356321100192
-0.10292397167818053,0.953845695740861,0.04139399121950016
0.16796653251249333,0.9713518519551836,0.058099204973846526
0.0953419072381763,0.9546097985093431,0.03239842585302549
-0.053150684824391614,0.9850072546836666,0.060574384593995605
0.0786284959186509,0.9517441380230806,0.0654766832707609
0.1530949526989337,0.9588089876441115,0.05038494220172954
0.022105599665352034,0.8964819461290953,0.04125479658847987
0.3128820038449419,0.9645972754804587,0.05832948098899706
0.02220310767060589,0.9326995586176534,0.07271602164427383
-0.3671419466862582,0.9219951997237198,0.068776763871759
-3.8303814983848103,0.7067903998365208,0.6031209906611201
0.2189469756952347,0.9295893131457382,0.0617934840633737
10.21726123480272,0.786984427551021,0.7315286450012145
-0.11942269212993706,0.8928693987994233,0.0370232092455325
-0.18859980990244912,0.9510405014309034,0.04071995780827613
-0.02151503620328253,0.9701581686694863,0.06887906844066448
0.006607344935773817,0.9323747697205517,0.04076773031541891
-0.07933158065151906,0.9173365096348955,0.046769698086205805
-0.040581050779112025,0.9885540322984268,0.0621360143297749
-0.13817982403865198,0.9663154828690663,0.047567368852592815
0.3560558017255966,0.9515608896707302,0.039870872813053
0.16628694497719465,0.9586293413964753,0.055288187032015775
-0.20775697642516358,0.9261855349146814,0.021269290907710597
0.04008550559421077,0.9477402806288663,0.0825620967909008
0.17936301147240374,0.9498630858987438,0.02018640770087272
-0.12374207934123214,0.9535333454108724,0.03158549438304608
0.11640333196110071,0.9142909101106551,0.004351852458672818
0.04640573055677468,0.9488466675898317,0.014684733512793834
-0.04015579372525661,0.9415427419450727,0.04459756307187698
0.08143150225682975,0.9610394249793607,0.01937784662296708
0.17907496554542582,0.9217283049346626,0.057458208120005336
-0.7012468644289648,0.9932964553719057,0.05689104719255299
-0.1697427926642646,0.949733310563746,0.06454888719396253
0.21647530523394962,0.9406720214655774,0.042367129815611665
-0.024330992572438166,0.9749470668523331,0.015228595218721289
-0.22254258392920048,0.9879559512581376,0.06437647419707697
0.10263495784319088,0.8791863887940473,0.04201913386992747
-0.0912983713285831,0.8965871389908044,0.06358021889016058
-0.04845273759375123,0.919661052626119,0.05921150478688045
0.046713779090554575,0.9312767208071341,0.08685142520472768
-0.29276856467544093,0.9773850980205029,0.06576793533858327
-0.030232158106423115,0.9149243228667046,0.009652091747220697
0.14243899349695813,1.0,0.029304154153904846
-0.051412180452131084,0.9543404051289851,0.05956615850888258
0.18369175348727806,0.9567365554304001,0.07767239906488843
0.24465192036793174,0.9349908391197292,0.028814281555391875
-0.2671495481044949,0.9247677431176587,0.02951775008514188
-0.17761053900738627,0.9346595588148948,0.029889662573696633
-0.0988004840471886,0.9185833943723254,0.043963042158142195
-0.06985530693906376,0.995883952158674,0.05256115202057548
-0.3364182438525958,1.0,0.08380669546490042
-0.03401829863484221,0.9394852742670246,0.061294270637442895
0.15576834505437348,0.9751086083657536,0.04411319483609621
-0.2078648564885521,0.9668360720326946,0.0454403386453329
0.027131362095453096,0.9945140766205979,0.034842049929164016
-0.1142886841559615,0.9718040365168942,-0.00838564763398155
0.22031864553704256,0.9665544186859875,0.05400903538948165
-0.3799027606643432,0.9478674680969142,0.03391335106309204
0.07209198404169159,0.9815164784852494,0.05613108732343861
-0.3214148925858166,0.9974921615670362,0.06634378353691874
-0.06320285337522351,0.9947933273235311,0.023696061638656257
-0.22480236175308654,0.9987129921101467,0.03971666833279969
0.24531536420067784,0.9775325676926071,0.03777500420712687
0.1964265661645551,0.9464671957950366,0.04136351463203287
-0.29629386965350407,0.9298618766096285,-0.008420283611255311
-0.27890410971691,1.0,0.042703037548052346
-0.08529727053935128,0.9512994633417439,0.07592765727621006
-0.0477764934702548,0.9469933613375511,0.047616649983345735
0.07200303882227536,0.9338302752284715,0.03746296698042979
0.08143238123841434,1.0,0.022191872369577925
-0.10466140766821973,0.9142088818495683,0.018247370301674663
-10.631752141203137,0.49587739690914273,0.6452806028895561
-0.060150873602805625,0.9334787956850442,0.04874801766310641
0.05312895862202134,0.9389458384882082,0.03458483530449827
0.19812689672190156,0.9204957624914435,0.08149243751502627
0.02330801134586315,0.8862835029923347,0.009743752072353638
0.04166996653105259,1.0,0.02214461743646952
0.3154183424051652,0.9267551271500037,0.05664880166855439
3.5283903841513267,0.7207836840198059,1.3745925105624555
-0.053238008104362015,0.9734630595132239,0.03530355100391698
-0.43071707425752453,0.9830450266924127,0.06040297929719494
0.14711694754293816,0.9979834874664449,0.047684364715305565
-0.025120410740673595,0.9241268454957815,0.03954859675044954
-0.26024751729424367,0.9259387629765933,0.0664408194735649
0.08719304254153042,1.0,0.06946689228765704
0.24279124195560337,0.9926807260227278,0.06540371188158835
-0.10713899443373112,0.9844462884174314,0.10974540232458932
0.1185031273223704,0.9363482177506608,0.07507566365433115
-0.2349070914406418,0.9954129196395092,0.07540889305126773
0.182443198102196,0.9741903577243803,0.03896563294098682
0.28042286284901957,0.9660874175768496,0.07428097936565357
-0.06581018135344827,0.9736009174490327,0.05425069557547628
0.09672519568658312,0.9761652826730512,0.0614838335554011
-0.645775060653323,0.9333994762499501,0.061128901421729706
-0.17581569620648496,0.9217481554962623,0.04534685407619993
-0.09475084903528504,0.9047839304976579,0.0636239258125351
-0.20549589368789767,0.917816622763033,0.044450473154597006
-0.10611859058096958,0.9462590798983367,0.04168378986135925
-0.39723089328249106,1.0,0.03167200541734669
-0.1479991433700058,0.9263446976830407,0.08400337860561574
0.19048104031199384,0.937026098702035,0.02816534709648406
0.08996741029525071,0.991478315338339,0.023199346488568865
9.069745411583648,0.520818899473205,0.5855029738236177
-0.09409277465481042,0.9553377181096594,0.0450682919073377
-0.18966975120112747,0.9938036650277414,0.05496394501301811
-0.2039440392348952,0.941960083980647,0.04521485460133327
0.42260756164983254,0.9434056541957189,0.06355824640450536
0.13087540613620555,0.941976239266628,0.03903449537628009
0.02721163842778725,0.9268604413066083,0.03918903355101547
-0.1654810328636065,0.9852625974383699,0.05232337442695727
-0.19113687738218357,0.9293122981829772,0.04522510336060943
0.1574807266532482,0.9562424866935979,0.009589400297346035
0.30436105607308234,0.9418226565257463,0.06791023048945123
-0.03182604197291597,0.92056388830847,0.057288113407578216
-0.20786524071344556,0.9035457221567553,0.035067384417528644
-0.25165655081830485,0.9729804669404315,0.087005446650821
-0.20925511824100249,0.952532670041641,0.005811708971601777
-0.13740189733153638,0.9552689038156902,0.0707792557945719
-0.4530990819343946,0.9696722015234458,0.028247003108705003
-0.06725338262235396,1.0,0.04126096652012308
0.22497198859033404,0.9490214915339109,0.06316180642973566
0.12469581832097398,0.9030874773074963,0.01934995512663151
0.02283138108652296,0.9120393499289514,0.0738484766371433
-0.21319750350251965,0.894000033370614,0.0537329575414304
-0.0871304695365165,0.9569559651187811,0.030646417563588893
0.054034639483579894,0.9971063235812739,0.030643303085414738
-0.13431752834638555,0.9407504873943163,0.017917256961801978
0.050446803845864266,0.9406196386760743,0.056708649123272656
0.11511788865296957,0.8970187365691863,0.052999602212239184
-0.24549275471811272,0.9456452827005564,0.03688318338362127
-0.06180272730623988,0.9616981999640296,0.02918600545871312
-14.861384967302179,0.4198573515926969,0.812018620223482
-0.14051715300342907,0.9367683124122749,0.04531612107298863
-0.03504470515892548,0.9363948947860742,0.010703427604851129
-0.2202904559807906,0.9420677598612031,0.04871939636183499
0.11953985264252881,0.9472728661381564,0.050377279597590585
-0.2778200821221876,0.9607200773554999,0.045053880609261354
0.10230802511634639,0.9648491922378969,0.06465252094518162
0.01608908673423015,0.8948535910701074,0.036787992068345696
0.0410624683371095,0.950546694466946,0.05144225138832253
0.22331750758533425,0.992652539688525,0.04204171061429893
0.11801395836990398,0.9404218653980086,0.04205582463702731
-0.3159846860421634,0.9490577544353896,0.004956236583803002
0.12347601438433338,0.9147767435543737,0.061854601676617035
0.31543486814331234,0.9109107641263753,-0.00019610625606187454
0.23406977111071356,0.9225692853023265,0.049672827820595865
0.49779824953530893,0.942824838118261,0.03300961866225303
-0.03429947784721308,0.9742891450083226,0.06621250534120764
-0.16964604783766715,0.9957584634575644,0.028395993043234438
0.09111374380448525,0.9307465123074935,0.07284536285563252
0.06943389631937304,0.9287170505023964,0.039352728031222486
-0.3308176400838167,0.9629739475314071,0.051860020390136444
-0.12377654086139495,0.9547001878473597,0.024455838354436047
0.04162563337870673,0.9404493037133534,0.06025720621933915
0.19779238848480304,1.0,0.07306055061565433
-0.041135481592091294,0.9714063375112546,0.06421195172579564
0.021000665463708844,0.9762420149572751,0.020736496692349865
0.1429752678981975,0.9319567825729518,0.0643035232401303
0.41778021656683734,0.9353610146870601,0.07349211653433815
0.11771453775369159,0.966494794499992,0.05192793549852038
0.1016420838836774,0.9645576400787221,0.061137063283943
-0.24744056098469636,0.9307002939425411,0.05092916272079382
0.09958893994692497,0.9224804340934885,0.04712718796345025
0.0005727935429950298,0.9842884376068065,0.02433472297978412
0.1921664175253801,1.0,0.048361207549646575
0.01839864424117955,0.9327654156386688,0.05788987751197322
-0.18801718123875127,0.9186261241543076,0.038312759532104876
-0.04358115840838642,0.9916157425377354,0.060390963377610886
0.2743437002947295,0.9526368070167429,0.026712406522434336
-0.020490566563432556,0.9928219316089086,0.04915079468385924
-0.14651339599755356,0.9618433675730591,0.050130953230382504
0.13393827826687962,1.0,0.07729194525274047
-0.05525679144388227,1.0,0.017410930207951404
-0.07935654352907003,0.9083394150408937,0.01654533790074976
-0.15651883846662099,0.9008297452816478,0.027265522053303227
0.24571959165064708,0.9443557059698447,0.07286784853019639
-0.11316721660646085,1.0,0.03474636863658805
-0.1376428809209219,0.9436991549029555,0.08729476842719769
0.035390886492678277,0.994736994451779,0.036411598246556556
-0.10372562057804134,0.9796854749239332,0.06057052615498342
0.22563837322034708,0.9692650671756126,0.04036140773097756
-0.14079907116288118,0.91144639341204,0.0374506774707874
0.481650869502389,0.9337587061475829,0.06634610151384944
0.1833844797496006,0.9855121148808257,0.0631171707695437
0.031138815546663392,0.9526740146123708,0.04514947315271686
0.1013364561185963,0.9426161976235389,0.016678737360288742
-0.0026741351243383857,0.9478123508924374,0.045947559508857067
-0.30370637541932444,0.9346987464209993,0.03166161113235562
0.13861865216364866,0.9826082998773957,0.013934086585949933
-0.14389311188505474,0.9905656730075606,0.03314364620497512
0.01913243667181346,0.950157897605114,0.07119294235615307
0.09180658849667872,0.9308411388430933,0.036508983208435805
-0.15256454797905694,0.8980841234576222,0.07424096558097835
0.10396265728441656,0.9794286378311616,0.06093485999864522
-0.11465172374174387,0.9903188335105808,0.028871507954543952
0.09695029523321325,0.9594474662898779,0.023315304474278008
0.13610107685307823,0.926133691205979,0.05504198709685923
-0.13620775879812433,0.9643329293560462,0.054979192107449955
0.016072116738026845,0.9713296902033457,0.05156902917660625
-0.0990729195674589,0.9295516656708381,0.08599198221965831
0.031472575591903716,0.936301581429995,0.07171525051782324
0.04422938197457266,0.9461678145605183,0.04615953042296091
-0.1389184058732232,0.9235801200027005,0.07054213293033554
0.0008996018166748964,0.9567663653786085,0.03975395066903399
-0.03612682069648416,0.9762368219285289,0.03791511033165341
0.0696702357175284,0.9422127687815464,0.04053386430086287
0.08171658604563009,0.9396558083789973,0.05422040757980345
0.2353135975508064,0.9196020742667417,0.07670017447178464
-0.2821387814179499,0.9620956795397086,0.06738898607394178
-0.29468102318008865,0.9857613027378445,0.04835866586012843
0.09050238145506569,0.9399595510244453,0.02506786490994705
0.213875365683362,0.9345967104631856,0.058291353715937584
0.1436603165891883,0.9260884267350321,0.046167267635935316
0.3045694106144492,0.9384964261252883,0.03749625065565591
-0.033000705352960874,0.9857934982986661,0.06201392413546256
0.12178064167479302,0.9682815005121593,0.04482546069372292
0.07016107934873508,0.9494680144920127,0.06615693900116747
0.06473589330600303,0.9839421891805878,0.07810576805291768
0.19850237344853963,0.9883010089042025,0.055218349415649196
0.24235126713305608,0.9159345514893724,0.024730243678164954
-0.054070022377073534,0.9409210804542457,0.052842280429311
0.05693375705533026,0.9104977034565782,0.0497800578330895
-0.07807198279032482,0.9484625180034977,0.03359766895702897
-0.22995365714106872,0.9480623909860533,0.08029249719005403
-0.036097826317241365,0.9399359789994362,-0.007396283562172819
-0.12584934256812552,0.9500573394538783,0.060393108161042194
-0.3491608040614954,0.952923977459194,0.03398242920308027
0.04916409134596591,0.9595567077880477,0.07742160579513524
0.037263077654335064,0.9573870711879676,0.021327905703144613
0.0781498340255039,0.9311187195709772,0.0706768036958527
-0.0600328076345249,0.9325734782204915,0.024316499066982328
0.1492145023844814,0.8850528752096237,0.062365804215177935
-0.10860351459541669,0.9509515426668073,0.02891783282425132
-0.021876935875795058,1.0,0.06272523454154948
-0.09680933254688208,0.9475035669620886,0.01898334226875297
0.23113062656223585,0.9614350122200102,0.05820364800815138
0.3333075298563446,0.9187007187032368,0.033297036172575456
0.19615052169095337,0.9409477882621048,0.023400476927198263
-0.041802515787464745,0.9427644449609823,0.06276769513778
0.4109611033765411,0.9731623597162655,0.0572559523507075
-0.12666970511435113,0.9119712633039782,0.07051696798814916
0.17382572912803052,0.9676665270621434,0.08096841899992299
-0.21103670552059653,0.9206568502617986,0.03884683551722864
-0.2862378651224115,1.0,0.039278661405420356
-0.11578900931795853,1.0,0.07165525949236157
0.38465645601521264,0.9548214009200034,0.06994255887810222
-0.02341840988560634,0.9382475068360939,0.10085934883758133
0.4083183656574522,0.9438844967949569,0.04576715434305826
-0.10288794556525974,0.9415597082692371,0.029400991784242655
-0.2806718648043316,0.9540052666569999,0.04023517120844115
-0.03760206018587689,0.9587332872099668,0.0721031604151358
-0.12377472663940133,0.9111382645833458,0.05287921620274836
-0.1830258868258226,0.9439582739986464,0.06470677056482685
0.12530332349901355,0.9608569822944303,0.027642431102395275
-0.17740696048936483,0.9101427190260554,0.0377249230261594
-0.23251092753425553,0.9917081002795602,0.04854692881249931
-0.32269397792754934,0.9678655750908075,0.03829432861853537
-0.1549902499345404,0.9342840134671834,0.05598800749093017
0.08619650600868232,0.9592119249496984,0.051376644375137476
0.2109967900365858,0.9918203917350475,0.03331109567766735
-0.1812465655113283,0.9543557749696772,0.06378878736480337
-0.08684151470304122,0.9765357138806725,0.034279299449753796
0.05316946917828278,0.8816279538846356,0.0685873034842746
0.051586022397661115,0.9474027577891387,0.053502586483068264
0.250685575091931,0.9606930920919886,0.03609965923161419
0.2382349581490721,0.9164934371242013,0.07650753566236324
-10.736254765310072,0.5016316670240912,1.3019333610710397
-0.34016776351921485,0.9396827390653,0.0591650053517755
0.22842389485359252,0.9251837651229079,0.037217314948189695
-0.16555749734590625,0.9503847174371731,0.06682979929404159
0.03279638589098464,0.9726632416422254,0.040437872783096046
0.339766457038297,0.9586749427042082,0.029283160678025045
0.24100406648682743,0.9517772142282503,0.03701899873199352
-0.044145892017436496,0.9255234999284387,0.08315809768418783
0.09622348656028783,0.9148707676368597,0.05150219963262614
-0.08573422248879313,1.0,0.06208948533720808
-0.0683089792394901,0.9267250395988551,0.07436949189875094
-0.35410637545278656,0.971407873573987,0.063275692429338
0.038410233069854,0.9351123339853366,0.016549888802939998
-0.20658526910530584,0.9834563511521707,0.038071819934806315
0.455600120946728,0.9408231899701263,0.05234803621145558
0.07054445843979006,0.9486234867886981,0.03222463981403266
-0.17171781026949007,0.9473048865485076,0.03577251241416807
0.05875696470965674,0.9087580916442499,0.018727969628777708
-0.09890446261641125,0.9606018009247056,0.030952378365995317
0.10652725491331845,0.963830516971215,0.08001145216789124
0.025486541631400763,0.9186473342922835,0.08213068837459753
-0.08090140704043494,0.9925559328142367,0.006973296465669174
0.01584148990003408,0.9370059120023826,0.06342657365310253
-0.09624757868555524,0.9546983649700039,0.05463913308861361
-0.15312848526996958,0.9002090257193796,0.07117251236298439
0.05359442056610734,0.97548949433065,0.08298150395799553
0.006933429347917821,0.9379762880877969,0.057239177144956396
0.22724062143079934,0.9460590981334064,0.032207165206993855
-0.09640638299380004,1.0,0.06875832292656499
-0.22608432247880655,0.9433064159937551,0.07726673963610085
-0.018527725967282832,0.9298862180056965,0.0379130149883234
0.135649041115299,0.9186279950394511,0.03348780212644418
5.592259778617311,0.5748110041157045,0.9653092718100145
-0.2649586745025057,0.97204532449253,0.0844574094258708
-0.13428632767149035,0.9716871388537461,0.03017878517276045
0.012631247490575518,0.9625439354484396,0.06080529449268215
-0.11045043884114306,0.9514411446461313,0.085417064758055
-0.216178364720097,0.957380179780897,0.08179822421675464
-0.36286333019701844,1.0,0.05709568407473174
0.1420689588501844,0.9368016882382499,0.028854248730563196
-0.001986919689000014,0.9484394685404397,0.0503376842399936
0.3401494130257766,0.9052726402832411,0.04746248717187489
-0.05309367925343226,0.9200123233478429,0.05314934214706692
0.06218687421855898,0.9476452941532847,0.052787812582706824
0.1377799610628466,0.9198152108313874,0.07999588401034002
-0.1371512244560335,0.9023352613584249,0.046943420775811026
-0.18704158138857083,1.0,0.05780052908392007
-0.2691781024538782,0.9379957790436356,0.0564986465872583
0.019464598109789604,0.9557833558520202,0.06498231812064482
-0.09922198783606039,0.972274430042269,0.07916385643723935
-0.19922096213482834,0.9668010075879672,0.06644611712374887
0.32991498807134934,0.9319079754848317,0.07795085516518337
-0.09343266049128292,0.9638360991445439,0.027601171647291516
-0.08591571198860504,0.8640891511937552,0.03421601597709239
0.003427477967192661,0.9649889822944598,0.05818416670002184
0.28695640076620543,0.9473065504142666,0.03860622557371008
-2.67108240346463,0.7600938633360333,1.3601833716381422
0.005113712429418279,0.9744758739511413,0.024091303081800023
0.221208485275604,0.923748909724149,0.03406903112993008
0.07565594073574027,0.9055043561445528,0.03701867832823114
0.29139533293204084,0.9751114508517761,0.02591473840479811
0.1266704886465357,0.9897443331109839,0.09029965795149505
0.21467956200376537,0.968938250757005,0.033501560172527575
-0.13377352394161515,0.9015591425943658,0.09549122025445361
-0.2327827439672181,0.9128538162297827,0.047913371759935916
0.14136745036305925,0.9313392850918923,0.07141112505927456
-0.14029645000661833,0.9745599839405928,0.07290591962038682
-0.1937214688892911,1.0,0.09951257684921849
0.00788018961641565,0.994452060661713,0.07753093642011208
0.1947937121932133,0.9795022156708724,0.04679833455980559
-0.17717900768831985,0.9525121246905092,0.08992292834332608
0.017788018184651002,0.9654065461672536,0.03834506854694088
0.4358697616429996,0.974165404899773,0.039089755690877415
0.047407895727394324,0.9787914293097624,0.059991140464058096
-0.19836808309253057,0.9058777056883384,0.027202681272841037
-0.05440067855663247,0.9250320807272454,0.10013227062106311
-0.15931795632117113,1.0,0.06985807788301923
0.33968776831510544,0.9888788024230821,0.038184751848387495
-0.006469482298778154,0.9355524612682096,0.05378890760308142
0.1281882831692153,0.9179229401584179,0.026531658277171223
-0.1510586490584717,0.9576781958871805,0.055655460181624185
0.13590445591528047,0.926206021712587,0.08142437820197751
0.3449904245649614,0.9772867781530407,0.06742475317922247
-0.0791381813542146,0.9761173920058143,0.0689576196469295
0.15407642172221905,0.9155781155680739,0.033113854158521416
0.004496183469184954,0.9123210110366469,0.06242776727335199
0.40308800098187964,0.9700119668368344,0.032076917187691324
0.055211283635599386,0.8903556462032071,0.06500386732436206
0.2540833267353807,1.0,0.04358873168883691
-0.12353946045735767,0.9524119474870392,0.040636294608589085
0.030353584930672972,0.9846776515301146,0.062207338732013506
0.2162943330109354,0.9737840529122238,0.06392355227983157
-0.011674837711161385,0.9691836576785864,0.04839489109376726
-0.03954995009431267,0.946757254016668,0.04821548527836742
-0.3179660807896184,0.9266241680513121,0.021857013817036416
0.2240652415002915,0.9747621927595407,0.04915350462505244
-2.376872228452309,0.727739365385451,0.8070491517916368
-0.2968358458154817,0.9413481274735674,0.049435077067826114
-0.0008260131077911848,0.9649615230150048,0.007628361754982056
0.23786991692758816,0.9663684530449035,0.06527955305142258
0.10741477092744123,0.9719602445562601,0.017672363300995392
0.014171103819540468,0.8800659925225366,0.09807809700693246
-0.09885460620130732,0.9822102746453981,0.04157112245938262
0.02426154226080321,0.9547391973862255,0.08025435845477609
-0.06587258705575612,0.9694828849735746,0.058369465330027695
6.003107883981521,0.6919810344072629,0.5735813578380818
-12.06679666705462,0.741182438867748,1.1442916522020035
-0.22882308268116597,0.9551721322127789,0.05159367946555612
-0.16980284778692567,1.0,0.042615102425402555
0.16618862008043014,0.9476660699499534,0.04682411374883986
-0.1942494914956545,0.9248806538181044,0.015255515703172823
-0.15989055561338622,0.9351547590802931,0.04868103667063792
0.12400493496977393,0.894539202470813,0.058868347726856216
-0.291846171375206,0.9303368953522089,0.07456440927291003
-11.288888934912997,0.5236195584307273,1.4577082491413376
-0.045875801123416604,0.9447773038718814,0.05712802427380384
0.21160299766571194,0.9049275994816198,0.06745754606319145
-0.1241823824515431,0.9434932998677852,0.04809522988014653
0.13246790639511233,0.9006264798199395,0.06449416376294685
0.10462255472942049,0.9275493531761542,0.06943539994185696
0.09635661673035216,0.9745598499086289,0.058011268451221384
0.11127366731550832,0.9655583421190735,0.06372058530226378
0.013157732010822787,0.9591975777898265,0.05877196593322059
-0.18014917180984033,0.9455424556532261,0.0745643603900869
0.5666452823242336,0.9225892896741746,0.04774524714823326
0.15399767734919503,0.9988904545382409,0.05011899890127372
-0.17868496894046762,0.9621328722799609,0.03533027470290658
-0.24354712676474463,0.9796036036519479,0.062402443572250894
-0.19926558007084183,0.9133960383097817,0.0696412967357049
-0.3931791872281707,0.9592095725741075,0.06112101482755613
-0.14941162253295068,0.9237923137943522,0.06590741573566967
0.021039526592632085,0.9461206124089745,0.060298132765337416
-0.009555007192872493,0.9834017786043967,0.036641677347316
-0.01612005468692723,0.9586371204381384,0.04787773395733142
0.06396583395872736,0.9158590247984192,0.03903141634159016
0.24551489651954328,0.944501478195691,0.0840533703646909
0.15302266015755442,0.9195908987196113,0.03357978781013658
-7.189669868340836,0.5821727773935861,1.0166486506307155
0.2680232256064579,0.9330931188218593,0.041913541299907105
0.08834540645226528,0.9166526515812572,0.03054670979440217
0.4469827422953775,0.9753392421516539,0.06775228010823736
0.014388297656778626,0.9609665425762088,0.038782824966840684
-0.22633809922574685,0.8935577152332022,0.02991744091650227
-0.21522315264385067,0.9450479008379878,0.05566539207448905
0.07316016480311956,0.9705772545253191,0.04332982362068584
-0.22951489586672122,0.9403509328366219,0.0280905488017307
0.1770983472162153,0.9544779246047269,0.04701657865793
-0.4580220541382099,0.9102386254838514,0.09433987460211286
0.1976023894038945,0.9910257982875255,0.05709350646135024
0.2205128567125807,0.9345632870584807,0.06843547436591219
-0.0027198690258703217,0.9482015763334152,0.06839339375216437
-0.1389590989274551,0.9822901694181683,0.06070248250121925
-0.16966761147690185,0.9284728162708178,0.07072277657897272
-0.5381075275951567,0.8772447283258664,0.01651717511738262
-0.12709237079555913,0.9115130566268426,0.038883038959819434
14.714053945166087,0.496901571730025,0.9440224153859524
0.07897727995630428,0.916796635705151,0.06552223551803187
0.0665778570861339,0.9844068002003868,0.05717517476102803
0.1007969968688589,0.9893806099196119,0.03785591580712371
0.15633883518574052,0.9746359880822848,0.07069866465653066
-0.022093494608109162,1.0,0.07270605940395436
-0.07593923064360897,0.9593135708581935,0.04565953476176857
-0.11815605739725554,0.9809302832858906,0.03352338242834725
-0.37159648203349716,0.9731455704668498,0.07441900815727845
0.36540731782676494,0.9069949347654054,0.021140979535561332
0.26842358920541415,0.968008259713152,0.06148147404567351
-0.3413889304557971,0.9493978239861236,0.07536335626532757
-0.23131137878265232,0.8952791628209595,0.06879407480628301
0.1068738607696687,0.9275811062669662,0.04390810042893723
-0.028410861080388802,0.9071472560011036,0.04056865076297493
-0.014742877468085183,0.9396161630485763,0.019223451638982068
7.039338649473337,0.48363876665874933,1.1737336111639416
-0.14754597198892508,0.9121860798615707,0.07140175047551536
-0.15294887059678977,0.9246835511413664,0.057423223091203325
-9.315898852194785,0.43563031792678886,0.7852844142016272
-0.17508738535445295,0.9511273138860404,0.013450204897921543
0.14699936051322857,0.9213986366438521,0.07207612761366711
0.06300796606047386,0.9503247967594185,0.05337733482947389
-0.438894435656482,0.9178124154217165,0.038435384535561765
0.03294734816120018,0.9505531624502334,0.033949262387745385
-0.10467963507876624,0.9265801124166326,0.05778051159472605
0.044459161266376834,0.962170616368161,0.030810768556903883
0.23308479695423,0.9561953498543979,0.059561255024171894
0.06126070276529436,0.9614321161279622,0.018400044778097813
-0.22820887384352717,0.977443325413133,0.03632075945402375
0.09571104525475316,0.9421696122406871,0.05153457816193284
0.23865718278798764,1.0,0.03260175291863078
0.06459139904661552,0.9786292851349063,0.07032759751885778
-0.23081429656197128,0.9376996666470296,0.06024230739947878
-0.012623288583920839,0.9965803091841491,0.04806513629816199
-0.13933027083898494,0.9388128866183367,0.058860305139753995
0.20816454778432997,0.9478134269691579,0.04278926124011753
-0.2276801417083347,0.94384675173452,0.07935745990892268
-0.07005585468071274,0.927981309719598,0.06304998989026095
0.19967582444031415,0.9368908641516199,0.03790948795995277
-0.3014038110397206,0.9189285012817454,0.06497822549992305
-0.16774986244347895,0.9613894142692894,0.05776926762810493
-0.11403006517443876,0.979667033607991,0.033220997698674926
-0.19335836765760475,0.9471880126312175,0.06242654340020301
-0.056812094565690974,0.9212034850216874,0.03824608767441877
0.4796900581306425,0.959168373303241,0.06980409400451525
-0.2651258925994664,0.9635741534827157,0.05222637755847569
0.14411411041404887,0.9315246273638983,0.021144256143062746
0.4133013253019788,0.9194075883611842,0.0873145078470111
-0.11468651622194903,0.9242191032840703,0.07011644772612124
-0.2217256779480489,0.9538931599433009,0.04493710665688126
-0.36390823454260707,0.935203418079868,0.0784108387013964
-0.12176420253491045,0.9835439577910254,0.04741755834003303
-0.015457669069629183,0.8765088466826934,0.0839162771733915
-0.05158979940629169,0.9536592354273379,0.016442790260619684
-0.17917038117191322,0.9067203258024004,0.033142005941869446
11.138523569047164,0.5471577582969502,1.033064467305993
0.3227851552468461,0.942031776924655,0.06637366245973655
0.17733935403919737,0.9757418007810341,0.041697300573699525
-0.22060138118357708,0.9509091099966431,0.05046962258654786
-0.16791059042987655,0.9727435676368503,0.04561120445200334
-0.03843177268893869,0.8960035617498764,0.05866388845916366
0.1303296080943094,0.9296551902273181,0.060465033652598144
0.16615805274583767,0.9422398217797824,0.03228605958715376
0.1741908963616215,0.9765954870425745,0.04402710784879616
0.022713901698632286,0.9740388285153048,0.07125655271290343
-0.15024398258416816,0.8867938827387916,0.039761054176930384
-0.2168438927030304,0.9438074671120917,0.056952725760097286
0.03613955188792436,0.9441607000194061,0.037661825526313204
0.15108873946127999,0.9385488577255915,0.02188258602854991
-0.030378266644616788,0.9760661527596799,0.06143026213973375
0.0642301587034808,0.9206210763044262,0.033462497984583436
-0.11309171060116881,0.9965338280419204,0.058759418497974815
0.1440758769943344,0.9999623508157041,0.04573573454219927
-0.3629460715151636,0.9806325207703104,0.04064708946325022
-0.2396737132692985,0.8760662778101614,0.047239904038482425
0.3818429512919062,0.9393654140160256,0.04602956327912496
-0.2729372241412881,0.9426340882281965,0.07779561475557012
0.07686325538491698,0.9421419342008679,0.06232241416988912
0.34294129231077275,0.9710831060181381,0.07218209021172275
-0.24714562026353437,0.9243716004116411,0.06110933917477027
-0.21125447062366165,0.9130743895426209,0.04885613963430996
0.23383744029289122,0.9457757006655864,0.07455523833919395
-0.13408294814595456,0.9692365805459392,0.07777828139344689
0.21764852619615804,0.9752937003817143,0.0534154732056
-0.26615966564722915,0.9482150830359055,0.0586862347721068
0.04327479286430462,0.9760684351291755,0.021961525821431384
-0.24218112944130887,0.9227411672082092,0.026365218104441087
0.46281289943246806,0.9322942737756189,0.011859197217669787
0.3137878435200528,0.914886343334732,0.06865884412337746
-0.03187982398128497,0.9187938233413152,0.021989577181951558
-0.3154165003474756,0.9579477354138172,0.06204244904026038
0.19735913825129284,0.9515624974074118,0.03620935306714232
0.09948946202007686,0.9567570679647887,0.058065002523275844
-0.04403272225858792,0.9547418855519852,0.02752248866198674
-0.14654682575811537,0.9371977710007175,0.036857268710949326
-0.24449404041828396,0.967071918154064,0.09127030745470163
-0.1642849182230839,0.8812448352631702,0.09932487968578607
0.3844271002777416,0.8949537990984648,0.03635875044529465
-0.3832880599726454,0.9380034061431929,0.02263067960806199
0.35506531388067814,0.9485189039660971,0.03614141392317212
-0.011609832811005529,0.9788306847394463,0.0410407618646437
0.26465666271011096,0.9377263661865214,0.06654520057080597
-0.10098925418226282,0.972196037946214,0.06852491190223191
0.03436399257514263,0.9510433475904192,0.06174848684207066
0.0956562599534944,0.9325832576865027,0.0670834421555426
-0.15202299781440753,0.987915429087546,0.04832213534611316
0.14726667522323014,0.9326677634812867,0.06068437869024262
-0.18332634060039876,0.9315556934549011,0.03542264860846771
0.25263523311998065,1.0,0.06832522978843142
0.1314670002825614,0.9620745670769172,0.061757485295445114
-0.4586880429147927,0.932129388731931,0.01872743543297222
3.352910856962991,0.7706018273485382,1.3691525595256802
11.867392906780282,0.7210557074755306,0.9154908975207342
-0.09829013496389542,0.907518727532532,0.039570442465099546
0.22345872524938312,0.9758357461993616,0.024390299954500913
-0.11081035562833151,0.94272128642241,0.0584957338498423
-0.47488461366471796,0.9263627963336697,0.037921367142471955
0.13823192715431307,0.9928806490785438,0.02545868428646576
0.14542833238438277,0.9843675754723625,0.07463424824141535
0.11727669943946387,0.9742808560739327,0.06532319978169038
-0.3355127309957881,0.9262450926515429,0.0699448066973156
-0.10438461526669135,0.9132816875926496,0.04006815649600204
-0.1548728115027225,0.9751488278659695,0.04998026745386253
0.012618042839349447,0.9188584039778178,0.0732601153680475
0.02871661101600169,0.9453745555989951,0.0783095494063801
-0.3762726896455224,0.898399392791984,0.05567285987036409
-10.291545873838144,0.5448289520529555,1.0002166983819811
0.2577938001169611,0.9393046729329294,0.03660370172515091
-0.08680902341189672,0.9547359853382019,0.03999388756869458
-0.13220352346890246,0.9773331380630286,0.07740497693721343
-0.03066463798836814,0.9509742723346107,0.04237552429381928
-0.11532224735381505,0.9066399671330624,0.06634924888697229
0.22322880134136655,0.939239491274153,0.049256545977812795
-0.129175237807486,0.9708524387033197,0.022525256871635053
-0.12126629848864537,1.0,0.06061423150560678
0.10130739032158675,0.9705737434084111,0.04338771325667085
-0.09832554472514565,0.9817067992566855,0.028739887570933414
-0.11800276577802937,0.9325953372131771,0.02721350756850478
0.2266502765324362,0.9778551485587811,0.023055264772518486
0.029708217080572065,0.9756547972931108,0.06021487237243194
0.24579547224517773,0.9243975804629077,0.040103083790889255
-0.05250051621816937,0.9419539630409725,0.04729206567682662
0.36474994486424117,0.9103074417871485,0.06428140958926101
0.21559055064967836,0.9118131236788234,0.05618147924706443
-0.04173336505737822,0.9508471654809794,0.060171973846572926
-0.22822622342898247,0.9647531697419327,0.06950217139773882
-0.08311559605500479,0.9911268345401535,0.07236877894301977
0.29937226502336006,0.9517614182559442,0.08258115371017727
-0.01779592328788545,0.9594611054981409,0.019784051879590148
0.31684523510878676,0.9274063473090884,0.042216624863978806
0.17577966537216938,0.9123589025871547,0.057122631100428256
-0.00027266231173897216,0.9387526405156232,0.06530380589674156
-0.19464231457436407,0.9124194477934262,0.05432448804049876
-0.5162556567785622,1.0,0.044503913559146076
11.963085429546693,0.5853846893110889,0.6896581590721419
0.2094615604155771,0.9499504709315036,0.00798844293344203
0.017177341266938012,0.9986465221348514,0.06952854078397423
-0.32319360878041664,0.9568772241365417,0.06613225153500252
0.2831184910551548,1.0,0.07240802979718779
0.03660122227531886,0.9517240483098665,0.05680948509070935
-0.07203024180266215,0.947904017929243,0.028982631253346543
0.18378056584169514,0.9483303105768317,0.053168234925238866
0.2836730140553152,0.9526742250665513,0.04128599429284736
0.007240886347781703,0.9289668561146387,0.07144308286274295
-0.011125847932062062,1.0,0.06844625411008246
0.17760798470259354,0.9382126230292445,0.07000969740259018
0.028184421225249848,0.9550969984982184,0.04991230751275212
-0.1171426352694015,0.9131926081296726,0.036606524190914494
-0.27774171884825316,0.9369772328313439,0.03418782017097685
-0.07194964535038781,0.9497158553487142,0.046096751266498086
0.19566692568425184,0.9567444769428027,0.05517482337430118
-0.36207717160799513,0.8926534190288514,0.015753163138626153
0.2699660055674395,0.9840087734907002,0.03371612758841823
0.017367347397599632,0.9807180820408142,0.05730763163231237
0.1266195699587594,0.8677255020445794,0.03412826083866461
0.08453243109286383,0.9624738682656732,0.037621170034881656
-0.08908144684728662,0.9393623002228416,0.03382883275857179
-0.05107975977782406,0.9210825760585009,0.03763062833024739
0.3151714216141439,0.9433062125701649,0.034647922522955725
0.013179426937462744,0.9792827822110658,0.04548514299820736
0.13195026799236473,0.9651629246239971,0.061293441054612284
0.29097953858673953,0.9926708408002589,0.10348590675524594
-0.4023687231077845,0.9621254207690791,0.06240874596878446
0.21106794084500335,0.9104936283271491,0.03996335237869431
-0.10763808560911857,0.9466991086398644,0.0373041006206599
0.5547449243705137,0.966450362664277,0.04529399477942516
14.655002163095405,0.7747866307639785,1.2189548185914054
0.2883740979355057,0.9539361588730957,0.03605549939579589
0.08091285051551815,0.9479251464543421,0.014499926065540694
-6.424303107694163,0.6424490183348849,1.3865730030338297
0.09010938819107979,0.9913279008287761,0.06841376195770546
-0.061470964287923174,0.9321552872798493,0.07859069392372971
-0.08635546874120997,0.9085395957336739,0.02528066432479023
-0.20560154996438548,0.9781984357047983,0.049403995804201656
-0.07675401292367201,0.9560719141837273,0.020188356176626364
0.15398633852245636,1.0,0.06651408553710678
-0.030617922880412613,0.9187483409157599,0.08026540764878351
0.08487127988328938,0.9750740297118098,0.03429679345928652
-0.00552392366318576,0.9726783301118166,0.05629292835472462
-0.40853973927658593,0.9430911808937485,0.043304027681350936
-0.03740467702359418,0.9488103534629249,0.028125460862956128
-0.1515679196296818,0.9615205813210962,0.07442817622071862
0.2001505311532948,0.9550093811856386,-0.0020750016047011224
-9.740467259972831,0.7780587358191619,0.7458145665635376
0.04739011423722647,0.9417956675564539,0.002513151035999632
-0.16571748753810597,0.9715296351844989,0.02614623503950516
0.22406545441167475,0.9466750563326847,0.07869919878477666
-9.505466791735948,0.64528236309496,1.291419775459092
0.37906979950860786,0.9208929756119509,0.0343599058730372
-0.028505169780760425,0.9252853263544908,0.042293002778827804
-0.02123234806919039,0.935503457892358,0.04809367742974708
0.0258028570813043,0.9697881216302151,0.02511787389197422
0.3385922690144889,0.9524432440350836,0.030739128841050012
0.003681780359377196,0.8760359708304696,0.055004557958362565
7.056285922905891,0.47989186402649686,1.0118637849706331
-0.10115804736596745,0.9270033714100423,0.05719549725480648
-0.14885330566632224,0.9656997041906934,0.046801695932090034
-0.13790902467785976,0.9354795788659472,0.05609076310403529
0.17230350685923113,0.8775050786536422,0.012736739476894444
-0.019705894983229055,1.0,0.02328783042380653
0.2773323411243375,0.9472521794547367,0.06032585954435938
-0.286743674909451,0.9939981274773829,0.03946691719317505
-0.14243816062857897,0.9977015052947218,0.03465750675601354
0.06858806318277061,0.967755020655456,0.03978019894859699
-0.2569428279371385,0.9606085695856148,0.06211138717900662
0.06260956285914498,1.0,0.07048376899500702
0.126846379862015,0.9585731396316293,0.07305130943397992
0.23996069492088723,0.9335638589420502,0.0483031442142476
0.019666525199288992,1.0,0.06934710194078522
0.16929636954893038,0.9674861427555362,0.05392146561771696
0.05540433238867645,0.973416900047929,0.037661455929715766
-0.07610772006305322,0.9554816235783797,0.063038610497046
0.23993816985331085,0.9469136541764994,0.0936946459331569
0.1569034204512341,0.9699518419131019,0.03420229999831095
0.23350857378934317,0.9445047527442759,0.07450099324883061
0.3767127823531471,1.0,0.0625323039372632
0.26960212292185876,0.9398366882335378,0.05929548483066227
0.2382988455064469,0.9662001878520596,0.029747842206899876
-0.028505465529864854,0.9586299305732175,0.07804505421016947
0.03957317180150149,0.9788006631152718,0.051995854432490614
0.19606337240999439,0.9871277861535254,0.041719482838753104
0.047980697379928404,0.9906279839257972,0.03928739810311668
-0.050228447588581186,1.0,0.08590709557082916
-0.054334794407555835,0.9378441879952971,0.04623138946804721
0.058559538867569406,0.9445637275330656,0.044710493155273506
-0.08228954036595593,0.9311276088803272,0.050793949139000684
-0.011077869367725996,0.977041283662628,0.03263813353236329
0.08431878672459893,0.9967858169235019,0.07435305914343039
0.37704165770134646,1.0,0.01397436074192187
0.05637877171114192,0.9831019665268992,0.03780492591409617
0.053627793815481495,0.917609633388869,0.03564912447757229
-0.12597848133636486,0.9345799622216747,0.0374794517613668
-0.26928083483077997,0.9893567948876462,0.030547549584614805
0.10077706370705063,0.9122525686957603,0.041797319287915226
0.027182826294913993,0.9993769799814909,0.03436584269907922
-0.10900291771261372,0.9345952077072414,0.06082603038253275
0.062180018519959405,0.9870209509585145,0.05599245554663094
0.12438936763578848,0.9494878965427788,0.06747646273493463
0.10470670152169351,0.9767551354741868,0.062374400689929325
0.08190480978376447,0.9076029850425972,0.05348111783815467
0.14727221959984196,0.9961257063168779,0.01751389653325995
-0.013604385124631711,0.9855725410266114,0.012129893728115716
-0.2119182187146824,0.9422844659716577,0.04355019882124335
-0.2488409584841132,0.9479435047101223,0.03926574084225996
-0.1175501937672485,0.9614534588552999,0.05072676494210014
0.13020889735382168,0.9769281778485032,0.05834953505006129
0.145385522829903,0.9725706430916656,0.05055195948353988
-0.16073502948949625,0.9047629360697678,0.02312981163601344
-0.13992576627584558,0.943407382047872,0.07248020751532491
0.04487945279619457,0.9895270044659632,0.0316667451833883
-0.2078974380266288,0.9557516840694823,0.018080113257657446
-0.11836376604093704,0.9301664562739871,0.07526985854705899
0.21025499093797936,0.9554516274036384,0.05542560625822749
-0.02257697819220561,1.0,0.011929547557842667
0.2887792019854309,0.9923534256260248,0.05505175159942311
12.103835703146974,0.4085686583523545,0.6909125845140838
-0.15868915480766768,0.9251623538394307,0.054804673584856335
-14.059793596214433,0.45151011923001405,0.5074702448113079
-0.22059951106355397,0.990218177783851,0.06436241553203832
0.22757007375312666,0.9816311892296352,0.04434793110877882
-0.11227632130020769,0.9622333302441708,0.04233970952641414
0.06250418763174746,0.925003155548524,0.04606731827359315
0.3474465938721958,0.985388624786219,0.036099622985173205
0.36584007314978145,0.959683668093315,0.02898159610398261
0.21817882743072115,0.9590948265969249,0.0019698885972932456
-0.28261955906710473,0.9253438529632144,0.028518182161720463
0.007986245133645539,0.9799315407996437,0.06665102484791208
0.08175800035760897,0.9680239650671613,0.04521425093214643
-0.4026707082057896,0.9216614092082642,0.04908486816436548
0.21825172985537084,0.9410487554488302,0.06364743312874747
0.1461823568110896,0.989716386644406,0.06849642782889094
-0.15733206171522807,0.9364939694062472,0.04486164950115695
-10.149915220957464,0.6552814119835342,1.3164291472678844
0.08309211249652015,0.9556336149591149,0.0594904567016515
-0.06600484927521065,0.9372627465492586,0.06791520075983708
-0.23279664543469447,0.967620863628068,0.02602586031734541
-0.19827833649703874,0.9737657612969909,0.04486215337405908
-0.16508927168882637,0.9455122396675634,0.06265904123346108
-0.184322196087092,0.9671252831555256,0.01714172932495745
0.13236153484940102,0.8902354770444929,0.046570836785498046
-0.0405974298837754,0.9934710898825748,0.0354890010444338
0.14678483446305027,0.9931228564663575,0.05294204220191678
0.06511787063232943,0.9349424057018393,0.047109697595217895
-0.20487594809913437,0.9805128368437166,0.07363670104962214
-0.2531773697127947,0.9611852620441537,0.052070527361139034
-0.005305379377307577,0.9677149267369756,0.05060419718423002
-0.18837531267825083,0.9684947814125012,0.0701462728076187
-8.336659651363256,0.5547992118780689,0.849770245271398
-0.09206100573897878,0.9504497385573447,0.05943445053839072
-0.10217441719167737,0.9450530031760606,0.06977026217129073
-0.18938310318184304,0.9076570003859941,0.04105214662055721
0.058478746712595814,0.9147932658782245,0.04655449356767004
0.17806793029753576,0.9381402374145155,0.019760780559496115
0.08393026677308046,0.9102538587475162,0.031596558510124904
-0.08514116873191534,0.9772173836005623,0.08317316905906688
-0.18759393488945864,0.9695177977915674,0.07158212076401223
-0.24315789352809136,0.9914559377894208,0.06939713729267954
-0.26660227949980037,0.9075124129826054,0.03901021561463318
0.12894127390781263,0.9464823782960654,0.04283296630484129
-0.16505913769234698,0.9725836304896747,0.06383485680061096
0.06666777268597911,1.0,0.04607025810553357
-13.831710016625664,0.560857112697887,1.0185788576636448
-0.31153609105006386,0.9657074523827698,0.012988322154125584
13.27950391945704,0.4562113355890146,0.8417597831754176
0.23805959664058063,0.9512501244304176,0.028620323781271707
0.07628576427512092,0.9347645219032251,0.023747870870299306
-0.07601566261147434,0.9324439180339922,0.0748089578812779
-0.252557656174986,0.9114294634401494,0.07173635057807923
0.1433937563272046,0.9726639675423931,0.05756827173529465
-0.010959050600639765,0.9297462787856992,0.057062614447640436
-0.03299233494231117,0.9762861111011211,0.04144014023043999
0.040986193381382624,0.924539936529469,0.04921971289516817
-0.10510094915239183,0.9838173574354825,0.04459266143446944
0.148788451819898,0.9056869531105197,0.06856623029299988
-0.033108345160622464,0.943367809213739,0.055501112214883803
0.09377450951873079,0.9570579069749273,0.05585397706977277
-0.045729209016610844,0.9606493035496548,0.05012631445474799
-0.14734933670294906,0.881181243367934,0.0699637152501158
-0.21152188492303742,0.9637651707985382,0.08140115184775125
-0.27042427896231835,0.9698787897631311,0.06426242409801733
-0.027347711671344505,0.9505255246700198,0.052060328661100205
0.29408841819286413,0.9442779890580423,0.05325193312683929
0.18189786175917397,0.9543346303056148,0.043081237342627206
0.3159034477577224,0.943208244455043,0.021420805787802935
-0.10516072001267612,0.9754323383169776,0.00981767667183521
-0.0181146248420351,0.9053136111058614,0.038996749462085555
-0.36271567970185986,0.9933262229566454,0.07917349658607616
-0.08727813873100367,0.9336592250506665,0.08414835710914906
0.3030119036744256,0.9253110067049557,0.06093408183797695
0.3750844793011709,0.9832285207568853,0.03589958743345617
-0.024703407190688673,0.9312185772306224,0.05538063152810124
3.0927734446895556,0.5915241080801373,1.1905143786620052
0.0406688864435098,0.9384878345344791,0.027435947081139764
-0.2914114664929098,0.962545956576419,0.023834004565127062
-0.34314103234796994,0.9909566044233314,0.030771423462015696
-0.3041129651427563,1.0,0.033304232224553476
0.12747979230649167,0.9577997679780486,0.0704328852689885
0.28577563398461886,0.930679764398749,0.06829156349925551
-0.07215523414784818,0.9389018480527835,0.04686524868786532
0.4374526425469678,0.9617938837111726,0.018022074653213344
0.060963889838017385,1.0,0.08350867410076394
-0.1182329586439201,0.9522627560611553,0.013319843379372837
-0.327691939297724,0.9479497663167995,-0.0017786045115709553
-0.15585227505168597,0.9245472539440249,0.05577302114790964
-0.0184057577508363,0.9866350212523649,0.06541767649423541
-0.16784686616358468,0.9839122461850637,0.04419758344419624
-0.12564124063160625,0.9814719945780161,0.04658987523661264
-0.17253480152174938,0.9391249894097204,0.08496099607895823
0.04497351363092118,0.9614884902938758,0.04349781341126629
0.0934679169900911,0.9268061416917825,0.07521899549750632
0.31155582488938416,0.9806220750637648,0.06907011375082417
-0.10222691288319574,0.9727940579221293,0.04391230869437081
0.2603020624562509,0.9744519955671753,0.06276510185375378
0.1200932198975489,0.9678959273438412,0.0331192830036663
0.5249585376701245,0.8998436998860283,0.06258070962018941
-0.11242354080297029,1.0,0.052394174477134334
-0.0711092025112669,0.9308062558870039,0.05698076572187207
0.056006068409608936,1.0,0.05281733473365266
-0.11775791318239702,0.9640585803872996,0.08385443297535497
0.04062939201853501,0.9867319827878344,0.05772407144615077
0.09942881046134851,1.0,0.05131531735107993
0.1767451085357057,0.96638312861566,0.03785860557513111
0.24988721629839317,0.9761848065461539,0.026625090734207366
6.129659008830117,0.751251510662603,0.7908950935356671
0.17691686739050771,0.9590897083902789,0.036916881931407866
0.11511231797274633,0.9460552744668368,0.05882636118070376
-0.05574307482034126,0.9182408879644806,0.019070282720586723
-0.15791036589994625,0.9391692405855182,0.03422616571417986
-0.0019760189498072653,0.9584168907946724,0.055247395899454384
0.05861815343144361,0.9221775531999358,0.057442771773729966
-0.1159392915425296,0.9280398275286762,0.10027799213494588
-0.15037075854817417,0.8802052675830483,0.06913690839470832
-0.01042003825557178,0.9921681929200813,0.017820013992834435
0.15379157597353882,0.9065181201894486,0.027299148913146398
0.24746156685348622,0.9430193675350946,0.022842734185727454
0.4613492067605212,0.9590406131557471,0.0417086696793848
0.3968602485988543,0.965698980420137,0.06814873618044576
-0.02488163930180843,0.9208226282805272,0.059231205107219534
0.04946630890521995,0.950169498151527,0.03195869459387167
-0.17233057475764987,1.0,0.05230503528281996
0.24038297230310268,0.9052889320274653,0.06315780691603001
-0.3245882046243375,0.962928581211221,0.050796020853197316
0.009943239958169803,0.934112417353033,0.05212307975386597
-0.3612602265521227,0.960895511566048,0.04437914798623998
-0.2618089305127901,0.9771961160915098,0.06108690274133788
-0.1615448703072363,0.9539994376292841,0.022392747071307208
0.2303108538489298,0.9351666011863918,0.05224206908429322
0.10448558107938646,0.917479668823213,0.07433167509003354
0.09820855372004396,0.9726250171367106,0.02510434986135229
-0.10032928391045703,0.9163725436563629,0.018609311738591178
0.520257473319046,0.9897930481273934,0.06348921519364466
-0.15346035104715935,1.0,0.04575927249545855
0.0433920290495096,0.9783547394980369,0.04942369650029136
0.3055700845414133,0.9648021027758253,0.05935688937686763
0.45345664864413726,0.9552816958066144,0.0784486493458099
7.829580445477097,0.7253600167289254,0.6945884442476578
0.14356095062163907,0.9310470377404868,0.04260085692901838
0.2254825608864681,1.0,0.08626061699295265
-0.17719778379793813,0.9748942406935425,0.035975163354735634
-0.13986236563128626,0.9369591259867254,0.06200140596474031
-0.141536994063424,0.9390078304198491,0.05887712890123638
-0.28117490168659665,0.960656151780119,0.05558056166248951
-0.1735651417346557,0.9623521556402663,0.03203277302502788
0.16658176862515936,0.9142325347831586,0.026698709094695443
0.07213849308327734,0.9550434384707601,0.03104785016601417
0.15936264383657225,1.0,0.0704474019713279
-0.13060691398458454,0.9591064075301261,0.06008092112937341
0.036106072424929914,0.9845560427032106,0.06177125157340143
0.3134845101072286,0.956784305628223,0.05804919515690631
-0.3756915474487908,0.9484234956611244,0.004122211252224971
0.17772753692271873,0.9659412005925584,0.023220823407164817
-10.157142084300093,0.5188831814392886,1.4320220591593746
-0.14117718254131434,0.9092807929552843,0.037339796164531106
-0.00628785542439583,0.9866704769293898,0.0582551339542657
-0.26017229944608383,0.9094051553886207,0.028020990328144944
0.3551708988660687,0.9860627046370022,0.051180846829286836
-0.024187440430624985,0.9512723412291895,0.031628838110880374
0.36881087732106993,0.9292904894876558,0.05140845607774353
-0.10119008736813251,0.9383778052144468,0.06158418092956321
-0.13843594395972555,0.9615410532685739,0.0286379391455915
-0.05868216578615392,0.9760623374144275,0.07527549886467085
0.28803276021794416,0.9745312705972446,0.050851143380550516
0.09376284155590246,0.9229764175759516,0.042038120031438454
0.07901544271130906,0.9589127224955488,0.008332010350091026
0.09278825861851771,0.9732524923517943,0.004438759848640519
-0.06570082083660388,0.9667357724079304,0.08924165042981345
0.35005773638386095,0.9823884170296328,0.05094062144332418
-0.047405169371707634,0.9079206798739257,0.08539273911437588
0.023454355593795953,0.9975006742932346,0.07159998763240144
-0.07647207985603227,0.9017902586149199,0.057036769483260426
-0.06592766484362132,0.9411396584080169,0.05107960812190411
0.047228828679103864,0.8909227565352583,0.026321162522505458
0.11518717854535379,0.9007182981737416,0.030943077990851595
-0.21967375523974694,0.9503847094533626,0.04412152276989521
0.03677865427986219,0.9128893113738368,0.03173131901557461
-0.14541859794730097,1.0,0.059255979089424524
-0.24615672399550306,0.9678971098046474,0.030709197697461787
0.11433181653712943,0.9844921525293936,0.03539719978562039
-0.1503553312096101,0.9336350901012416,0.04041055493674857
0.16657088275092352,0.9242194207123862,0.06894272615345665
0.15561915863142173,0.9094413557133353,0.024635546749560863
-0.05977929059103876,0.9253048102841686,0.04162508024429189
-0.015880247120330926,0.9636501133706457,0.02665647138187223
-0.05929386970895713,0.9747762486353608,0.03456177134507257
0.05635785320594919,0.9967863582866368,0.04728045706263633
-0.07944929041023867,0.9677051878184284,0.07475764024465843
-0.024939473647606413,0.9897137764660252,0.05557664592371117
0.08451519239143007,0.9473743458530939,0.040134950606050414
-0.07901482051166796,0.9646724538701232,0.06342132141933997
-0.146970440142996,0.953373961400039,0.031395650681115606
0.0026148112206005377,0.9208945762485121,0.042100969022406294
-0.04319883229845887,0.9429080494247234,0.040737313183557125
0.43854839930202233,0.977656310640151,0.03333891670770833
-0.0004406914587503104,0.929983214223521,0.016064319273546568
-0.10631143303584718,0.9704187827882577,0.044490130535223084
0.05826407997441862,0.9584691008036006,0.06817840600022321
0.059269721106478726,0.9559474266536974,0.033388014199814894
-0.3958437626474981,0.9655511882517388,0.03236294351947801
0.07601727960485252,0.9137198231843779,0.0640620505635067
0.009582368447746832,0.9950902648171737,0.030430068972451305
0.21498456710448519,0.9604217811972288,0.05464411386828586
0.26328452245661793,0.9763714102771044,0.0653538868645516
-0.11629675788597862,0.8866667815848177,0.0342033390339168
-0.11903864292978582,0.9543893029054409,0.05521662825018714
8.284746774426555,0.7053051801819159,1.0851490787091669
0.12379229310352796,0.9365805091238364,0.0654975569082607
14.705158875614913,0.7364924365292675,0.8295939893200273
-0.013850352996728866,0.9811310204740245,0.048944348074406466
-0.03080267892394365,0.9774233502113748,0.046484808082716995
0.11132561901224514,1.0,0.01925677720106272
-0.051446957594060344,0.9577523265774373,0.0599181706887361
0.1079077394046911,0.9383411857500916,0.030543670235261337
0.0019120466968559605,1.0,0.05895696172818963
0.06779861679409065,0.8821488343628224,0.053173815432778694
-0.18362656484034065,0.9797431473364696,0.05764203233568028
-0.0860040180108317,0.9639616930731195,0.06220964889621789
-0.05844632925657134,0.9474673739867969,0.04407979155528035
-0.02656602250638193,0.9325768935564916,0.05603214727664157
0.36788579707950025,0.9958423314197244,0.0748584497647426
0.06995752077637711,1.0,0.05712877716946507
-0.45861194809773664,0.9681339134333973,0.035374985223265376
0.06007292471642042,0.9357718995021275,0.04151095428716596
0.19938221117352917,0.963177382516074,0.0638487431071703
0.045213934706599124,0.9440281138874319,0.028940722764070975
-0.08099167893494112,0.9967608227169382,0.07959903513352296
-0.2219700847628615,0.9766858116398832,0.06982724778269245
-6.800222598117642,0.572745812401857,1.2606403716500494
0.23885253723800548,0.9678705505080732,0.05861125037578756
0.034815157442988756,0.9544070033349289,0.04067189794580585
-0.11369664000974843,0.9198888270575303,0.052869340018559204
9.870759186947453,0.5850753469794137,1.038572345101528
0.03120567833568301,0.9560022971266027,0.07013472734810125
-0.36314740107514115,0.9392749909854902,0.07572410807297157
-8.199115080452941,0.42027250662034343,0.7624152587206408
-0.12511989498348203,0.9697484126832422,0.036322129723658114
-0.1297695507032605,0.9715702059581084,0.004585051099724721
0.3121367955210126,0.9215630237662927,0.059059664011721136
-0.03554277433935474,0.9466826137758485,0.061144867710780204
-0.22136190542144232,0.9456960878635271,0.05669152026691084
-0.1848217522000497,0.914110652360412,0.021408964539021535
0.10867389497344648,0.948383962491925,0.0706914560013144
0.15653615260128872,0.9716693483820923,0.026236432087192025
-0.3302836562735983,0.9290217675139838,0.034902854107706716
0.1664031849890224,0.9446072909647139,0.03206458647134454
-0.34228174463674815,0.9419305438817829,0.04308622172335749
0.25062447221787726,0.9783107441138731,0.04574398107694638
-0.1295814260538217,0.920127664985641,0.05538407018207098
-13.077544531617832,0.55640834104386,1.3032399285881597
0.3261616387405885,0.9743129835040062,0.06010138031269496
-0.05220216590789243,0.9590284670391189,0.019362397484113426
0.0245300184578352,0.996234113542863,0.048560601647902026
-0.12232495557027234,0.9082340001582598,0.04494646584939666
0.1924950683408465,0.9679800041316713,0.07081684409783603
-0.1099106131810528,0.9645782838450534,0.027395709485931067
-0.15483614545393226,0.9421367094970814,0.046459712179822706
0.10180216478131532,0.9865840040337325,0.04292377303753846
-0.1772706308843126,0.9837090330993056,0.0798504623178026
0.20144301931041372,0.9203302042221274,0.03908930486823737
-0.1535974684181917,1.0,0.01581393163247228
0.15388253216698497,0.9647679528067945,0.07719435283825178
-0.027766082654396812,0.9811587985981618,0.10072330736970611
-0.12326324488116279,0.9054967087053913,0.03405231837201786
0.07877222449291667,0.9542283558224666,-0.004950719213034943
-0.1311840105604642,0.9277078615199501,0.050662383774898644
0.11875532408042322,0.8924032495497056,0.06638329604688907
-0.15204746680143114,0.9875153105351928,0.06315222453393893
-0.053588607554713376,0.9344879358842602,-0.00996039926063174
0.41012202876517945,0.957511112654234,0.047772555187208784
-0.09635814988137086,0.9637822073043613,0.037936481608266764
-0.042879287903717034,0.9720088563600919,0.030084510253900635
0.030801861749130768,0.9501019155825083,0.039758959672461444
-0.16286392583201809,0.9365400962637164,0.06077486354539026
-0.07560219373034746,0.927543127088572,0.06393607066041355
-0.028312975973816285,0.9304858063349108,0.05942887701417751
-0.021344405845734882,0.9600330507175326,0.06547754084945924
-0.04066654749646651,0.9739691915426443,0.027004573992339388
-0.07784678960750017,0.9715748352041432,0.01756178993766045
0.08148364449453865,0.9888134643408122,0.05091727612468344
-0.1631954421133511,1.0,0.0332543332905988
-0.19620192515172405,0.9507564792045979,0.01101133317739305
-0.027807869929402096,0.9455560418586098,0.07165366033977451
-0.14914462729444275,0.9264071537399708,0.007147041455468461
-0.1391664331111029,0.936263473725691,0.050801393830709037
-0.07666747128311469,0.95582069088762,0.09253049188676407
0.3352237825490582,1.0,0.053396789935997176
0.33341584362467186,0.9708114297844092,0.030619893898211684
0.3061867410889856,0.9400979042411132,0.04778739144567414
0.08463749364443923,0.9405170928779547,0.03674223813233572
-0.06962230995621008,0.9223167022818342,0.07180718906963748
0.17970057818835827,0.9705467804386815,0.047684268620551695
0.3443374697322481,0.9661703050506679,0.0574307289220394
0.1441566915546867,0.9616287237186074,0.05345243634756135
-0.1314857679956074,0.968013171329371,0.06999099731549047
-0.0792168955946672,0.8834332889454847,0.056479910673594064
-0.049772525883521025,0.9529379654746564,0.02718052084172836
0.11495117725812494,0.9759991614108043,0.02845096741456288
-3.268911476349255,0.7415156937026979,0.7180658699247109
0.5893710361321172,0.9659812486290935,0.029930548460444434
-0.11576495781569172,0.9146786817751242,0.003217298572723591
-0.2722261846388924,0.9092122768917397,0.01418209203805628
0.0801477562789527,0.9915765961786355,0.021752634539369924
0.2868984899116526,0.9807438608406812,0.042178508712778257
-0.12224473550810194,0.974894552842817,0.05750507440313399
0.5984302423410932,0.9706632690547317,0.09654724977366314
-0.036429564659346554,0.9860566081875741,0.06025784628693459
0.21157412079233995,0.9465465195012335,0.031036888565492818
0.10099911676451237,0.9533010216887482,0.05473870672655141
-0.2209507361317703,0.9075952688352832,0.09273945231957284
0.2240220860765142,0.8739533667293109,0.029088376894823156
-0.018150633835313918,0.9017053382602365,0.06033469177706384
-0.16722940039631584,0.9577048689991866,0.07042431216291017
0.1024945473729077,0.9911510253672066,0.08004865686419106
-0.002919752367634822,0.9636937115097932,0.03774346827756365
0.0518192483913162,0.9486074418723288,0.053942230721983425
0.02650462109007608,0.9620914487860838,0.06926918466894715
-0.016786761939379998,0.9820851406373897,0.07593322564103035
6.280664215967333,0.7297555820099423,0.9216383221898925
0.0541101753457235,0.9779358103436434,0.059545733089924176
-0.1721676899581647,0.9896137670514352,0.0940933406346712
-0.11720688311209926,0.909238335535767,0.0233058977503059
-0.08685150800847605,0.9412244231881027,0.04236736039904308
0.1905239421197469,0.9266395462229988,0.03441273621222114
-0.02613867988101754,0.9231922928527531,0.045782926202074886
-0.3123400525039097,0.9530815612345411,0.040564326991061425
12.312687107956007,0.4068558005138828,1.4325571855531931
-0.06943370288796065,0.9663737694417989,0.05187266862490112
-0.35917897996073084,0.9121923728528818,0.0622214788508241
0.1821840469904012,0.9802546720250305,0.02096202605070844
0.3055128343318472,0.9596271578070694,0.05754608472382278
-0.07102084144162422,0.9419614377331049,0.05917446368144849
-0.4109291990737415,0.8963476727458674,0.06092496565927588
0.1370042891498866,0.8941186751442018,0.06937900320957065
0.02267075676234037,0.9586401057277729,0.061731619699430224
0.27572414918881755,0.9299161631495524,0.032256746512470236
-0.1743580626290604,0.9426298257556388,0.029058496203439182
0.35302482394739093,0.98407184476356,0.0001088234014767972
-0.17151445021552558,0.9803810253948938,0.04816307918650258
6.4408019317240175,0.4139907501141582,0.7493460087618936
-0.11975385632271705,0.9506372586265345,0.04426242500106403
-0.024699544978720706,0.9454465770120764,0.0455054310068796
0.09486139980383032,1.0,0.018277376743025507
0.10260545313717565,0.8980043065307256,0.05674791738531488
0.07495043952920583,0.9275745548745384,0.041054961350975715
0.1605727039002107,0.94550301779243,0.04706967935696422
0.4329856562118143,0.9159834418950442,0.05775052579644017
-0.31772092528555845,0.9457169275181085,0.030096444879015596
-0.04464461584581955,0.9924668626858132,0.03036566679155582
0.3090612796466523,0.8980324849169883,0.05698460236231672
0.10833186317075982,0.9640941244538924,0.036682642957142575
0.21494489317175805,0.8909084538071428,0.06762122466471562
0.17344523781677215,0.8926057950745291,0.038642546396981836
-0.03496536391397756,0.9525466009975541,0.03779064338974032
0.1992099644830924,0.911955633190189,0.07001957713116536
-0.3952030712354082,0.9123094779964874,0.05307987483086691
-0.08664987604955818,0.9033857518672422,0.07356752588362053
0.06768595311199645,0.9519383967752655,0.07372853269605134
-0.44297974902216786,1.0,0.05925406992314638
0.09326899186007735,0.9915346704801566,0.08018976583563434
-0.3615867423059145,0.970984741671705,0.039253693052153565
0.01729393744569415,1.0,0.09240538955344696
0.025695868831793384,0.9697334436844628,0.05635252722093975
-0.05611605955483361,0.9218722608223792,0.04647362837445462
-0.7482723509685458,0.920027280559775,0.05427463464725652
0.22018796712800803,0.970490972298647,0.04250988005561916
-0.1921275996362256,0.9114632750017758,0.0486553034940239
-0.20004866356404527,0.9238106405283566,0.06648950175344107
-0.04292079742787596,0.9787605480753772,0.06362472094369107
0.2870833883673867,0.9374007360277173,0.011286110508687414
-0.26686067868148816,0.9713952303481231,0.03405090240480943
0.05559697753973273,0.9518161492260603,0.05532810812964371
0.05453271827124237,1.0,0.08142059205031846
-0.2722373561960465,0.9519028017839446,0.08232878554838019
0.09553312704157378,0.9041699180509013,0.057992378430634
0.08773873981865948,0.9532163838151967,0.04785828596525293
0.22666127600450228,0.9419375932154755,0.030083220344852123
-0.31218200369866744,0.9326546829711657,0.027045229330190025
0.30256656333557697,0.9445651211476017,0.018944398760809892
0.10073241676678864,0.9275024451074271,0.05033790911766609
-0.17374785397304351,0.9173753184508335,0.07812590478806067
-0.10408715579777778,0.9685888350613668,0.05151436355550989
0.14768959638742551,0.9439432155117445,0.04047469365144903
-0.04645969094577917,0.9443040811747039,0.054417250167742306
-0.024869509618185626,0.9527216959303819,0.048979863826503496
-0.3167250880329735,0.9256421288307018,0.06123501686291839
-0.223539948864657,0.9305075820564662,0.02375638173316732
0.35986473880460806,0.9876686941249588,0.03525929875249805
-0.2581696839734459,0.9317047317551238,0.04850861025740999
-0.21955999352037447,0.9139768167430675,0.07141701569986192
0.22064689491880649,1.0,0.03637307759750407
-0.09105195636854758,0.9188454819294172,0.024216183290787813
-0.35159133477819443,0.9493247668737042,0.038148175525848524
-0.15806269955797803,0.9407894097154618,0.035045569518155795
0.25923182306397535,0.9190194436499556,0.07314195122323086
0.10433048414155073,0.9767998452329756,0.06380438786135939
0.1301475232858711,0.9135290409586209,0.02544454222865368
-0.17213121854780344,0.9926606234118325,0.04328384086579888
-0.050114750820681966,0.9395324993938267,0.048547876057910264
0.03236145730026047,0.9430554317158517,0.054338772967081915
0.03416099363975552,0.9313848248004192,0.04424996762665964
0.0004660574424435234,0.9806403540919266,0.04694828601835063
0.04225209522423887,0.9084717342129393,0.04543827234494073
-0.014170905718128034,0.9539436372510623,0.07803607819053617
-0.11912766371059032,0.8956424556587402,0.0592796498848399
11.87872887302025,0.7971309260948467,1.42044386396452
-0.029420176656063193,0.913275013490726,0.07149901166575078
0.02402408253525811,0.9243322073644509,0.058226551472752575
-0.1045557213623783,0.9624962853264015,0.03120464394154872
-14.219175501895648,0.5487514996755591,1.1387219605318186
-0.038078347762277184,0.9797964882744342,0.05725789780168455
0.03375057221346652,0.9642425179318675,-0.029616736379997538
0.038750916027490846,0.9441726347183962,0.03824648276859048
-0.10529559226874803,0.8683313683553753,0.055783363419049194
-0.22098278873937638,0.9242899063156248,0.08958678763752777
0.1709479579586587,0.9068953536386967,0.0599320168197181
0.1967204557621186,0.9260341566240601,0.044711991119852135
-0.05494842343525232,0.9067512151178437,0.02240208957216825
-0.22234322370396262,0.9247131918181063,0.06254301040164958
0.19090413902598885,0.9555713334718892,0.032421512262502825
-0.13812812914791925,0.9346760143604584,0.029284714048290843
0.2571916402014751,0.9546278070118596,0.042629501817555274
-0.148043999282903,0.9140540806346408,0.05118795235765245
-0.058711832014972556,0.9727056079232327,0.06735315892893606
0.10786611864005571,0.9394107059181981,0.09352170761103737
-0.07451330577231129,0.9320831943442616,0.05196172745423498
-0.1540421392998653,0.9645851724536882,0.08036507049673687
-0.03835905987348051,0.9867681973647138,0.0355764951337522
-0.002942211392361327,0.9313677120024815,0.0163045272917781
-0.17941019385209006,0.9575473154278509,0.054062521995171774
-0.022006772666402056,0.963729029786656,0.04575974452998401
0.031610368716791126,0.991301446751453,0.06789067846211598
8.61992163132743,0.6633527901330978,1.1591426398164293
-0.2827919564789438,0.950708099260159,0.07541824597054646
0.0468138327980981,0.9679623721111211,0.041139843435528484
-0.00547011723760011,1.0,0.041487215868600325
0.0917718222373122,0.9556898289420347,0.038108678347856556
0.05405887221728384,1.0,0.042033172898267815
0.27374653584702724,0.9068347548796974,0.06446776783813149
0.10785660419191341,0.9594337615480443,0.05873788972382752
-0.043167781443126746,0.9349309350005441,0.07945088095214003
0.09163468577891358,1.0,0.0417593570677071
0.16168484364702385,0.902231663544239,0.06824347184822166
-0.12602920772023884,0.924563384333841,0.0476950407146388
-0.20750755487111042,0.9803645487389968,0.08261873163503536
0.07322954372803953,0.9739273947986858,0.0540886767042755
0.24260476870305037,0.9853132623689426,0.04125854424893716
0.10459346542754418,0.9155008998039521,0.02654251836065504
-0.36183629282832114,0.9423949953023434,0.07698785384062838
0.060528810237181555,0.9566703841495924,0.04724958938440365
-0.14921185487808783,0.9861025432544416,0.027267659415049855
-0.2836471710003328,0.9391186808442803,0.03767611948091022
-0.036975859701751414,0.9479673137908847,0.07817798943009174
0.018041921804338758,1.0,0.024074075257052865
0.02129126362273312,0.9695676531014881,0.040994397906151725
0.16824254489818996,0.9610523574747751,0.0631594833807146
0.17828349444449046,1.0,0.06908848889018197
-0.09650039477752587,0.9117806468224768,0.05626655709862201
-7.906733426630436,0.45930289334266855,1.1828124460549954
-0.11779134199139432,0.9428036218002895,0.046466249162335556
-0.37901394173798664,0.9674563300046419,0.0366304990261953
0.11059239141492688,0.9759831652069645,0.07530987051535867
0.11163286080541023,0.9425780130508,0.07155928361957874
-0.2693532810785479,0.9154142400001942,0.020328829775967148
0.06974479620586588,1.0,0.027434199226320392
0.09026854195865017,0.9753244806000608,0.04825932978448613
-0.495660674675933,0.9519447430665642,0.05346230132641285
-0.11923435308135144,0.9639002755287115,0.032763380966549974
-0.04955178940733132,0.9355508753400792,0.0303062029115894
0.03649125667953287,0.9521327154350087,0.04877691455963576
0.030286702779814247,0.9547684391523636,0.03617254694710794
-0.14553064971056207,0.9746794457437851,0.009238105723721288
-0.17080494895504106,0.9408626153373726,0.040688591130856586
-0.05921458269245064,0.9857929850854291,0.03111947408450614
0.23487148459334792,0.9677987687726776,0.056466211077497545
4.8725249940816315,0.7326973358491456,0.6344580291186812
-0.255640647693178,0.9779580864201682,0.04970035032181095
-0.2839830989315225,0.9238007233695321,0.039405698737225756
-0.6100309318924091,0.9478086503712213,0.036956213230560156
-0.06379991562878236,0.9591320580691979,0.06317180157878101
-0.05324654004872628,0.9390261074971037,0.031817695774776174
0.08772414418236621,0.9504628534406115,0.05915715497158962
0.13838966599248323,0.8987915989297028,0.058899342616879624
0.12271300313147081,0.9578371783700284,0.05299708984912629
-0.06414590532938484,0.9827602868517772,0.08645532736777078
14.88277107978255,0.7482132807920502,1.1049318290095331
0.04902031613151186,1.0,0.0332037573422727
0.13402758626237213,0.9443484260271902,0.029375788228439222
0.1653597289963542,0.9907352409837947,0.04951870655539455
-0.19749204950223956,1.0,0.043200967341875035
0.10001990726646555,0.9538903147338885,0.07253662374500866
0.14268936751918218,0.9594691632012179,0.06788499681992163
-0.23541615495321808,0.9120876410512233,0.02135314909243749
0.06120113022919358,0.9374708701236842,0.08428911653586962
0.053550398572942484,0.9047290492792099,0.06943180074591654
0.374360007710804,0.8874153701382499,0.02836227206616356
0.010574832564027886,0.9898411209811189,0.038416824418462135
0.05103481645216419,0.9284034908717314,0.03558105913754007
-0.33536933518352074,0.9509077962950093,0.03627198615477757
-0.011796411104721731,0.9337162882113282,0.05527214264669902
0.15764496113869134,0.9222469252366006,0.06980161187951271
2.8975947831020523,0.6370345119259945,0.8344101623980851
0.28175237824136345,0.9084577449151788,0.05858683490784419
0.035741587597798316,0.9183705775342861,0.04551657448283452
0.13343331626816712,0.9182118297839212,0.039454165822152346
-3.207702483735919,0.600963979855047,0.966132834839906
0.18184063992488425,0.9175363524963168,0.03902410909658194
0.4838789875963305,0.9216984416381048,0.05202757434038097
0.07324303575753675,0.9439631767520625,0.05776135999256659
-0.27259817065633407,0.9328192510093186,0.05136776706766187
-0.06389536951552137,0.9913092623242056,0.0640584450631348
-9.882598968141256,0.4016705345880345,0.8545214404116835
0.03775862901062509,0.9503101054252282,0.02292445057560111
-0.32016434243092884,0.9700179802063585,0.06248098142241741
0.15324484455204052,0.9621575918786767,0.05454223307669976
-0.07055363983971918,0.9742365084512742,0.03656450939393197
0.12262285238290548,0.9098012899249459,0.08791447113779476
-0.2666430577541631,0.9541410192916746,0.02630879007221902
0.06177576094511388,0.9078644431923537,0.0360595661466897
0.05417203210500189,0.9234290272530375,0.03440279384684856
-0.12381170882163578,0.9811488698533322,0.009308967139096
0.05503717060728045,0.9727363085915952,0.03335433354125987
0.05458559916288789,0.9347993541944312,0.0677359259100613
0.24108494350724033,0.9154520050399073,0.054952030132392714
-0.35605952876707425,0.9074062161396778,0.023284401034720948
-0.18326849192900874,0.9880885426170762,0.04308545443209874
0.05268359614747427,0.9502063813491141,0.08463524669791703
0.26088469650042156,0.9597163955090253,0.034872925517247674
0.11161878283232646,0.9454562757997114,0.03663313467042345
-0.2861286278761665,0.9639406651003514,0.0433956145238738
0.2244035029649769,0.9384432552525046,0.0512425160182105
-0.15175223998470366,0.9697018225308974,0.04349969322919788
0.2280850003193094,0.9529947888894756,0.044442563018915346
0.0016813003780888878,0.9382577871447084,0.07713570785827674
0.003046769617090377,0.9570601258941823,0.060348010870526804
0.14323852089978412,0.9610676017977415,0.05104038957316706
-0.15291881287896952,0.9923430935714798,0.06932771820666943
0.01253788724719267,0.9281202940827321,0.01607490122796927
0.02991503970121448,0.9332693465130305,0.09369071866734127
-0.060827830480245176,0.977000643123348,0.04990591110600713
6.523983862815113,0.612770187979956,1.0570296469641294
-0.25447681298781527,0.9146905082149249,0.02126854401377755
-0.13204062396331714,0.9939441650287099,0.020776587263427675
-0.1256642708759365,0.9359243248875163,0.04228440538034609
0.009850389802654779,0.9414351508145593,0.035078593328296936
0.05268391343359855,0.9408489634861693,0.04939458085066992
-0.41168890525827884,0.9665777199612459,0.04387180474337361
-0.04377762334950078,0.9803380832332232,0.055957763560914094
-4.992129998420724,0.7907216177313041,1.2987293241380906
0.13570951652908309,0.8899985235846546,0.01653154657688744
0.32954687430559243,0.9371929991502461,0.03747277969119981
0.20965527082789448,0.9627621511931597,0.0539196448744204
0.3934729376110171,1.0,0.02069949613135754
-0.049143568361031016,0.9296138307018492,0.03520012248406822
0.04312752410291598,0.9695224901358725,0.04937202071827929
-0.007220030222887586,0.9333716233294477,0.0416075772707578
-0.2773151928114641,0.9752892573061596,0.060220741984900614
-0.4231051881458182,0.9219226362354151,0.06702339527361222
0.046782260745197306,0.9468599548283575,0.06755483645348652
-0.021726094044792355,0.9316616320855968,0.0820155396773103
6.671071242002175,0.5268462771105841,0.6198457243146939
0.2810169607495821,0.9555920397344639,0.03757351028351991
0.015145980330879456,0.9416472484320046,0.049370412514372596
-0.010488630814078088,0.9331466700389023,0.03864332113467113
0.26322921173098873,0.9525910024617714,0.04792703592987308
3.2651612566462638,0.6370918354007238,0.6131058524609218
-0.283467911474503,0.9091074217586783,0.04042096411175125
0.23843961024611857,0.9542226680383276,0.07505831471019786
0.10219181266653164,0.948107767213878,0.06000713450378341
-0.4144483168060962,1.0,0.01791547048751843
0.09489885321691653,0.933532910773467,0.017839913353037806
0.0007798873109134481,0.9754946717420676,0.06283107090360679
-0.1885211554074553,0.9689624815648135,0.052561439586959365
-0.10756443008497861,0.9444202104956454,0.04214699611109864
0.31803850294623004,0.8966438297257748,0.027646267387213472
0.5042180800571491,0.9842299366915345,0.08279418920044607
-0.12503855848333637,1.0,0.06173372366789676
0.12407584075622508,0.9395603987945207,0.05280667510413922
2.4431691692751984,0.7950346497063491,0.5026259005218745
-0.2529829763141213,0.9409585876636156,0.04997055919886397
-0.16989340981241172,0.9565645621213745,0.028395477952490637
-0.2865775911674846,0.9760492545083826,0.053448292297471084
0.023436069227227782,0.9580140576016585,0.0643150998712541
-0.31857239080208033,0.9360599007392696,0.021478878775722673
-0.2970981289544296,0.8811016571023469,0.059740838635132
-0.06588978007567213,0.9705208038094835,0.06393549303780678
-0.20870265106209987,0.9566075876446004,0.07878234802971176
0.08685912836688688,0.9085701677567763,0.028117543577166976
0.014180274802414737,0.9585533712241958,0.036542699801233806
0.3435891197205642,0.9007520653998998,0.0341474066978152
-0.027179262484553657,0.9307077917077852,0.0640456252141303
0.26576845865320337,1.0,0.08114246782372161
0.17845945329118995,0.9747243217561854,0.06329850482175622
-0.387290285561825,0.9422579259861279,0.06583874689435934
-0.11158441269412928,0.9337859719219795,0.019114307306599694
-0.04148163328243829,0.9499757449276438,0.036634356191192576
-0.17377595547916133,0.9580456651968547,0.04330207971038037
-0.184566917642907,0.9534740496414218,0.05899558128830301
0.1397473625973847,1.0,0.030976212019603717
-0.25246344839302753,0.9451510264918743,0.02441364279096803
-0.12251450271549996,1.0,0.02158995816186543
-0.16573731170356276,0.94132560319356,0.058231843207383255
-0.17171311275697054,1.0,0.025812287984257744
0.009342208404798524,0.9481185844039266,0.03904103411932999
-0.036337023082836824,0.9609400055354886,0.061676243425696275
-0.06207380244382874,0.921688683760181,0.016448774944643176
-0.21268163767154796,0.9875525879309128,0.022446328236219396
0.027388609160923467,0.9916645413958538,0.0655471211098547
-0.07466867574353085,0.9413451102203606,0.0403850510362161
-0.17734539491732154,0.9705001299470772,0.07130479054409933
0.03706759970499929,0.9476859184010258,0.041900988265882955
0.37334639431223854,0.9541892472068848,0.06258282783151303
0.028103041419817232,0.9667145152770615,0.10256058884249808
-0.42602025439030156,0.9666300443707423,0.05335591797879744
-0.2908911149569688,0.9463855095744302,0.10203623008591645
-0.14444601859516962,0.9359750682666237,0.00919456669147025
0.03352667233824211,0.9183224293779737,0.09377592240256807
0.252805312073866,0.9521398135499769,0.054063191100379465
0.0010638146839357856,0.9240836984085169,0.07012709958802997
-0.03311709684943214,1.0,0.04917045366368101
0.13294927373555585,0.9326547393068729,0.044023394368332525
0.11683068530246343,0.9795920054346811,0.045502013807495925
0.028608903259995183,0.9580330641868885,0.0423619645043119
-0.292995451086597,0.9564971365966333,0.06879343449217341
-0.03173078967999044,0.9567979930678994,0.04716871629252224
0.36325598052055685,0.9729876279247651,0.05251322566680238
0.08239989480426846,0.9509859401843882,0.07335064038478681
0.1522809629862335,0.9464250017693312,0.06314007052637302
0.2344644559953309,0.9455778074246134,0.05265382567327118
0.08912836759157769,0.940432571628615,0.047816968629900626
0.11542597544006437,0.9686051368033185,0.02256529887000249
-0.014301365826365098,0.9380319721700187,0.04560902242991359
-0.3823496823012693,0.9467752258836507,0.05011140656069265
0.4527481839484699,0.9531038012745372,0.08955112191014641
-0.0002459634961901926,1.0,0.018569946372278608
0.17778154135603794,0.990750337963083,0.05961474389555617
-0.3302700286326911,0.9189924102879371,0.042892291524041906
-0.1743998307626398,0.9627376415672891,0.08079723526637672
0.3415896553696877,0.9676191982109476,0.04719868488743269
-0.08382987241262825,0.9802092840253336,0.035056617242564515
0.3301066142546369,0.9628089228251476,0.06456568262861465
0.2902634708033394,0.9834220290813916,0.06948641570161203
-0.28084504725239895,0.9730999998397997,0.07612351594743563
-0.3585026670417498,0.974711283506204,0.03701598498092218
-0.07434384938855106,0.9732879947133402,0.049476026675633084
0.11806805295840227,0.9287587478682513,0.06743144730775308
-0.17796046744961516,0.9402062287068036,0.04227285738825427
-4.039273837550006,0.6776836972393789,1.0573235020698513
0.01468794374650276,0.9173175782920979,0.05525006561302819
0.18632626613986192,0.9284446707529255,0.05446641799232758
-0.05515796829010398,0.9197453572564451,0.047713141609329136
0.1638223989348603,0.9993154766378269,0.06883079942177836
0.3427431087335049,0.9420427977679943,0.06012954167357251
-0.05522471158784098,0.9597673130043756,0.03399152293641792
0.01651599820450207,0.9805545419154768,0.05155063682883827
0.04441556153861502,0.9320802191359637,0.03567737633674076
-0.23633791349708502,0.9541467640400696,0.05787842294298367
-10.585618434167193,0.554057592516053,1.2491410065883746
0.21521084438337357,0.942319717735559,0.10479561669571383
0.23103762956879323,0.980944059321669,0.06059827164984434
-0.0811514512956982,0.9323168750473665,0.06581183027361782
0.13896799793288428,0.9580696888931086,0.03904198244235007
0.4304815349425349,0.9906266431371691,0.01965539675018303
0.28650253360055516,0.9434985042624667,0.045660817424734886
-0.06310690694068753,0.9452409774265096,0.0672293867379543
0.044642812245776,0.9411036168436744,0.059834427384198516
0.2363615830189649,0.928880896262296,0.009704191176346876
0.1665228056157403,0.9868918535351224,0.02948437684839065
-0.03912919464931727,0.9385572986810647,0.035742051679539595
-0.1442266458409147,0.9467723063372926,0.044174256748546095
-0.03399016013348269,0.9697063392324404,0.04205634091040997
-0.003150781123621145,0.8941686027637197,0.038452337598513936
-0.09076351497516753,1.0,0.05589112193865153
-0.08260958154530756,0.9653150038626538,0.03705064176224447
-0.13616253313564625,1.0,0.05803731997871805
-0.008293466168090081,0.9566701466256865,0.013380302748223688
0.1849206183488059,0.9235763431976732,0.05266401200389331
0.11007183119888726,0.9589101860792113,0.06127892191212958
-0.056110922687727195,1.0,0.012170657261835777
0.011301004179809608,0.953727251166619,0.07211172327083654
-0.14126477746968383,0.9704862067982182,0.0823258793488222
0.10491369255933164,0.9332882476581377,0.04998247545712302
-0.021486283649047453,1.0,0.049603913004887056
0.03356705987493362,0.9573489996691088,0.08903815233418977
-0.22504460054379113,0.9844436608810767,0.04684120317274818
0.06881055830800419,0.961505495351116,0.01846167930010889
0.14796417063521836,0.9528220018051987,0.0388823752385295
0.22244132811516482,0.9445224498194954,0.044319076984226984
0.03305199695997767,0.9277123252305476,0.02850858370927308
0.12849655820060965,0.9106034963691713,0.053740157173670235
0.005935330025204896,0.9316124838102515,0.06867439630743181
0.0820183393933136,0.9600208582158851,0.0701851571038545
0.18715483753307482,0.9607080717018421,0.05469548467718265
-0.07507006642100561,0.9097339112834583,0.06529393727349747
-0.4371088914925597,0.9527096939734546,0.06991117360466327
0.02413021303064645,0.9080608957167974,0.06798997371430784
-0.271281554689279,0.915150467416264,0.0662485875360177
-0.022510290020590115,0.9713676231481043,0.06579652104356531
-0.25262087219553747,0.9787332263918513,0.06028956978953057
-0.06632512118197395,0.9105429123303155,0.05349754370831779
8.165101629162017,0.7616015204083935,0.5168492556164574
0.12911478001204277,0.9371538369109892,0.054252031852221154
0.04088044135764761,0.9528337481334348,0.021749975805508925
0.3035019724683974,0.9333221031266101,0.08503471594541516
-0.15632218776428364,0.9464066686533612,0.053632673834986114
0.38308994214097286,0.979563330598316,0.06034674501747306
-0.2251302663822088,0.9274203984133134,0.07078998288642119
0.30234172280034577,0.9770646593027923,0.06198306680709268
-0.40589624536524566,0.958933683971296,0.06208495369172153
0.17082761030249785,0.9540611772440278,0.09551288827339043
-0.19934904278205937,0.9581607963573564,0.07726697398214807
0.13663011370920614,0.9370526543720991,0.0819235821293474
0.10328042621088335,0.8782867633329028,0.0425574493472848
0.44137664689266387,0.970663514355221,0.028093092287510012
0.30149283543479194,0.9612912808661218,0.044809966306541396
0.07539409869446974,0.945087936239382,0.0465944831658256
-0.2058364089893484,0.8971705614458415,0.03246395845743674
-0.3807311949053023,0.9345600121390348,0.054999268093559144
-0.019328309957390963,0.9032850527220068,0.08815916424629985
-0.08734319231242821,0.9140925913744442,0.043363262983433834
-4.100086803425632,0.642326579945745,1.3541772467411486
-5.765196657688632,0.6570747448056962,0.5042759515208927
0.06393549018699315,0.9303174817000462,0.05826787982023425
-0.2948366055257458,0.9394974153164473,0.0508909609778702
0.031181278552341665,0.9236013466729532,0.09011750928204258
0.20409778966390713,0.9704389280315262,0.08431126493485899
0.020987646099423257,0.9495072476940174,0.04993035407226041
0.2230755839246574,0.9476842499142019,0.050178577930411805
-0.2591762504413093,0.9895074869664344,0.04286995487789336
-0.19613231268067538,0.947867031395972,0.05083729310197556
-0.034918525627363056,0.9680635365198524,0.0541165193640729
0.0741103617279146,0.9320576289504926,0.05513706476171001
-0.1613695544753897,0.950429963892926,0.0323489081249424
0.09584616227261963,0.8832787941392548,0.07330869787219006
-0.0545787750713099,0.9936290016670954,0.044326322619165894
0.22955694052512873,0.9158064700721508,0.08052762500117712
0.3015383103867435,0.953795888370991,0.04532852708779602
0.12520558530236361,0.9327026031054215,0.07760101672145507
0.3072171233800871,0.9756677478162589,0.03815226459425487
-0.08221614534732752,0.9962155757502706,0.027128320957397964
-0.09179876980708065,0.9749143775514688,0.03608587802188161
0.11544705973154418,0.9913617150669319,0.04149363345132526
-0.3852487158841231,0.9050843220852425,0.04113420915574177
-0.00432581849037589,0.9654783550386193,0.05333057105743672
0.017640270022539966,0.9199558042320515,0.06881500292035614
-0.13624667947951466,0.9301642696293437,0.047069951256487885
-0.15896463354588913,0.9866925780753285,0.02971822603100527
-0.004533244655566724,0.9530134807498706,0.06008213597394617
-0.049739302843015754,1.0,0.04065732072447112
0.19178987727567712,0.9174130902018303,0.04763325943313947
-0.004638870550508048,0.9842112591037504,0.028628728394310427
0.2536052748535284,0.9920149212655616,0.03629177254316637
-0.14503092474002396,0.9418353178520283,0.03692226887421786
-0.14244504911592878,0.957913315510355,0.08792201807801721
-0.27461414963566866,0.939118860987367,0.06274681785975297
-0.16179342364957902,1.0,0.020620058481446716
-0.12325786135433026,0.9968187106100729,0.057032440832228144
0.1265369546919351,0.8905907903769705,0.07473484224903101
0.10381767827502071,0.8884932514249467,0.014938053325038364
-0.2384575812765416,1.0,0.04404395536306193
-0.31576384825183945,0.9338586495537184,0.05041268572481048
0.004658614721086299,0.9983288074372452,0.038688199430641786
0.2775098313274046,0.937770324885094,0.05474347657509668
0.2522400203889181,0.9558883318688932,0.07589000049587055
0.26032839757201337,0.9527754423949951,0.05368631875498506
-0.09861184175528902,0.9727790107296008,0.05638685831035453
-0.12301946739078967,0.949502574379341,0.09612856659085103
-0.09013405145442303,0.9161657994234326,0.05930932894292197
-0.269270093949984,0.9444948196363343,0.06795495530063805
0.04854104745039147,0.9106989084400444,0.0696016948236429
-0.00043076489540266633,0.9519726734772321,0.043020779012971126
-0.16595282218577267,0.9495979167055936,0.01877860311269363
-0.14407769884481528,0.9493967164974467,0.05150419574580715
-0.1416671317592774,0.9490636275661627,0.03297359609250761
-0.13229793082659788,0.9080445920709875,0.08282424494201257
0.14846083225476644,0.9182054966814704,0.041715532089712196
-0.12527875798475416,0.9952560790120744,0.03885558255320112
0.02554545747598022,0.969062188397481,0.07025288638282044
0.1426569128008026,0.9165661753465754,0.07246036838628989
-0.06692471635439434,0.9704474388562062,0.03685915996247417
0.08213902805444862,0.9245565248434626,0.02682672125294539
-0.038271343897682636,0.970277090267923,0.08728050210649706
-0.05709031497495859,0.9496192837750795,0.08362632265600917
-0.0010820691217992698,1.0,0.07249769574484187
0.5012812121893457,0.9787391700055942,0.060521245994035786
0.0814859678384768,0.9575161045698979,0.05617147802560496
-0.17790406064802053,0.9265406788474619,0.05126204888608454
0.2439346174825491,0.9484424307237532,0.015699666286462167
-0.13421255402779114,0.9302176184811713,0.022770034313854957
0.31214647027827613,0.9004108170126183,0.07983941481480515
-0.03262723019682964,0.9303435260340942,0.05404610477538247
-0.1897123212914306,0.9845955611554404,-0.0027746115584420528
-0.2854853582101936,0.9381108677659699,0.049246537196424495
-0.09143044904736734,0.9064281330223108,0.016168673444454454
-0.3876107083281345,0.956985853346485,0.03825334325616804
0.04090149431930348,0.9332760602529391,0.08230843049118855
0.016960871064763103,0.9768537245099607,0.06778062080004041
0.14414882282905137,0.9529760777951751,0.06827016386487608
-0.03355943050195367,0.9812170538555269,0.08131191675153357
-0.21119512777016045,0.9685979681705679,0.07562574086035895
0.17014305116646142,0.9685861161039303,0.06133601769125741
0.26488404284393746,0.9657765571277264,0.07321367191425415
0.036629729457492995,0.896879682831877,0.050492671789547326
0.039468928351239836,0.9436183438961792,0.05319110272621787
-0.03115960038226924,0.9792644952697899,0.030230976179095675
0.30146055479564837,0.9288570332035583,0.05594480465387754
-0.2391939297812824,0.9502290637678753,0.020899264291021707
-0.3480921349692786,0.9707474510177372,0.05889960471833488
-0.29730622630744286,0.9485496144742898,0.0811189228326596
-0.06521995370055438,0.9364349961900575,0.04059781283926446
0.1361082843747637,0.9795951242298169,0.0661340549232339
-0.21152968273174638,0.9829341951584508,0.033884393303644775
-0.003997691090739713,0.9912692358949932,-0.02651677241243751
-0.1252058133840836,0.9991579559341692,0.059095376168273414
10.577134724779457,0.4347081479129014,0.5956310529249262
0.08746908841427409,0.9420253159273821,0.06363047090419338
-0.13719431206758795,0.975361341991489,0.08042121543025291
0.37676102674950807,0.966907158804847,0.04584960879895113
0.016187048306327122,0.9197943481266848,0.04981704074999264
-0.014030175953259278,0.9230648928207312,0.04086651896250657
0.002160258171217445,0.9832068192932759,0.05434584635546274
0.046246824089661825,0.9571169893491186,0.08122559560046175
0.12343600093694158,0.9504774411185167,0.035444363070205466
0.08499729921812149,0.9222068781647351,0.0703590664431033
-0.03651779317063232,0.9761354644702557,0.0617096682219781
-0.24681574694027275,1.0,0.019748083634857225
0.04794701262462234,0.9654233719879293,0.046495805970846266
0.08919517099990179,0.8990260018926084,0.06025511777400879
-0.35850529660260794,0.9291028186708468,0.04594146545847127
-0.09953170724913227,0.9477120658996836,0.029337555423841873
-0.20203745123862293,0.9679525686485594,0.022763017077473646
-0.1689386276981293,1.0,0.06996995843453865
-0.35877297877651093,0.9273627226952171,0.048876591290020525
-0.006670153601896308,1.0,0.039020439716734176
-0.06074311022856915,0.9413638518181332,0.044120171518317715
-0.22336668508313984,0.9636418420019819,0.036285873379011915
-0.038624570476550005,0.9226674603890319,0.04846861692727675
-0.3407988516253549,1.0,0.06502882455919001
-0.2868341066245632,0.951378653415664,0.04682310517872745
0.09238919242981461,0.9317024146027222,0.050862443540872784
12.753326669987487,0.5077627930257618,1.2883488825936373
0.1894092151839085,0.9583676206862641,0.019112154055009344
0.10942847366217255,0.9078370236684017,0.011298246584536417
0.08007158829878432,0.9678897802297523,0.06399256860464707
-0.3088230954954501,0.9070925268529136,0.06675870122347209
0.010883887453361048,0.9453128351850405,0.07627952532583251
14.152440101253665,0.7046889446241803,1.3857258861197077
-0.34644923361152097,0.9361056884937082,0.05598595275785749
0.07285283134283235,0.945308211320254,0.04939544700234559
0.2771777126186045,0.930729973219254,0.05428251816335897
-0.2983832200968158,0.9853818935392293,0.0539588229793978
0.3009828542386705,0.9272973132822755,0.04718734980771996
0.2740937990253611,0.9544784143339278,0.0607060186747255
-0.19900600964570087,0.9854056901411136,0.040963707097129605
0.28079038037520904,0.9309107776252727,0.036043748188563554
0.07406937468105289,0.9558636365663328,0.029295117846908213
0.020033727134683814,0.9638750143236914,0.023227662220847795
-0.06589488195248613,0.9839883329790868,0.05003830077745171
0.4164506329479891,0.9424056429920734,0.030688724535378024
0.05603873668133196,0.9688943912815079,0.04172658076279233
-0.2530758026044207,0.9604604579905232,0.08291671097336578
0.13979125965588068,0.9244082678766805,0.035489164345809114
-0.4218819697940546,0.9429440413749617,0.05721609200724053
0.22846535099553741,0.9694396533562216,0.07128151466124905
-0.0158787631175012,0.9220993839831255,0.07954035977307734
-0.011895905700599755,0.901030045304953,0.039049476230709035
0.4902952189112253,0.9297795920275675,0.04359847444612286
0.03456086100368913,0.9676520632143921,0.025563066344638688
-0.19792042481923547,0.9093556313938711,0.04277819299954241
-0.0830777826872056,0.9645419977595652,0.044950743133638456
-0.17182860551203596,0.95455617994043,0.04904890382121408
-0.02199273195155391,0.9540817947149285,0.06425146487622048
-0.42672469515329203,0.9730996412260114,0.06068966088526314
-0.018910059573380034,0.9756003528550392,0.07327656743809112
0.2122282046929338,0.9157004874157895,0.03431524374774019
-0.15728613425286558,0.9500061764095348,0.07902718641819514
0.19820844805015275,0.9342866606604759,0.04774655005011887
-4.974064092589763,0.7921903964265795,1.2643840830192798
-0.06307969610009434,0.9956069759822269,0.06315201778522254
0.10986575080873129,0.9373176611822647,0.025428820862852104
0.38533842411010905,0.9527293765231337,0.05513777678170403
0.28003872728074375,0.9653642273582939,0.0367554219796572
0.03197891936611197,0.9199090173564958,0.08570395009238604
-0.3137187420923575,0.9835427536366054,0.05970942810689339
0.011744801766062693,0.9260037614462935,0.022165613562542583
0.1038000833401849,1.0,0.06693686578829827
0.17472894698162672,0.9319431355936658,0.04218453130036402
-0.13622057011989142,0.936815643357758,0.052434424357561744
-0.08631461420797053,0.9074215799549751,0.04321151153662061
12.10155369577615,0.6067506128097854,0.9558860268947217
-0.21640149867646602,0.9562848942926013,0.05908821996600471
0.40867927484816413,0.9755919593074702,0.06040077039095823
0.11954869162381804,0.9380897875874145,0.07370027079976127
-0.04381326812987466,0.8890898990685212,0.05036386438788152
0.05361501512325587,0.8990476161275881,0.08452184706316902
-0.3070509750462035,0.980547247031667,0.059391468723254355
-0.14198309233273637,0.9467944267310563,0.04390231631155212
0.09218533712047353,0.9790998005123406,0.09618437203947536
0.05309385103683189,0.9225370573985586,0.024213962622901854
0.3722099688131413,0.9169390421739132,0.037498372277983964
0.3316051155020394,0.999393027735987,0.07428819035914497
-0.14875826238414644,0.9486407647777433,0.03038902825623683
-0.36156752298369543,0.9739193112297092,0.01480124472506595
0.24943508719738952,0.9535067489919488,0.04782059918058471
-0.039121451863048363,0.9729545705173098,0.048739756543894126
-0.2879960977773362,0.9150912334252861,0.0824142600830281
-0.05636694286735409,0.8874589842163543,0.04537679076258198
-0.18007797729642905,0.9893454131948765,0.06256107106989192
0.02551493036924934,0.94329721761349,0.054563382856197856
-0.09140709788203505,0.9588693514710236,0.07671923694650576
0.061401471689429624,0.950263735702543,0.023226070911913876
0.0890940032301172,0.9566705107564619,0.06909326228279934
0.21692742672259238,0.9272286142728233,0.0642936853705755
0.20677614129939637,0.956145803143774,0.05269268386582705
0.13591889309686214,0.9929950567560831,0.07037980848565191
-0.3226937299785243,0.9304317127332408,0.04787038638730881
-0.2395546811302931,0.9599951762678137,0.06486024180261933
0.10245025458687747,0.9693858145235178,0.0783257656469222
0.10205965729340286,0.9116785039466929,0.04309440602402831
0.09283035203617493,0.9807243161388146,0.062208395999348076
0.03630320011872737,0.9477052612394401,0.018689309987697612
-0.1388801237145833,0.9266081459812314,0.06282647128624608
-0.28790158004719085,0.9485316969747637,0.09158720778874851
0.2816591490296987,0.9283295021185078,0.05358574620853107
0.0055596252180097625,0.9460808512338882,0.05615168189682482
-0.32693044717755115,0.9804987746070714,0.03766457939793824
0.021947614338437255,0.9939243024109831,0.05357250960721152
-0.223859515007839,0.9739152965625509,0.05067897123386402
0.21462825173074265,0.9293794233902135,0.05651146280848646
0.21862460141393095,0.9714587199009885,0.07802268163240572
0.15387153135772452,0.9759372227471091,0.03965850822588201
-0.3236238194888393,0.9312008676873148,0.0596236330345101
-0.03624041455918502,1.0,0.07148705154383515
0.056039242316107546,0.8906866453501974,0.04119837865081396
0.107422996888107,0.9616272276974873,0.043112057056284535
-0.30047449782228686,0.9449503936509325,-0.008737219668413974
-0.057686468481753066,0.9800216381815671,0.007750007112165891
-0.16119966500588886,0.932187829924843,0.061205711893045085
0.2578437207198875,0.9811329200252995,0.05703802697048196
0.2188816419488161,0.9562607885005947,0.06512524116486958
0.7436358881375186,0.9726203180163129,0.021451852411302468
-0.5990454416987475,0.9005559030506443,0.020929845473933954
-0.02133903074367423,1.0,0.0383374151481192
0.306539294913132,0.9434807626072427,0.02099832242784573
0.06921233595444325,0.9477372049156908,0.07361371686789353
0.008526675632791787,1.0,0.024317174386645785
14.420862007973922,0.4050179294672973,1.0228910056633085
-0.43446955741492294,0.9859845099777611,0.026803192965375058
14.088047973713174,0.7143835990227558,0.8511290416651928
0.06568826381309352,0.9511579763799232,0.021207329932059166
0.05555598221769664,0.9954334714934748,0.024614513151793874
0.09427686846857035,0.9160061812983235,0.05825386472167864
0.19377460306022823,0.9405715272752555,0.04762233412577476
-0.3375569585148891,0.912156452579234,0.06580102662271209
0.09819762105434,0.9671238612180636,0.06299482878101202
-0.05489800206630588,0.9051467188547755,0.05232850487640724
0.26546603998242696,0.9095984463193295,0.05607810231081453
0.07239949147667628,0.9325323245637702,0.02654617081805051
0.06798267145413772,0.950913112418277,0.05298199241243467
-0.12858893555157477,0.9731018622349134,0.035994435514414266
-0.5852565473689603,0.8984232658636976,0.028544170910464482
0.06591574770512153,0.9042966511759328,0.04134782523497858
0.2791086415931464,0.9965857996522441,0.04679196287934606
-0.2871298877562674,0.9484504521696395,0.0852002965549114
0.3312328681253245,0.9423284719605796,0.0770301631216319
0.049853473556240986,0.9585155425705247,0.08078721728026987
0.11734894121298385,0.9222751020647897,0.08945795485579511
-0.27770178841134097,0.9441563097260927,0.05554083893048461
-0.2924268651303915,0.9572074564528313,0.05191171684515203
0.08415562416949975,0.9301695474651682,0.07164581125710763
0.025345377788497804,0.9025086816877438,0.019343992073677537
0.15051213608349212,0.956716487886859,0.06343211822994758
0.0393085158064504,0.9347219805553176,0.05244351291637227
-0.00015166219149095043,0.9134611280030245,0.07463105927933801
-0.37110187959326374,0.9323419869866832,0.05668084897362563
0.19946008500575352,0.9518298132580729,0.06584615743424484
0.49364184601760414,0.9493458504230206,0.01637241948288372
-0.010382275333303319,0.9653121915183462,0.011427099463679938
-0.4329042824700984,0.9520851032154571,0.06542166345407122
0.04742541208983714,0.944305234514759,0.014945794941610191
5.750129196648226,0.6579744135271574,0.5123963089309921
0.03470133498152423,0.9605453515607255,0.02902344135685305
-0.4963175545840899,0.9810287876164333,0.0341842971955297
-0.12219155608286857,0.9230086269890693,0.021273034749954525
-0.31088289920591783,0.9099498042567244,0.04772496941792436
-0.12080425163205194,0.9046797518653111,0.05225640488944766
0.021755243042011825,0.9357192007040488,0.050531897820725695
-0.27059362801147346,0.9306511128732051,0.07964726469390854
0.26633011069477636,0.9291134502374493,0.08353372794620341
0.07015526804095716,0.9790854709278409,0.04650625504961317
9.400373095592641,0.5211195214551058,0.6886975213759589
0.1019064212277068,0.9084044037782505,0.04090272053601805
-0.0942599325431022,0.9699206179783636,0.060189305058646565
-0.32437800876775247,0.9738013611958373,0.0632499198924569
-0.10232650367069043,0.9796290920100492,0.03689782561769671
0.06444107494693639,0.9704266912245697,0.07836376455381419
0.11603505291258438,0.985960873030047,0.022504824652468603
0.1110968193180751,0.9587521655754766,0.05209577797469911
-0.2456916035984357,0.9430633139655415,0.0541476526679616
